REGIÃO:;S
UF:;RS
ESTAÇÃO:;IBIRUBA
CODIGO (WMO):;A883
LATITUDE:;-28,65333333
LONGITUDE:;-53,11194444
ALTITUDE:;456
DATA DE FUNDAÇÃO (YYYY-MM-DD):;2012-12-13
DATA (YYYY-MM-DD);HORA (UTC);PRECIPITAÇÃO TOTAL, HORÁRIO (mm);PRESSAO ATMOSFERICA AO NIVEL DA ESTACAO, HORARIA (mB);PRESSÃO ATMOSFERICA MAX.NA HORA ANT. (AUT) (mB);PRESSÃO ATMOSFERICA MIN. NA HORA ANT. (AUT) (mB);RADIACAO GLOBAL (KJ/m²);TEMPERATURA DO AR - BULBO SECO, HORARIA (°C);TEMPERATURA DO PONTO DE ORVALHO (°C);TEMPERATURA MÁXIMA NA HORA ANT. (AUT) (°C);TEMPERATURA MÍNIMA NA HORA ANT. (AUT) (°C);TEMPERATURA ORVALHO MAX. NA HORA ANT. (AUT) (°C);TEMPERATURA ORVALHO MIN. NA HORA ANT. (AUT) (°C);UMIDADE REL. MAX. NA HORA ANT. (AUT) (%);UMIDADE REL. MIN. NA HORA ANT. (AUT) (%);UMIDADE RELATIVA DO AR, HORARIA (%);VENTO, DIREÇÃO HORARIA (gr) (° (gr));VENTO, RAJADA MAXIMA (m/s);VENTO, VELOCIDADE HORARIA (m/s);
2012-12-13;00:00;-9999;-9999;-9999;-9999;-9999;-9999;-9999;-9999;-9999;-9999;-9999;-9999;-9999;-9999;-9999;-9999;-9999;
2012-12-13;01:00;-9999;-9999;-9999;-9999;-9999;-9999;-9999;-9999;-9999;-9999;-9999;-9999;-9999;-9999;-9999;-9999;-9999;
2012-12-13;02:00;-9999;-9999;-9999;-9999;-9999;-9999;-9999;-9999;-9999;-9999;-9999;-9999;-9999;-9999;-9999;-9999;-9999;
2012-12-13;03:00;-9999;-9999;-9999;-9999;-9999;-9999;-9999;-9999;-9999;-9999;-9999;-9999;-9999;-9999;-9999;-9999;-9999;
2012-12-13;04:00;-9999;-9999;-9999;-9999;-9999;-9999;-9999;-9999;-9999;-9999;-9999;-9999;-9999;-9999;-9999;-9999;-9999;
2012-12-13;05:00;-9999;-9999;-9999;-9999;-9999;-9999;-9999;-9999;-9999;-9999;-9999;-9999;-9999;-9999;-9999;-9999;-9999;
2012-12-13;06:00;-9999;-9999;-9999;-9999;-9999;-9999;-9999;-9999;-9999;-9999;-9999;-9999;-9999;-9999;-9999;-9999;-9999;
2012-12-13;07:00;-9999;-9999;-9999;-9999;-9999;-9999;-9999;-9999;-9999;-9999;-9999;-9999;-9999;-9999;-9999;-9999;-9999;
2012-12-13;08:00;-9999;-9999;-9999;-9999;-9999;-9999;-9999;-9999;-9999;-9999;-9999;-9999;-9999;-9999;-9999;-9999;-9999;
2012-12-13;09:00;-9999;-9999;-9999;-9999;-9999;-9999;-9999;-9999;-9999;-9999;-9999;-9999;-9999;-9999;-9999;-9999;-9999;
2012-12-13;10:00;-9999;-9999;-9999;-9999;-9999;-9999;-9999;-9999;-9999;-9999;-9999;-9999;-9999;-9999;-9999;-9999;-9999;
2012-12-13;11:00;-9999;-9999;-9999;-9999;-9999;-9999;-9999;-9999;-9999;-9999;-9999;-9999;-9999;-9999;-9999;-9999;-9999;
2012-12-13;12:00;-9999;-9999;-9999;-9999;-9999;-9999;-9999;-9999;-9999;-9999;-9999;-9999;-9999;-9999;-9999;-9999;-9999;
2012-12-13;13:00;-9999;-9999;-9999;-9999;-9999;-9999;-9999;-9999;-9999;-9999;-9999;-9999;-9999;-9999;-9999;-9999;-9999;
2012-12-13;14:00;-9999;-9999;-9999;-9999;-9999;-9999;-9999;-9999;-9999;-9999;-9999;-9999;-9999;-9999;-9999;-9999;-9999;
2012-12-13;15:00;-9999;-9999;-9999;-9999;-9999;-9999;-9999;-9999;-9999;-9999;-9999;-9999;-9999;-9999;-9999;-9999;-9999;
2012-12-13;16:00;-9999;-9999;-9999;-9999;-9999;-9999;-9999;-9999;-9999;-9999;-9999;-9999;-9999;-9999;-9999;-9999;-9999;
2012-12-13;17:00;-9999;-9999;-9999;-9999;-9999;-9999;-9999;-9999;-9999;-9999;-9999;-9999;-9999;-9999;-9999;-9999;-9999;
2012-12-13;18:00;-9999;-9999;-9999;-9999;-9999;-9999;-9999;-9999;-9999;-9999;-9999;-9999;-9999;-9999;-9999;-9999;-9999;
2012-12-13;19:00;-9999;-9999;-9999;-9999;-9999;-9999;-9999;-9999;-9999;-9999;-9999;-9999;-9999;-9999;-9999;-9999;-9999;
2012-12-13;20:00;-9999;-9999;-9999;-9999;-9999;-9999;-9999;-9999;-9999;-9999;-9999;-9999;-9999;-9999;-9999;-9999;-9999;
2012-12-13;21:00;0;958,3;958,3;958,1;600,8;22,2;17,6;22,7;22,1;18,1;17,1;77;72;75;203;3,6;1,1;
2012-12-13;22:00;0;958,1;958,4;958,1;249,3;21,3;17,9;22,2;21,3;18;17,4;81;74;81;220;2,6;,7;
2012-12-13;23:00;0;957,7;958,1;957,6;5,7;19,8;17,8;21,3;19,8;18,4;17,8;89;81;88;135;1,7;,5;
2012-12-14;00:00;0;958,1;958,1;957,7;-9999;19,8;17,4;20,3;19,7;18;17,3;90;84;86;157;2,1;1,1;
2012-12-14;01:00;0;958,4;958,5;958,1;-9999;19,7;17,9;19,9;19,5;17,9;17,4;89;86;89;123;3,3;1,9;
2012-12-14;02:00;0;959;959;958,4;-9999;19,2;17,7;19,8;19,1;17,8;17,7;92;88;91;121;4,5;2,3;
2012-12-14;03:00;0;959,2;959,2;958,9;-9999;18,4;17,4;19,3;18,4;17,7;17,4;93;91;93;145;4,5;1,2;
2012-12-14;04:00;0;959,4;959,5;959,2;-9999;18,3;17,4;18,4;17,9;17,4;17,1;95;93;94;142;3,1;1,6;
2012-12-14;05:00;0;959;959,4;959;-9999;18,6;17,4;18,6;18,3;17,5;17,4;94;93;93;132;3,4;1,5;
2012-12-14;06:00;0;959;959,1;958,9;-9999;18,3;17,3;18,6;18,1;17,4;17,1;95;93;94;122;2,8;1,3;
2012-12-14;07:00;0;958,8;959;958,8;-9999;18;17;18,3;18;17,4;17;95;94;94;100;3,9;2,4;
2012-12-14;08:00;0;959;959;958,7;-9999;18;17;18,1;17,8;17,2;16,9;95;94;94;121;4,2;2,4;
2012-12-14;09:00;0;959,4;959,4;959;25;18;17;18;17,6;17;16,7;95;94;94;127;4,7;2,3;
2012-12-14;10:00;0;959,9;959,9;959,3;577,7;19,6;17,7;19,6;18;17,8;17;94;88;89;132;4,4;2,3;
2012-12-14;11:00;0;960,1;960,2;959,9;1556,3;21,2;18;21,2;19,5;18,3;17,6;89;81;82;113;7,6;4,5;
2012-12-14;12:00;0;959,9;960,2;959,8;2387,6;22,8;17,5;23,2;21,1;18,3;17,3;82;71;72;109;9,3;5,2;
2012-12-14;13:00;-9999;-9999;-9999;-9999;-9999;-9999;-9999;-9999;-9999;-9999;-9999;-9999;-9999;-9999;-9999;-9999;-9999;
2012-12-14;14:00;0;959,2;959,4;959,2;2805;26,6;17,4;26,6;25,3;18,4;16,3;62;56;57;88;-9999;3,9;
2012-12-14;15:00;0;958,6;959,2;958,6;3796,1;26,8;16,8;27,5;26,1;18,1;16,5;59;53;54;91;7,4;3,7;
2012-12-14;16:00;0;958,1;958,6;958,1;3677,6;27,9;16,1;28,3;26,8;18,4;16;59;49;49;110;7,3;2,9;
2012-12-14;17:00;0;957,4;958,1;957,4;3369;27,8;16,5;29,1;27,4;18,8;15,7;57;47;50;104;6,6;3,3;
2012-12-14;18:00;0;956,6;957,4;956,6;3461,9;29,3;16,3;29,7;27,7;16,7;14;51;40;45;88;7,1;3,2;
2012-12-14;19:00;0;955,8;956,6;955,8;2869,7;29,2;15,7;29,7;29,1;16,5;14,7;46;40;44;132;7,2;2,9;
2012-12-14;20:00;0;955,2;955,9;955,2;2148,1;28,9;15,4;29,4;28,7;16,6;14,9;47;42;44;136;7,8;2,7;
2012-12-14;21:00;0;954,8;955,2;954,8;1329,4;27,7;16,7;28,8;27,7;16,9;14,7;51;43;51;122;7,1;2,6;
2012-12-14;22:00;0;954,8;954,8;954,6;497,9;25,8;17,5;27,8;25,8;17,5;16,2;60;49;60;121;7,6;3,2;
2012-12-14;23:00;0;955,5;955,6;954,9;18,6;24;17,9;25,8;24;18;17,5;69;60;69;122;6,4;3,1;
2012-12-15;00:00;0;956,2;956,2;955,5;-9999;22,7;17,7;24;22,7;17,9;17,7;73;69;73;116;7,1;4;
2012-12-15;01:00;0;956,8;956,8;956,2;-9999;21,7;17,7;22,8;21,7;17,7;17,6;78;73;78;104;6,8;3,1;
2012-12-15;02:00;0;956,8;956,9;956,7;-9999;21,3;17,7;21,8;21;17,8;17,7;82;78;80;96;8;4,7;
2012-12-15;03:00;0;956,5;956,8;956,3;-9999;20,6;17,8;21,3;20,5;17,8;17,7;84;80;84;99;8;3,3;
2012-12-15;04:00;0;956,5;956,5;956,4;-9999;20,3;17,7;20,6;20,3;17,8;17,7;85;84;85;112;5,5;2;
2012-12-15;05:00;0;956,4;956,5;956,4;-9999;19,9;17,9;20,3;19,7;17,9;17,7;89;85;88;121;3,9;2,2;
2012-12-15;06:00;0;956,2;956,4;956,2;-9999;19,6;17,8;20,2;19,6;17,9;17,8;90;87;90;85;4,7;2,9;
2012-12-15;07:00;0;956;956,3;956;-9999;20;17,5;20,1;19,6;17,9;17,5;90;86;86;59;4,3;2,3;
2012-12-15;08:00;0;956,4;956,4;955,9;-9999;19,7;17,1;20,1;19,7;17,5;17,1;86;84;85;57;5;2,1;
2012-12-15;09:00;0;957,2;957,2;956,4;30,1;20,4;17,4;20,4;19,5;17,4;17,1;86;83;83;75;4,4;1,8;
2012-12-15;10:00;0;957,8;957,8;957,2;392,7;21;17,7;21,6;20;18;17,2;85;78;81;80;3,9;1,7;
2012-12-15;11:00;0;958,5;958,5;957,8;1171,1;23,3;17,8;23,4;20,9;18,4;17,6;82;71;71;56;3,9;2;
2012-12-15;12:00;0;958,5;958,5;958,4;2035,1;25,3;18,7;25,6;23,3;19;17,5;73;63;67;44;4,7;2;
2012-12-15;13:00;0;958,8;958,8;958,5;1385,1;25,5;18,4;25,9;25;19;17,9;69;63;65;307;4,5;,6;
2012-12-15;14:00;0;958,7;958,8;958,7;1890,9;26,3;18,5;26,6;25,5;19,5;18,1;67;61;62;28;4,2;1,5;
2012-12-15;15:00;0;957,8;958,7;957,8;2425,7;26,8;19,2;28;26,1;19,8;17,9;67;59;63;292;4,8;1,2;
2012-12-15;16:00;0;957,5;957,9;957,5;2764,4;27,9;18,3;28,6;26,4;20,1;18,2;65;55;56;207;3,7;1,5;
2012-12-15;17:00;0;956,9;957,5;956,9;2229,9;29,1;19,2;30;27,5;20,9;18,6;62;55;55;151;4,3;1,1;
2012-12-15;18:00;0;956,2;956,9;956,2;3184,6;30;18,6;30,2;28,4;20,1;17,7;59;49;50;200;5;1,5;
2012-12-15;19:00;0;955,7;956,2;955,7;2908,5;30,7;18,2;31,1;29,6;19,2;16,6;50;45;47;198;4,1;1,4;
2012-12-15;20:00;0;954,8;955,7;954,8;1930,8;29,4;18,1;31,2;29,3;19,5;17,3;51;45;51;160;4,4;1,3;
2012-12-15;21:00;0;955;955,2;954,8;372;28,9;20,1;29,4;28;20,4;17,9;62;50;59;195;4,4;1,4;
2012-12-15;22:00;0;955,3;955,3;954,9;302;27,5;20,1;29,3;27,5;20,3;19;65;56;64;173;4,9;1,5;
2012-12-15;23:00;0;955,5;955,5;955,1;21,9;26,9;20,3;27,5;26,4;20,8;20,1;71;63;67;147;4;1,5;
2012-12-16;00:00;0;956,2;956,2;955,5;-9999;25,7;18,9;26,9;25,7;20,4;18,4;69;63;66;134;4;1,5;
2012-12-16;01:00;0;956,6;956,6;956,2;-9999;24,2;20,1;25,7;24,2;20,3;18,9;78;66;78;130;3,7;1,6;
2012-12-16;02:00;0;956,8;956,9;956,6;-9999;23,6;20;24,2;23,3;20,3;20;82;78;80;117;4,1;2,5;
2012-12-16;03:00;0;956,4;956,8;956,4;-9999;23;19,6;23,6;22,7;20;19,6;84;80;81;113;3,9;2,5;
2012-12-16;04:00;0;955,9;956,4;955,9;-9999;22;19,4;23;21,8;19,6;19,4;87;81;85;102;3,9;2,2;
2012-12-16;05:00;0;955,6;955,9;955,6;-9999;20,6;19,2;22;20,6;19,3;19,1;91;85;91;137;3,4;,8;
2012-12-16;06:00;0;955,4;955,6;955,3;-9999;20,2;19,2;20,6;20,1;19,2;18,9;94;91;94;69;2;,9;
2012-12-16;07:00;0;955,4;955,5;955,2;-9999;19,9;18,8;20,3;19,9;19,2;18,7;94;93;93;73;1,9;1,1;
2012-12-16;08:00;0;955,7;955,7;955,4;-9999;19,8;18,7;20,1;19,8;19;18,7;94;93;93;120;2,9;1,7;
2012-12-16;09:00;0;956;956;955,7;24,4;19,8;18,6;19,9;19,5;18,8;18,5;94;93;93;115;3,8;2;
2012-12-16;10:00;0;956,4;956,4;956;626,8;21,6;19,4;21,6;19,8;19,4;18,6;93;87;87;96;3,5;2;
2012-12-16;11:00;0;957;957;956,4;1535,4;24,3;20,6;24,3;21,6;20,7;19,3;88;79;80;63;4,5;2,3;
2012-12-16;12:00;0;956,8;957;956,8;2176,4;26,4;21;26,4;24,3;21,4;20,3;81;72;72;64;3,9;1,7;
2012-12-16;13:00;0;956,5;956,8;956,5;2525,2;26,8;20,2;27,8;26;21,3;19,7;74;66;67;349;4,7;2,2;
2012-12-16;14:00;0;956;956,6;956;2812,2;29;20,7;29,4;26,5;21,9;19,8;73;56;61;354;5,6;1,9;
2012-12-16;15:00;0;955,3;956;955,3;3430,1;29,8;20,1;30,4;28,2;21;19,3;64;53;56;302;5,5;2,3;
2012-12-16;16:00;0;954,4;955,3;954,4;3091,4;30,7;19,2;30,9;29,6;21;18,8;58;50;50;270;6;1,7;
2012-12-16;17:00;0;953,3;954,4;953,3;3446,4;31,9;18,4;32,3;30,7;21,2;17,3;55;41;45;312;5,8;2,2;
2012-12-16;18:00;0;952,2;953,4;952,2;2294,3;32;18,9;32,7;30,9;19,9;17,9;51;42;46;34;5,8;1,3;
2012-12-16;19:00;0;951,4;952,2;951,4;1970,9;32,1;18,6;32,9;31,6;20;17,6;49;42;45;287;4,1;1,7;
2012-12-16;20:00;0;950,6;951,4;950,6;1476,2;31,9;19,5;32,2;31;20,4;18,1;51;44;48;344;3,5;1,4;
2012-12-16;21:00;0;950,8;950,8;950,5;1592,6;32,5;18,6;33;31,9;19,7;16,9;48;39;44;233;4,3;1,3;
2012-12-16;22:00;0;951,6;951,6;950,8;465,6;28,9;21,3;32,8;28,9;21,6;17,9;64;43;64;142;3,8;1;
2012-12-16;23:00;0;952,4;952,4;951,6;9,4;27,9;21,1;28,9;27,6;21,8;20,8;69;64;67;256;2,6;,6;
2012-12-17;00:00;0;952,8;952,8;952,4;-9999;28;19,6;28,1;27,1;21,2;19,5;70;60;60;285;5,3;3,1;
2012-12-17;01:00;1,4;955,4;955,8;952,7;2,2;18,9;17,5;28,1;18,8;20,2;15,5;92;56;92;271;17,9;6,5;
2012-12-17;02:00;,6;955,4;955,7;955,2;-9999;21,6;17;22,1;18,9;18,2;16,8;92;72;75;282;17,9;2,3;
2012-12-17;03:00;,4;953,4;955,4;953,4;-9999;20,4;17,4;21,8;20,4;17,8;16,6;83;73;83;285;5,9;2,9;
2012-12-17;04:00;0;953;953,4;952,9;-9999;19,7;16,4;20,6;19,5;17,3;16,2;83;77;81;262;5,1;1;
2012-12-17;05:00;0;953,2;953,6;953;-9999;19,2;16,9;19,9;19,1;17;16,5;87;81;87;61;4,1;1,9;
2012-12-17;06:00;0;953,6;953,6;953,1;-9999;19,7;16,5;19,8;19,2;17,2;16,5;87;82;82;355;6,4;2,6;
2012-12-17;07:00;0;953,7;953,8;953,4;-9999;19,1;15,6;20,5;19,1;16,4;15,2;82;72;81;271;6,2;1,5;
2012-12-17;08:00;0;954;954,1;953,7;-9999;18,6;15,6;19;18,3;15,8;15,5;85;81;83;288;3,8;2,2;
2012-12-17;09:00;0;954,8;954,8;954;15,2;18,4;15,5;18,6;18,2;15,6;15,3;84;82;83;279;3,8;1,8;
2012-12-17;10:00;0;955,6;955,6;954,8;547,5;20,1;16,3;20,1;18,4;16,3;15,4;83;79;79;274;4,7;1,9;
2012-12-17;11:00;0;956,1;956,3;955,6;1431;22,4;17,2;22,4;20,1;17,6;16,2;80;71;72;275;5,7;2,2;
2012-12-17;12:00;0;956,4;956,5;956,1;2242,6;24,4;16;24,5;22,3;17,6;16;73;59;60;241;5,7;2;
2012-12-17;13:00;0;956,2;956,5;956,1;2937,9;26;16,7;26,3;24,3;17,8;15,8;64;55;57;249;4,8;1,4;
2012-12-17;14:00;0;956,7;956,7;956,1;3462,1;27,5;16,2;27,9;25,6;18,2;16,1;59;50;50;213;4,3;2;
2012-12-17;15:00;0;957,2;957,2;956,7;3803,5;29;16,4;29,1;27,3;17,7;15,3;55;45;46;207;5,8;2,1;
2012-12-17;16:00;0;956,6;957,2;956,5;3911,5;30;17,2;30,2;28,9;18,2;15,4;51;41;46;222;5,2;1,5;
2012-12-17;17:00;0;956,5;956,7;956,4;3756,4;30,7;17;30,9;29,9;17,5;14,4;47;38;44;224;5,3;2,2;
2012-12-17;18:00;0;955,9;956,5;955,9;3402,5;31;15,4;31,6;30,2;17,3;14,4;45;37;39;214;5,7;2,1;
2012-12-17;19:00;0;955,4;955,9;955,4;2563,1;30,6;15,9;31,7;30,5;17,3;14;44;35;41;159;4,5;1,4;
2012-12-17;20:00;0;954,7;955,4;954,7;1900,8;30,9;14,3;31,3;30,3;17,7;13,1;46;34;36;167;4,5;1,9;
2012-12-17;21:00;0;954,4;954,7;954,4;1333,2;30;14,3;31,2;29,9;17;13,3;45;35;38;158;5;1,8;
2012-12-17;22:00;0;954,6;954,6;954,2;475,2;27,6;15,9;30;27,6;15,9;13,2;49;36;49;148;4,6;1;
2012-12-17;23:00;0;955,3;955,3;954,6;15,7;25,7;16,7;27,6;25,3;16,7;14,7;59;47;58;183;3;1,4;
2012-12-18;00:00;0;956;956;955,2;-9999;24,9;15,9;25,7;24,4;17,3;15,8;64;57;57;177;4;2,3;
2012-12-18;01:00;0;956,7;956,7;956;-9999;23,3;15,3;24,9;23,3;15,8;15,1;61;56;61;142;4,7;1,3;
2012-12-18;02:00;0;957;957,1;956,7;-9999;22,4;15,5;23,5;22,3;15,6;15,2;66;60;65;121;4,3;2,4;
2012-12-18;03:00;0;956,7;957;956,7;-9999;21,4;14,9;22,4;21,4;15,5;14,6;66;62;66;94;4,3;2,9;
2012-12-18;04:00;0;956,4;956,7;956,4;-9999;21,7;13,9;22,1;21,3;14,9;13,9;66;60;61;103;5,4;3,3;
2012-12-18;05:00;0;956,1;956,4;956,1;-9999;20,4;14,3;21,8;20,3;14,6;13,9;70;61;68;76;5,2;2,5;
2012-12-18;06:00;0;956;956,3;956;-9999;20,6;14,8;20,6;20,1;14,8;14,3;71;68;69;58;3,5;1,8;
2012-12-18;07:00;0;955,5;956;955,5;-9999;20,1;14,9;21,2;20,1;14,9;14,6;72;66;72;57;5;2,1;
2012-12-18;08:00;0;955,2;955,5;955,2;-9999;19,7;15,6;20,2;19,7;15,6;14,9;77;72;77;67;5,2;2,4;
2012-12-18;09:00;0;955,5;955,5;955,1;27,5;18,7;15,8;19,7;18,7;15,8;15,5;83;77;83;79;4,5;2,8;
2012-12-18;10:00;0;955,8;955,9;955,4;468,6;21,6;16,9;21,6;18,6;17;15,8;85;74;75;62;3,6;2,2;
2012-12-18;11:00;0;956,6;956,7;955,8;980,4;23,6;17,3;23,6;21,5;17,7;16,9;75;67;68;67;4,8;1,8;
2012-12-18;12:00;0;957,1;957,1;956,6;2061,9;26,6;17,7;26,7;23,6;18,7;17,2;70;57;58;25;4,2;1,9;
2012-12-18;13:00;0;956,7;957,1;956,7;2867,2;28,2;20,2;28,4;26,1;20,2;17,3;64;57;62;346;7;2,4;
2012-12-18;14:00;0;956,6;956,7;956,4;3386,2;29,5;20,1;30,2;28,2;21,3;19,6;62;55;57;337;6,2;2,7;
2012-12-18;15:00;0;956,4;956,6;956,3;3509,2;30,1;19,3;31,6;29,5;21,3;18;59;46;53;315;8,2;3,5;
2012-12-18;16:00;0;955,8;956,4;955,8;2646,2;31,7;19,6;31,9;30,1;21,2;18,5;55;48;49;327;5,7;2,5;
2012-12-18;17:00;0;955,4;955,9;955,4;2531,2;31,8;20,8;32,8;30,2;21,1;18,5;56;44;52;342;5,8;2,8;
2012-12-18;18:00;0;954,8;955,4;954,8;3175,6;33,4;19,3;33,5;31,3;20,9;18,1;53;42;43;2;7;2,7;
2012-12-18;19:00;0;953,9;954,9;953,9;1357,9;30,8;19,6;33,3;30,8;20,5;18,5;52;42;51;20;7;2,9;
2012-12-18;20:00;0;952,8;953,9;952,8;1823,9;31,9;19,2;32,1;30,7;19,8;18,3;52;44;47;17;7;3;
2012-12-18;21:00;0;953,2;953,4;952,8;1137,3;31,2;18,9;32,2;31,1;19,3;18;49;44;48;20;7,8;2,9;
2012-12-18;22:00;0;953,1;953,5;953;271,7;29,1;19,2;31,2;29;19,7;18,8;56;48;55;18;5,7;1,7;
2012-12-18;23:00;0;953,3;953,4;953,1;11,8;27,8;19,7;29,1;27,8;19,7;19,1;61;55;61;14;4,6;2,2;
2012-12-19;00:00;0;954,3;954,3;953,3;-9999;27,2;19,9;27,8;27,1;19,9;19,6;65;61;64;358;4,6;1,9;
2012-12-19;01:00;0;954,8;955,1;954,3;-9999;26,1;20,2;27,2;26,1;20,2;19,7;70;64;70;59;3,9;1,9;
2012-12-19;02:00;0;954,8;955;954,8;-9999;25,9;19,4;26,5;25,8;20,3;19,4;71;66;67;22;5,1;1,9;
2012-12-19;03:00;0;955,1;955,1;954,8;-9999;25,6;19,1;26,1;25,6;19,4;19;68;65;67;13;4,7;1;
2012-12-19;04:00;1;956,5;956,5;955;-9999;20,6;18,8;25,7;20,6;20;18,4;91;67;90;276;10,8;5,2;
2012-12-19;05:00;7,8;956,6;957;956,4;-9999;19,5;18,6;20,5;19,5;19,1;18,6;95;90;95;277;10,8;3,1;
2012-12-19;06:00;2,8;954,5;956,6;954,5;-9999;19,6;18,8;19,7;19,4;18,9;18,6;95;95;95;68;6,6;3,3;
2012-12-19;07:00;,2;954,8;954,8;954;-9999;19,9;17,8;20,1;19,6;18,8;17,6;95;86;87;7;7,9;3;
2012-12-19;08:00;0;955,3;955,4;954,8;-9999;19,8;17,7;20;19,5;18;17,6;91;86;88;326;7;2,8;
2012-12-19;09:00;0;955,7;955,7;955;43,4;20,4;17,9;20,5;19,7;17,9;17,6;88;85;86;349;7,3;2,9;
2012-12-19;10:00;0;956,5;956,5;955,7;312,6;20,3;18,5;20,4;20;18,6;17,9;91;86;89;24;7,3;2,5;
2012-12-19;11:00;0;956,5;956,6;956,4;578,3;21,4;19,2;21,4;20,3;19,2;18,4;90;86;88;72;5,2;2;
2012-12-19;12:00;0;956,6;956,7;956,4;1319,7;23,1;19,3;23,3;21,4;20,1;18,9;88;78;79;18;5,9;3;
2012-12-19;13:00;0;956,6;956,6;956,4;2087,5;24,7;19,6;24,9;23,1;20,1;18,9;81;72;73;17;5,9;3,2;
2012-12-19;14:00;0;956,5;956,7;956,5;2027,3;25,5;19,8;25,6;24,3;20,6;19,1;77;69;71;349;8,6;3,8;
2012-12-19;15:00;0;956,5;956,7;956,4;2147,2;26;19,6;26,6;25,5;20,6;19,3;72;66;68;342;8,7;4;
2012-12-19;16:00;0;956,4;956,6;956,3;2302,8;24,7;19,7;26,2;24,5;20,2;18,9;74;67;74;357;12;4,4;
2012-12-19;17:00;0;956,5;956,5;956,3;1975,9;24,2;19,4;24,8;24,1;19,5;18,4;75;70;75;324;11,7;4,3;
2012-12-19;18:00;0;955,7;956,5;955,7;1420,7;24;18,4;24,2;23,8;19,7;18,2;77;70;71;327;9,1;3,3;
2012-12-19;19:00;0;956,1;956,1;955,7;673,4;22,8;19,3;24,2;22,8;19,3;18,2;81;70;81;332;6,6;2,5;
2012-12-19;20:00;,6;954,3;956,1;954,3;362,4;22,1;19,6;22,8;22;20,1;19,2;89;80;86;22;5,1;2,3;
2012-12-19;21:00;0;953,3;954,4;953,2;429,6;22,5;20,1;22,5;22,1;20,3;19,8;89;85;86;68;5,1;,7;
2012-12-19;22:00;0;952,9;953,3;952,9;228,6;22,1;20,2;22,5;22,1;20,4;19,8;89;85;89;49;3,8;2,2;
2012-12-19;23:00;0;953,3;953,3;952,9;16,7;21,8;20,4;22,2;21,8;20,4;20,1;92;88;92;75;5,4;2,4;
2012-12-20;00:00;0;953,5;953,6;953,2;-9999;21,5;19,9;21,8;21,5;20,4;19,9;92;91;91;60;4,4;2,3;
2012-12-20;01:00;0;954,2;954,3;953,5;-9999;21,5;19,9;21,6;21,4;19,9;19,8;91;90;91;68;4,7;2,4;
2012-12-20;02:00;0;954,5;954,5;954,2;-9999;21,2;19,8;21,5;21,1;19,9;19,8;92;91;92;81;4,7;3,3;
2012-12-20;03:00;0;954,2;954,5;954,2;-9999;21,5;19,5;21,6;21,2;19,8;19,4;92;88;88;64;5,4;2,5;
2012-12-20;04:00;0;953,4;954,2;953,4;-9999;21,6;19,4;21,6;21,4;19,5;19,4;89;87;88;56;5,1;2,7;
2012-12-20;05:00;0;952,6;953,4;952,6;-9999;22,2;19,6;22,2;21,6;19,6;19,4;88;85;85;49;7,5;4,5;
2012-12-20;06:00;0;952,5;952,6;952,3;-9999;22,3;19,8;22,4;22;19,8;19,6;87;84;86;55;8;3,1;
2012-12-20;07:00;0;951,9;952,5;951,9;-9999;23;20,1;23,1;22,3;20,1;19,8;86;84;84;41;8,4;3,5;
2012-12-20;08:00;0;952,5;952,5;951,9;-9999;23,3;20,2;23,4;23,1;20,3;20,1;84;82;83;35;8,3;3,4;
2012-12-20;09:00;0;952,9;953;952,5;26,1;23,7;20,2;23,7;23,3;20,3;20,2;83;81;81;25;8,3;4,3;
2012-12-20;10:00;0;953,1;953,1;952,8;468;25,1;20,5;25,1;23,7;20,7;20,2;81;75;75;12;10;3,7;
2012-12-20;11:00;0;953,8;953,8;953,1;1286,5;26,3;20,8;26,3;25,1;20,9;20,4;76;70;72;348;11,8;5,1;
2012-12-20;12:00;0;954,1;954,4;953,8;2099,7;27,7;21,1;27,8;26,2;21,6;20,5;72;67;68;342;12,5;5,1;
2012-12-20;13:00;0;954,1;954,2;953,9;2686,4;29,3;21,1;29,5;27,5;21,9;20,9;69;61;61;325;13,7;6,4;
2012-12-20;14:00;0;954,2;954,3;953,9;2802,6;29,8;20,3;30,3;29,2;21,6;20,2;62;57;57;319;18,2;10;
2012-12-20;15:00;0;953,7;954,2;953,7;3042,9;30,8;20,5;30,9;29,7;21,7;19,8;60;53;54;314;19,4;9,8;
2012-12-20;16:00;0;952,8;953,8;952,8;3171,8;31,9;21,3;31,9;30,4;21,5;20,1;57;53;54;320;17,4;7,6;
2012-12-20;17:00;1,8;955,3;955,4;952,6;1576,2;19,5;17,7;32;19,5;21,5;17,1;90;51;90;225;16,8;6,7;
2012-12-20;18:00;10,6;956,4;956,4;955,3;395,3;19,8;19,1;19,8;18,9;19,1;17,8;95;90;95;228;15,2;3,2;
2012-12-20;19:00;1,6;956,7;956,9;956,4;523,9;19,7;18,2;19,9;19,6;19;18,2;95;91;91;221;7,5;2;
2012-12-20;20:00;,6;956,8;956,9;956,6;480,8;20,6;19;20,7;19,6;19,6;18,3;94;90;90;31;4,5;1,8;
2012-12-20;21:00;0;956,8;956,9;956,4;322,7;20,7;18,9;20,9;20,5;19,5;18,6;93;88;90;43;5,4;2,5;
2012-12-20;22:00;0;956,3;956,8;956,3;194,5;20,3;18,2;20,7;20,2;18,8;18,1;91;87;88;52;6,1;3;
2012-12-20;23:00;0;956,5;956,7;956,3;12,2;20,2;18,2;20,3;20,1;18,3;18,1;89;87;89;49;5,4;2,2;
2012-12-21;00:00;0;956,9;956,9;956,5;-9999;20,1;18,5;20,3;19,9;18,7;18,2;93;88;90;66;3,5;1,2;
2012-12-21;01:00;0;957,3;957,3;956,7;-9999;19,8;18,6;20,1;19,7;18,6;18,4;93;90;93;359;2,6;,5;
2012-12-21;02:00;0;957,3;957,3;956,9;-9999;19,5;18,5;19,8;19,4;18,7;18,4;95;93;94;104;2,4;1,2;
2012-12-21;03:00;0;956,8;957,4;956,8;-9999;19,5;18,7;19,7;19,5;18,8;18,5;95;94;95;66;3,7;1,8;
2012-12-21;04:00;0;956,8;956,9;956,7;-9999;20,4;18,8;20,4;19,5;18,9;18,7;95;90;90;45;4,2;2,1;
2012-12-21;05:00;0;956,5;956,9;956,5;-9999;20;19;20,5;20;19;18,7;94;90;94;97;4,2;1,7;
2012-12-21;06:00;0;956,3;956,6;956,1;-9999;21,4;19,4;21,4;19,9;19,4;19;95;88;89;181;8,7;3,5;
2012-12-21;07:00;0;956,3;956,8;956,2;-9999;20;18,3;21,4;20;19,2;18,3;92;89;90;160;8,7;2,5;
2012-12-21;08:00;2,2;957,5;957,5;955,9;-9999;19,5;18,4;20;19,4;18,5;18,3;94;90;94;213;7,7;1,8;
2012-12-21;09:00;4;958;958,4;957,5;,9;18,9;18;19,5;18,9;18,4;17,8;94;92;94;154;9;3,4;
2012-12-21;10:00;8,2;958,8;959,9;958;15,5;18,6;17,8;18,9;18,6;18;17,7;95;93;95;155;10,4;3,5;
2012-12-21;11:00;6,8;960,8;960,8;958,7;90,7;18,6;17,9;18,8;18,6;18;17,8;95;94;95;218;7,8;2,7;
2012-12-21;12:00;6,4;961,3;961,5;960,8;256,9;18,9;17,9;19;18,6;18,1;17,8;96;94;94;143;7;2,3;
2012-12-21;13:00;1,2;962,1;962,5;961,3;315,2;19;17,8;19,1;18,9;18,1;17,8;94;93;93;117;6,2;2,6;
2012-12-21;14:00;,8;961,7;962,1;961,5;618,6;19,6;18,3;19,6;19;18,4;17,8;94;92;92;100;8,2;3,3;
2012-12-21;15:00;,2;961;961,7;960,9;986,9;19,9;17,9;19,9;19,6;18,4;17,6;92;87;88;112;9,4;5,1;
2012-12-21;16:00;0;961,3;961,8;961;987,6;20,7;17,8;20,8;19,9;18,9;17,8;90;83;84;116;8,8;2,9;
2012-12-21;17:00;,4;960,8;962,4;960,8;1595,3;22,1;19,1;22,1;20,5;19,4;17,2;88;81;83;82;8,9;4,5;
2012-12-21;18:00;0;960,2;961,2;960,2;2129,8;22,2;18;22,7;21,8;19,5;17,4;84;75;77;78;9,1;4,7;
2012-12-21;19:00;0;960,7;960,9;959,7;1044,1;22,3;18,2;22,3;21,8;18,4;17,6;79;75;78;125;9,7;2,8;
2012-12-21;20:00;0;960,9;961,5;960,2;485;22,1;18,3;22,7;21,7;18,7;17,8;81;75;79;133;6,5;2,4;
2012-12-21;21:00;0;961,6;962,1;960,9;715,1;22,7;18,2;22,7;22;18,5;17,2;79;74;76;142;7;1,6;
2012-12-21;22:00;0;962,4;962,4;961,1;689,7;21,4;17;23;21,4;18,1;16,5;76;71;76;141;7,8;1,9;
2012-12-21;23:00;0;962,9;962,9;962,4;44;20,6;17,5;21,4;20,5;17,7;17;84;76;83;135;4,1;1,4;
2012-12-22;00:00;0;963,5;963,5;962,9;-9999;20,3;17,3;20,6;20,3;17,5;17,2;83;82;83;145;5,4;1,7;
2012-12-22;01:00;0;963,8;963,9;963,4;-9999;20,1;17,2;20,3;19,8;17,4;17,2;85;83;83;127;6;3,1;
2012-12-22;02:00;0;963,9;963,9;963,7;-9999;19,1;17,2;20,1;19,1;17,3;17,2;89;83;89;134;5,9;2,2;
2012-12-22;03:00;0;964;964,2;963,9;-9999;19,1;16,9;19,2;18,7;17,3;16,9;91;87;87;131;5,9;2,4;
2012-12-22;04:00;0;964;964,2;963,9;-9999;18,7;16,4;19,2;18,7;16,9;16,4;88;86;87;119;6;2,8;
2012-12-22;05:00;0;963,6;964;963,5;-9999;17,7;16;18,7;17,7;16,5;16;90;87;90;127;5,7;2,5;
2012-12-22;06:00;0;963,4;963,7;963,4;-9999;16,9;15,7;17,8;16,9;16;15,7;92;90;92;138;4,4;1,9;
2012-12-22;07:00;0;963,2;963,4;963,1;-9999;16,8;15,6;17,1;16,7;15,8;15,6;93;92;93;146;4,4;1,6;
2012-12-22;08:00;0;963,5;963,6;963,2;-9999;16,8;15,4;17;16,7;15,6;15,4;93;91;92;143;4,6;1,8;
2012-12-22;09:00;0;963,9;963,9;963,5;28,5;17,1;15,4;17,1;16,7;15,5;15,3;92;90;90;131;4,4;2,3;
2012-12-22;10:00;0;964,3;964,3;963,9;540,8;18,5;15,8;18,5;17,1;16,1;15,4;90;84;84;118;5;2,9;
2012-12-22;11:00;,2;964,4;964,5;964,3;1258,6;19,8;16,2;19,8;18,5;16,5;15,8;85;80;80;120;7,9;4,4;
2012-12-22;12:00;0;964,2;964,4;964,2;2190,8;21,8;16,3;21,8;19,8;16,5;15,7;80;71;71;104;9;4,8;
2012-12-22;13:00;0;963,8;964,2;963,8;2918,1;23,5;16;23,5;21,6;16,3;15,2;71;60;63;108;9,5;5,3;
2012-12-22;14:00;0;963,5;963,8;963,4;3494,4;25,7;16,3;25,7;23,4;16,9;15,1;63;55;56;104;9,4;5;
2012-12-22;15:00;0;963,2;963,5;963,2;3825,4;26,5;16,4;26,7;25,1;17;15,3;58;51;54;96;10,4;5,8;
2012-12-22;16:00;0;962,8;963,2;962,8;3948,4;27,4;17;27,9;26,5;18,2;16,1;56;51;53;92;9,9;4,4;
2012-12-22;17:00;0;962,4;962,8;962,3;3390,3;28,5;18,7;28,6;27,3;19,1;17,1;58;52;55;87;9,9;4,6;
2012-12-22;18:00;0;962,1;962,4;962,1;2659,7;27,9;17,9;29,3;27,1;19,6;17,4;59;52;55;92;9,6;4,7;
2012-12-22;19:00;0;961,5;962,1;961,5;2647,3;28,2;18,3;28,8;27,6;19,1;17,7;58;52;55;104;9,4;4,4;
2012-12-22;20:00;0;960,9;961,5;960,9;2220,7;28;18,4;28,6;27,8;19,2;17,7;59;53;56;130;9;4;
2012-12-22;21:00;0;960,8;961;960,8;1347,1;26,4;18;28;26,4;18,6;18;61;55;60;122;10,3;5,1;
2012-12-22;22:00;0;961;961;960,8;548;24,9;18;26,4;24,9;18,3;17,7;65;60;65;117;10,2;4,4;
2012-12-22;23:00;0;961,3;961,4;961;29,6;23,3;17,8;24,9;23,3;18;17,7;71;65;71;116;8,7;4,6;
2012-12-23;00:00;0;961,9;961,9;961,3;-9999;22,2;17,5;23,4;22,2;17,8;17,4;75;70;75;99;9;5,4;
2012-12-23;01:00;0;962,4;962,4;961,9;-9999;21,2;17,7;22,2;21,2;17,7;17,5;81;75;80;91;10,2;4,9;
2012-12-23;02:00;0;962,7;962,8;962,4;-9999;21,2;18;21,2;20,4;18,1;17,7;86;80;82;74;7,6;4,1;
2012-12-23;03:00;0;962,7;962,8;962,7;-9999;21;17,1;21,6;20,9;18;17,1;82;78;79;72;8,2;4,5;
2012-12-23;04:00;0;962,4;962,7;962,4;-9999;20,3;16,2;21;20,2;17,1;16,2;80;76;77;72;7,6;4,6;
2012-12-23;05:00;0;961,6;962,4;961,6;-9999;19,7;15,1;20,3;19,7;16,2;15,1;77;74;75;65;7,8;3,9;
2012-12-23;06:00;0;961;961,7;960,9;-9999;19,2;14,9;19,7;19,2;15,1;14,9;76;74;76;63;8;3,9;
2012-12-23;07:00;0;960,8;961;960,8;-9999;18,8;15,1;19,2;18,8;15,1;14,9;79;76;79;75;8,1;4,7;
2012-12-23;08:00;0;960,8;960,9;960,8;-9999;18,6;15;18,8;18,5;15,1;15;80;79;80;66;8,1;3,9;
2012-12-23;09:00;0;961,2;961,2;960,8;19,1;18,8;15,3;18,8;18,4;15,3;14,9;81;79;80;69;7,2;3,3;
2012-12-23;10:00;0;961,7;961,7;961,1;468,5;20,5;15,8;20,5;18,8;15,8;15,2;80;74;74;61;6,9;3,7;
2012-12-23;11:00;0;961,9;961,9;961,6;1319,2;22,4;16,2;22,5;20,5;16,6;15,5;74;68;68;57;8,6;4;
2012-12-23;12:00;0;962,2;962,2;961,9;2121;24,5;17,3;24,7;22,4;17,6;16,3;69;63;64;44;7,8;4,4;
2012-12-23;13:00;0;962,5;962,5;962,2;2805,8;26,6;17,9;26,9;24,5;18,9;17;65;58;59;56;7,8;3,2;
2012-12-23;14:00;0;962,5;962,6;962,4;3339,7;28,3;19,2;28,5;26,5;19,8;17,8;63;55;58;10;6,9;2,9;
2012-12-23;15:00;0;962,2;962,5;962,2;2964,4;29,8;19,6;30,1;27,6;20,5;18,5;61;53;55;336;6,9;2,9;
2012-12-23;16:00;0;961,6;962,2;961,6;3652,2;30,7;20,1;30,8;29,4;20,4;18,5;57;50;53;321;7,2;3,2;
2012-12-23;17:00;0;960,9;961,6;960,9;3275,8;31,4;19,5;31,5;30,1;21,1;18,7;56;49;49;317;6,5;2,5;
2012-12-23;18:00;0;960,4;960,9;960,4;2612,3;30,8;19,1;32,5;30,7;20,7;18,1;53;46;50;314;5,8;2,3;
2012-12-23;19:00;0;959,7;960,4;959,7;2663,8;32,4;19;33;30,8;20,6;18,4;52;44;45;328;4,4;1,6;
2012-12-23;20:00;0;959,3;959,8;959,3;1483,6;30,1;20,3;32,8;30,1;20,5;17,8;57;42;56;51;4,3;1,9;
2012-12-23;21:00;,2;959,1;959,4;958,9;518,5;27,7;22,4;30,1;26,9;23,6;20,4;75;56;73;255;6,5;1,3;
2012-12-23;22:00;0;959,1;959,4;959,1;161,1;25,5;21;27,7;25,4;22,9;21;78;69;76;324;9,7;3,3;
2012-12-23;23:00;0;959,1;959,1;958,9;32,3;27,4;20,7;27,9;25,4;21;19,3;77;59;67;323;5,8;1,2;
2012-12-24;00:00;0;959,3;959,3;959;-9999;26,1;20,4;27,4;25;21,5;19,7;80;64;71;9;2,7;1,5;
2012-12-24;01:00;0;959,9;959,9;959,3;-9999;26,3;19,7;27;25,9;20,5;19,4;71;63;67;323;2,4;1,5;
2012-12-24;02:00;0;960,2;960,2;959,9;-9999;25,4;20,5;27,2;24,7;20,6;19,3;77;62;74;1;3,1;1,6;
2012-12-24;03:00;0;959,8;960,2;959,8;-9999;26,5;19,8;26,5;24,9;20,9;19,6;78;66;67;344;3,7;2,4;
2012-12-24;04:00;0;959,2;959,8;959,2;-9999;23,4;20,9;26,6;23,4;20,9;19,8;85;67;85;99;3,7;,8;
2012-12-24;05:00;0;958,8;959,2;958,8;-9999;22,7;21,1;23,4;22,7;21,3;20,8;91;85;91;55;1,8;1,1;
2012-12-24;06:00;0;958,6;958,9;958,6;-9999;23;21,1;23;22;21,1;20,8;93;89;89;53;4,2;2,5;
2012-12-24;07:00;0;958,5;958,6;958,4;-9999;23;21,1;23,6;23;21,2;20,9;89;86;89;62;4,6;1,8;
2012-12-24;08:00;0;958,7;958,7;958,4;-9999;22,8;20,9;23;22,1;21;20,8;93;89;89;50;4,1;2,6;
2012-12-24;09:00;0;959,3;959,3;958,7;17,2;23,2;20,4;23,2;22,8;20,8;20,4;89;85;85;47;4,5;1,6;
2012-12-24;10:00;0;959,8;959,8;959,3;451,2;24,7;21;24,7;23,2;21,1;20,4;84;79;80;56;4,4;1,8;
2012-12-24;11:00;0;960,1;960,1;959,8;1286;26,2;21,3;26,6;24,7;21,6;20,9;81;72;74;46;5,4;2,9;
2012-12-24;12:00;0;960,2;960,3;960,1;2081,3;28,2;21,7;28,2;26,2;21,8;20,9;76;66;68;16;7,5;2,9;
2012-12-24;13:00;0;959,8;960,2;959,8;2783,2;29,4;20,9;30,1;28,2;22,7;20,7;68;59;61;3;7,3;3,1;
2012-12-24;14:00;0;959,3;959,8;959,3;3336,8;30,5;21,8;30,8;29,1;22,6;20,6;63;57;60;348;7,4;3,1;
2012-12-24;15:00;0;958,7;959,3;958,7;3659,4;31,7;21;32,1;30,2;22,5;20,9;62;53;53;342;7,4;2,8;
2012-12-24;16:00;0;958,2;958,7;958,2;3668,6;32,6;21,1;33,3;31,4;22,9;21;58;50;51;337;6,7;2,7;
2012-12-24;17:00;0;957,4;958,2;957,4;3395,3;33;20,1;33,8;32,2;22,3;20,1;54;46;47;331;5,9;2,3;
2012-12-24;18:00;0;956,5;957,4;956,5;3428,6;33,6;21,1;34,6;33;22,1;19,8;50;43;48;18;6,3;3,1;
2012-12-24;19:00;0;955,9;956,5;955,9;2566,8;33,7;19,3;34,4;33,5;21,7;19,1;49;42;43;356;6,1;2,8;
2012-12-24;20:00;0;955,1;955,9;955,1;2131;33,3;18,8;34,1;33,3;20,6;18,5;46;41;42;357;5,9;2,6;
2012-12-24;21:00;0;954,6;955,1;954,6;1353,6;32,7;19,4;33,5;32,7;19,9;18,4;46;42;46;354;6,8;2,2;
2012-12-24;22:00;0;954,1;954,6;954;549,6;31,1;19,9;32,7;31,1;20,3;19,3;52;45;51;359;6,3;1,9;
2012-12-24;23:00;0;953,8;954,1;953,7;22,3;29,7;19,3;31,1;29,7;19,8;19,1;54;50;54;344;4,6;1,9;
2012-12-25;00:00;0;953,8;953,9;953,6;-9999;29;20,4;29,7;28,9;20,4;19,3;60;54;60;347;5,5;2,7;
2012-12-25;01:00;0;953,9;954;953,8;-9999;28,2;21;29;28,2;21,1;20,5;65;60;65;350;5,6;2,4;
2012-12-25;02:00;0;954,1;954,1;953,9;-9999;27,3;21;28,2;27,2;21,2;21;69;65;69;337;5,6;2,1;
2012-12-25;03:00;0;953,7;954,1;953,7;-9999;26,5;20,7;27,3;26,3;21;20,7;72;69;71;354;5,8;2,3;
2012-12-25;04:00;0;953,4;953,7;953,2;-9999;25,7;21;26,6;25,7;21,1;20,7;76;70;76;9;5,8;1,8;
2012-12-25;05:00;0;953;953,4;953;-9999;25;21,1;25,8;24,9;21,2;21;80;75;79;17;3,9;1,6;
2012-12-25;06:00;0;952,9;953;952,8;-9999;24,5;20,9;25,2;24,4;21,2;20,9;81;78;81;54;3,6;1,4;
2012-12-25;07:00;0;952,5;952,9;952,5;-9999;24,1;20,7;24,5;24;21;20,7;82;80;81;46;4,3;2,1;
2012-12-25;08:00;0;952,6;952,6;952,3;-9999;24;20,6;24,3;24;20,7;20,6;82;80;82;11;4,8;2;
2012-12-25;09:00;0;953;953,1;952,6;12,6;24,9;20,8;24,9;23,9;20,8;20,6;82;78;78;356;6,1;2,8;
2012-12-25;10:00;0;953,8;953,8;953;452,4;26;21;26;24,9;21;20,7;78;73;74;338;10,7;4,2;
2012-12-25;11:00;0;954,5;954,5;953,8;1288,4;27,3;21,4;27,3;26;21,5;20,9;74;70;70;319;10,5;5,6;
2012-12-25;12:00;0;955;955;954,5;2077,8;29,5;21,3;29,5;27,2;21,7;20,9;71;60;62;318;9,8;5,6;
2012-12-25;13:00;0;955,1;955,2;954,9;2774,9;30,6;20,1;30,7;29,5;21,8;19,5;63;52;54;317;13,5;7,8;
2012-12-25;14:00;0;955,3;955,4;955,1;3333,5;32,2;21;32,4;30,6;21,3;19,7;55;50;52;312;13,5;6,8;
2012-12-25;15:00;0;954,9;955,3;954,9;3541,2;32,6;20,2;32,7;31,8;20,8;19,6;52;47;48;319;15,9;7,1;
2012-12-25;16:00;0;954,5;954,9;954,5;3453,5;33,3;19,6;33,4;32,4;21;19,1;49;44;45;320;14,5;7,3;
2012-12-25;17:00;0;954,1;954,5;954;3685,8;34,4;18,3;34,6;33,1;19,8;17,5;45;37;39;310;13,5;7;
2012-12-25;18:00;0;953,6;954,1;953,5;3282,3;34,5;16,4;34,9;33,7;18,8;16,2;41;34;34;313;13,8;7,3;
2012-12-25;19:00;0;953,2;953,6;953,1;2847,1;34,5;17;34,7;34,1;17,5;15,8;37;33;35;299;14,3;5,8;
2012-12-25;20:00;0;953,2;953,4;953,1;2246;33,8;18,4;34,7;33,8;18,7;16,3;41;34;40;314;12,7;6,2;
2012-12-25;21:00;0;952,9;953,2;952,8;1343,8;32,9;18,5;33,8;32,9;18,8;17,7;43;38;43;314;10,8;6,3;
2012-12-25;22:00;0;953,1;953,1;952,8;541,9;31,5;18,9;32,9;31,5;19,2;18,6;47;43;47;316;10,5;4,6;
2012-12-25;23:00;0;954;954;953,1;24,8;30;19;31,5;30;19,1;18,7;52;47;52;321;7,4;2,5;
2012-12-26;00:00;0;955,1;955,1;954;-9999;29,5;19,2;30,1;29,4;19,2;19;54;51;54;332;5,4;2,1;
2012-12-26;01:00;0;956,4;956,4;955,1;-9999;29,2;19,4;29,5;28,6;19,5;19,1;57;54;56;334;4,3;2,1;
2012-12-26;02:00;0;956,3;956,5;956,3;-9999;28,7;19,3;29,2;28,4;19,7;19,3;59;56;57;342;5,1;2,9;
2012-12-26;03:00;0;956,3;956,5;956,3;-9999;28,2;20;28,8;27,3;20,2;19,3;65;57;61;325;6,3;3,3;
2012-12-26;04:00;0;955,9;956,3;955,8;-9999;27,5;20,1;28,3;27,4;20,1;19,9;64;61;64;330;6,3;2,7;
2012-12-26;05:00;0;955,3;955,9;955,3;-9999;26,7;20,2;27,5;26,7;20,3;20,1;68;64;67;342;5,5;2,6;
2012-12-26;06:00;0;954,7;955,3;954,7;-9999;26,3;20;26,7;25,9;20,2;19,9;70;67;68;347;5,9;2,5;
2012-12-26;07:00;0;954,3;954,7;954,3;-9999;26,2;19,9;26,7;26,2;20;19,8;68;67;68;360;5,8;2,4;
2012-12-26;08:00;0;954,3;954,4;954,2;-9999;25,3;20;26,2;25,3;20;19,8;73;68;72;5;6,1;2,5;
2012-12-26;09:00;0;954,4;954,5;954,3;12,5;26,1;20,3;26,1;25,3;20,3;20;72;70;70;351;8;3,8;
2012-12-26;10:00;0;954,9;954,9;954,4;303,1;26,6;20,7;26,6;26;20,7;20,3;71;70;70;343;8,6;4,4;
2012-12-26;11:00;0;955,9;955,9;954,9;988,1;27,6;21;27,6;26,6;21,1;20,6;71;67;67;317;9,1;4,6;
2012-12-26;12:00;0;956,6;956,6;955,9;1517,3;29,3;20,9;29,3;27,6;21,5;20,5;68;61;61;316;9,7;5,7;
2012-12-26;13:00;0;957,3;957,3;956,6;1526;28,2;21,1;30;28,1;21,1;20,1;65;56;65;273;11;3,9;
2012-12-26;14:00;0;958;958;957,3;1660,5;27,9;22,8;28,5;27,1;22,8;21;77;65;74;237;9,3;2,8;
2012-12-26;15:00;,6;959,1;959,1;958;609,6;20,4;18,8;27,9;20,4;22,7;18,7;90;72;90;216;12,7;5,7;
2012-12-26;16:00;7;959,8;959,8;959,1;73,1;18,7;17,9;20,4;18,6;18,8;17,7;95;90;95;183;9,6;1,3;
2012-12-26;17:00;,8;960,3;960,3;959,5;246,1;19,3;18,3;19,3;18,6;18,4;17,8;95;93;94;200;4,5;1,5;
2012-12-26;18:00;,4;960,3;960,8;960,2;856,6;20,6;18,8;20,7;19,2;19,3;18,2;95;88;89;149;6;1,9;
2012-12-26;19:00;0;960,6;960,6;959,8;483,5;20,3;18,5;20,7;20;19,4;18,2;93;86;90;50;6,6;2,9;
2012-12-26;20:00;,6;959,7;960,6;959,4;903,1;21;18,5;21,2;20,3;19,1;18,1;91;85;85;114;5,3;2,2;
2012-12-26;21:00;0;959,5;959,7;959;638,3;20,6;18,2;21,3;20,6;19,2;18;89;84;86;122;6,4;2,4;
2012-12-26;22:00;0;959,9;960;959,4;184,7;20,7;18,7;20,8;20,6;18,8;18,2;89;85;88;153;4,6;1,3;
2012-12-26;23:00;0;960,1;960,3;959,8;10,4;19,3;18,2;20,7;19,3;18,7;18,1;93;87;93;159;4,9;1,4;
2012-12-27;00:00;0;960,6;960,8;959,9;-9999;18,6;17,7;19,3;18,6;18,2;17,7;95;93;94;172;4,7;1,5;
2012-12-27;01:00;0;961,3;961,3;960,6;-9999;19;17,6;19;18,6;17,9;17,6;95;92;92;151;4,1;1,3;
2012-12-27;02:00;0;961;961,5;960,9;-9999;18,6;17,3;19;18,5;17,7;17,1;93;90;92;142;4,9;1,6;
2012-12-27;03:00;0;961;961;960,5;-9999;18,5;16,1;18,7;18,5;17,3;16,1;92;86;86;126;8,5;3,3;
2012-12-27;04:00;0;960,9;961,2;960,9;-9999;18,1;16,5;18,5;18,1;16,5;16;91;86;90;147;6,9;1,8;
2012-12-27;05:00;0;960,2;960,9;960;-9999;18;16,4;18,1;17,9;16,4;16,2;91;89;90;145;6,1;2,2;
2012-12-27;06:00;0;960;960,2;959,5;-9999;18,1;16,3;18,1;17,9;16,4;16,2;90;89;90;132;6;2,3;
2012-12-27;07:00;0;960;960;959,8;-9999;18;16,2;18,1;18;16,5;16,2;91;89;89;140;5,4;1,9;
2012-12-27;08:00;0;959,8;960;959,5;-9999;17,8;15,7;18,1;17,8;16,2;15,7;90;87;88;138;8,8;2,6;
2012-12-27;09:00;0;960,9;961;959,8;2,3;17,9;15,6;17,9;17,8;15,8;15,5;88;86;86;122;8,2;2,7;
2012-12-27;10:00;0;961,4;961,4;960,7;35,2;17,7;15,5;17,9;17,7;15,7;15,4;87;85;87;114;8,8;4;
2012-12-27;11:00;0;961,8;961,8;961,4;106,9;17,2;15,3;17,7;17,2;15,5;15,1;89;86;89;115;8,6;4,2;
2012-12-27;12:00;0;962,1;962,1;961,8;236,9;17,2;15,3;17,2;16,9;15,6;15,3;92;89;89;121;8;4,5;
2012-12-27;13:00;0;962,2;962,3;961,9;596,7;17,5;15,2;17,5;17;15,5;15,1;90;87;87;123;8,3;3,9;
2012-12-27;14:00;0;962,2;962,4;962,2;743,4;17,7;15,1;17,8;17,4;15,6;15;88;84;85;112;9,7;5,3;
2012-12-27;15:00;,4;961,2;962,2;961,2;1078,7;18;15,1;18,1;17,7;15,6;15;86;83;83;114;11,2;5,2;
2012-12-27;16:00;1,4;960,6;961,2;960,5;717,6;17,6;16,1;18,1;17,6;16,2;15,1;92;83;91;110;10,1;4,9;
2012-12-27;17:00;0;960,1;960,9;960,1;866,3;18;16,2;18,1;17,6;16,7;15,8;92;88;89;112;10,2;5,5;
2012-12-27;18:00;3,8;960,2;960,9;959,5;611,6;17,2;15,8;18,2;17,2;16,3;15,7;92;87;91;134;10,9;3,7;
2012-12-27;19:00;4,4;959,3;960,2;959,1;326;17;16,3;17,2;17;16,4;15,8;95;91;95;117;9;4,3;
2012-12-27;20:00;1;958,2;959,3;958,1;244,9;17;16,2;17,1;16,9;16,3;16,1;95;94;95;108;9,2;4,9;
2012-12-27;21:00;11,4;958,1;958,6;957,7;87,1;16,4;15,7;17;16,4;16,2;15,7;96;95;96;124;10,2;3,9;
2012-12-27;22:00;13,2;958,3;958,6;958,1;51,5;16,1;15,5;16,5;16,1;15,8;15,5;96;96;96;123;7,6;3,8;
2012-12-27;23:00;8,6;958,1;958,7;957,7;4;15,7;15,1;16,1;15,7;15,5;15,1;96;96;96;113;7,8;4,4;
2012-12-28;00:00;,8;958,3;958,7;957,6;-9999;15,7;15;15,8;15,7;15,2;15;96;95;96;131;9,6;3,2;
2012-12-28;01:00;,2;958,5;958,6;958,3;-9999;15,8;14,9;15,8;15,7;15,1;14,8;96;94;94;116;7,9;4,1;
2012-12-28;02:00;1,6;959,1;959,1;958,5;-9999;15,6;14,8;15,8;15,6;14,9;14,7;95;94;95;177;7,5;1,6;
2012-12-28;03:00;3,2;958,5;959,1;958,4;-9999;15,5;14,8;15,6;15,4;14,9;14,7;96;95;96;145;5,3;2,3;
2012-12-28;04:00;3,4;958,8;959;958,2;-9999;15,2;14,5;15,5;15,2;14,8;14,4;96;95;95;169;6,6;2,5;
2012-12-28;05:00;1,4;957,8;958,8;957,8;-9999;14,9;14,1;15,2;14,9;14,5;14,1;96;95;95;144;6;2,4;
2012-12-28;06:00;,4;957,2;957,9;957,1;-9999;14,8;14,1;14,9;14,7;14,2;14;96;95;96;134;6,1;2,3;
2012-12-28;07:00;0;957,4;957,5;957,1;-9999;15;14,4;15,1;14,8;14,4;14,1;96;96;96;149;5;1,4;
2012-12-28;08:00;,2;957,4;957,5;957,3;-9999;15,1;14,5;15,2;15;14,6;14,3;96;96;96;94;4,8;2,7;
2012-12-28;09:00;,2;958,2;958,2;957,4;3,7;15,4;14,6;15,4;15,1;14,7;14,4;96;95;95;100;5,2;2,3;
2012-12-28;10:00;1;959;959;958,2;101,3;15,6;14,9;15,7;15,3;15;14,6;96;95;95;160;4,1;1,8;
2012-12-28;11:00;,2;959,5;959,6;959;359;16,2;15,1;16,2;15,7;15,4;14,9;95;93;93;152;4,5;1,7;
2012-12-28;12:00;0;960,1;960,1;959,5;633,4;16,7;14,9;16,9;16,1;15,6;14,8;94;88;89;140;5,2;2,3;
2012-12-28;13:00;0;960,5;960,5;960,1;970,8;17,8;15,7;17,8;16,7;15,9;14,8;91;86;87;149;4,9;1,8;
2012-12-28;14:00;0;960,5;960,7;960,5;1452,1;18,5;16;18,7;17,5;16,3;15,2;90;83;86;113;4,5;2,2;
2012-12-28;15:00;0;960,2;960,6;960,2;1767,3;20,1;16,9;20,2;18,1;17,4;15,7;89;80;82;100;5,5;2,7;
2012-12-28;16:00;0;960;960,2;960;2042,1;21,1;16,5;21,1;19,9;17;15,8;82;73;75;104;5,5;1,8;
2012-12-28;17:00;0;959,8;960;959,7;1717;21,6;16,4;22;21,1;17,6;16,1;80;71;72;125;4,9;2,2;
2012-12-28;18:00;0;959,4;959,8;959,4;1538,5;21,8;17,2;22,7;21,5;17,7;16,2;76;68;75;131;4,6;1,4;
2012-12-28;19:00;0;958,8;959,4;958,8;748,2;21,8;17;21,9;21,3;17,3;16,5;77;73;74;114;4,3;1,7;
2012-12-28;20:00;0;958,6;958,8;958,6;324,6;20,7;16,7;21,8;20,7;17,5;16,6;79;74;78;114;5,1;3,1;
2012-12-28;21:00;0;958,8;958,8;958,6;247,8;20,7;16,8;20,9;20,7;17;16,6;79;77;78;121;5,1;1,9;
2012-12-28;22:00;0;959,3;959,3;958,7;96,5;20;16,6;20,7;20;16,8;16,5;82;78;81;111;5,2;2,5;
2012-12-28;23:00;0;959,6;959,7;959,3;27,6;19,5;16,2;20;19,5;16,6;16;82;78;81;116;5,4;2,6;
2012-12-29;00:00;0;960;960;959,6;-9999;18,8;16,3;19,5;18,8;16,4;16,1;85;81;85;108;7,1;2,6;
2012-12-29;01:00;0;960,5;960,5;960;-9999;18,8;16,5;18,8;18,7;16,6;16,3;87;85;87;115;4,8;2,8;
2012-12-29;02:00;0;960,7;960,8;960,5;-9999;18,4;16,6;18,8;18,4;16,7;16,5;90;87;90;119;4,5;2,1;
2012-12-29;03:00;0;960,3;960,7;960,3;-9999;18,2;16,6;18,4;18,2;16,7;16,5;91;90;90;124;4,2;1;
2012-12-29;04:00;0;959,5;960,3;959,5;-9999;17,7;16,1;18,2;17,7;16,6;16,1;91;89;90;122;4,1;2,4;
2012-12-29;05:00;0;959,4;959,6;959,4;-9999;17,1;16,2;17,7;16,8;16,2;15,7;95;90;95;79;3,9;2,2;
2012-12-29;06:00;0;959,1;959,5;959,1;-9999;17,6;16,3;17,9;17,1;16,4;16,2;95;90;93;96;3,9;1,8;
2012-12-29;07:00;0;959,3;959,4;959,1;-9999;17,4;16,4;17,6;17,2;16,4;16,1;94;93;94;104;2,6;,9;
2012-12-29;08:00;0;959,7;959,8;959,3;-9999;17,6;16,6;17,6;17,4;16,7;16,4;94;93;94;192;2,6;,7;
2012-12-29;09:00;0;960,4;960,5;959,7;10,6;17,4;16,7;17,6;17;16,7;16,2;96;94;95;160;2,2;,9;
2012-12-29;10:00;0;960,7;960,8;960,3;231,7;18,7;17,4;18,7;17,4;17,4;16,7;95;91;92;134;2,4;1,1;
2012-12-29;11:00;0;960,6;960,8;960,6;638;19,6;17;19,7;18,7;17,7;17;92;85;85;116;4,1;2,2;
2012-12-29;12:00;0;960,6;960,6;960,3;1275,7;20,6;17,3;21,1;19,5;18,1;16,9;88;79;81;119;4,1;2;
2012-12-29;13:00;0;961;961;960,6;1664,3;22,4;17,2;22,6;20,6;18,4;17,1;83;72;72;81;3,3;,8;
2012-12-29;14:00;0;961;961,1;961;2567,5;23,3;16,9;25,3;22,1;19,3;16,1;75;62;67;138;3,3;1,2;
2012-12-29;15:00;0;960,5;961;960,5;1978,1;23,9;17,3;24,1;23;18,9;16,8;75;66;66;203;4,3;1,5;
2012-12-29;16:00;0;960,4;960,6;960,4;2789,7;25,1;17,6;25,6;23,9;18,9;16,9;71;62;63;175;3,6;1;
2012-12-29;17:00;0;959,9;960,4;959,9;3036,7;26,1;18;26,6;24,9;20,1;16,8;70;58;61;170;4,2;1,5;
2012-12-29;18:00;0;959;959,9;959;2351,1;27,4;20,1;27,6;25,6;20,1;17,4;66;55;64;121;3,3;1,5;
2012-12-29;19:00;0;958,4;959;958,4;1734,9;26,5;18,5;27,4;26;19,3;17,7;66;58;62;100;4,5;1,3;
2012-12-29;20:00;0;958,3;958,4;958,2;935;25,1;19,1;27,1;25,1;19,7;18,1;71;60;69;183;4,1;1,5;
2012-12-29;21:00;0;958,2;958,3;958;1157,9;26,4;20;26,5;25,1;20,3;19,2;73;64;68;162;4,1;1,3;
2012-12-29;22:00;0;958,4;958,4;958,1;656,4;25,7;20;26,7;25,7;20,4;19,5;71;65;71;164;3,5;1,1;
2012-12-29;23:00;0;959,2;959,2;958,4;46,9;23,7;19,8;25,7;23,6;20,4;19,8;80;71;79;330;5,3;1,8;
2012-12-30;00:00;0;959,8;959,8;959,2;-9999;22,7;19,4;23,7;22,7;20,1;19,4;82;79;81;342;5,2;2,6;
2012-12-30;01:00;0;960,7;960,7;959,8;-9999;21,9;19;22,7;21,9;19,4;19;84;81;84;322;5,3;2,6;
2012-12-30;02:00;0;961,2;961,2;960,7;-9999;21,5;18,8;21,9;21,5;19;18,8;86;84;85;346;4,9;2,3;
2012-12-30;03:00;0;961,3;961,3;961,1;-9999;21;18,8;21,5;20,9;18,9;18,7;88;85;88;42;4,9;1,5;
2012-12-30;04:00;0;960,9;961,3;960,9;-9999;19,9;18,7;21;19,9;18,8;18,7;92;87;92;88;3,1;1,8;
2012-12-30;05:00;0;960,4;960,9;960,4;-9999;19,6;18,3;19,9;19,6;18,7;18,3;94;92;92;75;3,1;1,7;
2012-12-30;06:00;0;959,8;960,4;959,8;-9999;19,5;18,6;19,6;19,4;18,6;18,3;94;92;94;87;2,7;1,9;
2012-12-30;07:00;0;959,6;959,8;959,5;-9999;19,3;18,2;19,5;19,1;18,5;18,1;94;93;93;62;3,4;1,5;
2012-12-30;08:00;0;960,3;960,3;959,6;-9999;19,8;18,1;19,8;19,3;18,2;17,9;93;89;90;67;4,5;2,1;
2012-12-30;09:00;0;961;961;960,3;14,2;19,5;18;19,9;19,5;18,1;17,9;91;89;91;80;3,8;1,6;
2012-12-30;10:00;0;961,3;961,3;960,9;208,3;20,3;18,3;20,3;19,5;18,7;18;91;88;88;50;4,1;2,1;
2012-12-30;11:00;0;961,3;961,4;961,2;565,8;21,7;18,4;21,7;20,3;18,8;18,3;89;81;81;18;5,3;2;
2012-12-30;12:00;0;961,2;961,4;961,2;1050,5;23;19,1;23;21,7;19,2;18,3;83;78;79;13;4,4;2,2;
2012-12-30;13:00;0;961,1;961,2;961;2709,4;25,4;19,6;25,8;23;20,7;18,9;80;67;70;344;4,5;2,2;
2012-12-30;14:00;0;961,1;961,2;961,1;2831,9;26;19,7;27,1;25,3;20,8;18,8;72;65;68;334;5,9;2,4;
2012-12-30;15:00;0;960,9;961,2;960,9;3193,5;27,8;20,2;28,3;26;21;19;72;60;63;341;5,7;2,2;
2012-12-30;16:00;0;960,3;960,9;960,3;3380;28,7;19,8;29,1;27,1;21,4;19,1;66;57;59;335;6,2;2,2;
2012-12-30;17:00;0;959,4;960,3;959,4;2894,1;29,2;19,5;30;27,3;21,1;18,7;66;53;56;298;4,9;1,9;
2012-12-30;18:00;0;958,8;959,4;958,8;2982,8;29,8;18,7;30,1;28,3;20,9;18,7;62;51;52;275;5,5;1,9;
2012-12-30;19:00;0;958,5;958,8;958,5;2422,8;30,3;18,7;30,7;29,1;20;17,6;56;47;50;259;3,6;1,4;
2012-12-30;20:00;0;957,8;958,5;957,8;1239,8;29;20,7;30,6;29;20,9;17,9;62;48;61;80;3;1,3;
2012-12-30;21:00;0;958;958,1;957,7;658,9;28,7;21,3;29;28,6;21,8;20,4;67;60;64;98;2,1;,9;
2012-12-30;22:00;0;958,6;958,6;957,9;459,4;26,9;21,5;28,9;26,9;21,7;20,2;73;59;73;17;3,4;1,5;
2012-12-30;23:00;0;958,8;959;958,6;32,2;25,6;21,3;26,8;25,6;21,5;21,1;78;72;78;12;5,8;2,2;
2012-12-31;00:00;0;959,3;959,4;958,8;-9999;24,4;21;25,6;24,3;21,6;21;83;78;82;317;5,8;2,5;
2012-12-31;01:00;0;960,6;960,6;959,3;-9999;24,2;21,3;24,4;24,1;21,3;21;84;82;84;326;4,7;2,5;
2012-12-31;02:00;0;960,6;960,8;960,6;-9999;23,8;21,3;24,3;23,7;21,4;21,2;86;84;86;335;4,6;2,3;
2012-12-31;03:00;0;960,4;960,7;960,3;-9999;23,1;21,2;23,9;23,1;21,3;21,2;89;86;89;41;4,4;1,8;
2012-12-31;04:00;0;959,8;960,4;959,8;-9999;22,8;21;23,1;22,7;21,2;21;90;89;90;29;4,4;1,7;
2012-12-31;05:00;0;958,8;959,8;958,8;-9999;22,5;20,9;22,8;22,2;21,1;20,8;93;90;91;341;3,4;1,1;
2012-12-31;06:00;0;958,6;958,8;958,4;-9999;21,2;20,4;22,5;21,2;20,9;20,4;95;90;95;89;3,7;2,6;
2012-12-31;07:00;0;958,7;958,7;958,5;-9999;21,3;20,4;21,3;21,2;20,5;20,4;95;95;95;73;3,9;1,6;
2012-12-31;08:00;0;958,9;958,9;958,6;-9999;20,9;20;21,3;20,9;20,5;19,9;95;94;94;84;3,6;2,5;
2012-12-31;09:00;0;959,3;959,4;958,9;15,6;21,1;19,4;21,1;20,8;20;19,4;94;90;90;48;4,8;2,9;
2012-12-31;10:00;0;959,9;959,9;959,3;214,9;21,4;19,4;21,4;21;19,4;19,3;90;88;88;49;5,7;3;
2012-12-31;11:00;0;960,4;960,4;959,9;1058,1;23,5;20,5;23,5;21,4;20,5;19,4;88;82;83;55;5,7;2,5;
2012-12-31;12:00;0;960,6;960,6;960,3;1233,9;24,8;21,1;24,8;23,3;21,1;19,9;83;79;80;38;4,9;2,3;
2012-12-31;13:00;0;960,4;960,6;960,4;2553;26,8;21;26,9;24,6;21,8;20,4;80;69;71;16;5,6;2,5;
2012-12-31;14:00;0;960,2;960,4;960,2;3482,1;28,6;20,9;28,6;26,8;21,9;19,9;72;62;63;344;5,6;2,8;
2012-12-31;15:00;0;959,9;960,2;959,9;2993,4;28,4;20,9;29,4;28;22;20;67;59;64;326;7,5;2,3;
2012-12-31;16:00;0;959,3;959,9;959,3;3451,9;30,4;20,6;30,6;28,3;22,6;19,9;67;55;56;325;6,6;3,4;
2012-12-31;17:00;0;958,5;959,3;958,5;3268,7;30,1;20,8;30,7;29,3;21,4;20;59;54;58;308;8,4;3,5;
2012-12-31;18:00;0;957,4;958,5;957,4;2719,6;30,2;21,5;30,8;28,1;23;20,2;71;55;60;329;7,8;3,8;
2012-12-31;19:00;0;955,7;957,4;955,7;2740,6;30,4;20,9;30,6;29,4;22,4;19,9;65;54;57;333;7,3;2,8;
2012-12-31;20:00;0;953,9;955,7;953,9;1924,9;29,6;20,7;30,9;29,2;22,1;20,2;62;56;59;320;8,5;4,5;
2012-12-31;21:00;0;953,1;953,9;953,1;1493,7;28,6;21,5;30,2;28,6;21,7;20,2;66;56;66;11;8,5;3,4;
2012-12-31;22:00;0;953,4;953,4;952,7;575;27,7;21,6;28,7;27,7;21,9;21,4;70;65;70;14;9,6;3;
2012-12-31;23:00;0;954,9;954,9;953,2;22,5;26,2;21,5;27,7;26,2;21,7;21,3;76;70;76;18;6,3;1,4;
