REGIAO:;S
UF:;RS
ESTACAO:;PORTO ALEGRE- BELEM NOVO
CODIGO (WMO):;B807
LATITUDE:;-30,1861111
LONGITUDE:;-51,17805554
ALTITUDE:;3,3
DATA DE FUNDACAO:;08/12/22
Data;Hora UTC;PRECIPITAÇÃO TOTAL, HORÁRIO (mm);PRESSAO ATMOSFERICA AO NIVEL DA ESTACAO, HORARIA (mB);PRESSÃO ATMOSFERICA MAX.NA HORA ANT. (AUT) (mB);PRESSÃO ATMOSFERICA MIN. NA HORA ANT. (AUT) (mB);RADIACAO GLOBAL (Kj/m²);TEMPERATURA DO AR - BULBO SECO, HORARIA (°C);TEMPERATURA DO PONTO DE ORVALHO (°C);TEMPERATURA MÁXIMA NA HORA ANT. (AUT) (°C);TEMPERATURA MÍNIMA NA HORA ANT. (AUT) (°C);TEMPERATURA ORVALHO MAX. NA HORA ANT. (AUT) (°C);TEMPERATURA ORVALHO MIN. NA HORA ANT. (AUT) (°C);UMIDADE REL. MAX. NA HORA ANT. (AUT) (%);UMIDADE REL. MIN. NA HORA ANT. (AUT) (%);UMIDADE RELATIVA DO AR, HORARIA (%);VENTO, DIREÇÃO HORARIA (gr) (° (gr));VENTO, RAJADA MAXIMA (m/s);VENTO, VELOCIDADE HORARIA (m/s);
2022/12/08;0000 UTC;;;;;;;;;;;;;;;;;;
2022/12/08;0100 UTC;;;;;;;;;;;;;;;;;;
2022/12/08;0200 UTC;;;;;;;;;;;;;;;;;;
2022/12/08;0300 UTC;;;;;;;;;;;;;;;;;;
2022/12/08;0400 UTC;;;;;;;;;;;;;;;;;;
2022/12/08;0500 UTC;;;;;;;;;;;;;;;;;;
2022/12/08;0600 UTC;;;;;;;;;;;;;;;;;;
2022/12/08;0700 UTC;;;;;;;;;;;;;;;;;;
2022/12/08;0800 UTC;;;;;;;;;;;;;;;;;;
2022/12/08;0900 UTC;;;;;;;;;;;;;;;;;;
2022/12/08;1000 UTC;;;;;;;;;;;;;;;;;;
2022/12/08;1100 UTC;;;;;;;;;;;;;;;;;;
2022/12/08;1200 UTC;;;;;;;;;;;;;;;;;;
2022/12/08;1300 UTC;;;;;;;;;;;;;;;;;;
2022/12/08;1400 UTC;;;;;;;;;;;;;;;;;;
2022/12/08;1500 UTC;;;;;;;;;;;;;;;;;;
2022/12/08;1600 UTC;;;;;;;;;;;;;;;;;;
2022/12/08;1700 UTC;;;;;;;;;;;;;;;;;;
2022/12/08;1800 UTC;;;;;;;;;;;;;;;;;;
2022/12/08;1900 UTC;2,8;1003,5;1003,5;1003,4;1667,4;31,1;21,4;33,3;31,1;21,9;20,7;56;47;56;149;;5,6;
2022/12/08;2000 UTC;;;;;;;;;;;;;;;;;;
2022/12/08;2100 UTC;0;1004;1004;1003,6;919,6;28,9;20,9;30,1;28,9;21,9;20,8;64;59;62;92;8,6;2,9;
2022/12/08;2200 UTC;0;1004,4;1004,4;1004;192,9;27,2;20,6;28,9;27,2;20,9;20,5;68;62;67;85;5,7;2,3;
2022/12/08;2300 UTC;0;1005;1005;1004,4;11;26;19,7;27,4;26;20,6;19,6;68;65;68;63;4,3;1,5;
2022/12/09;0000 UTC;0;1005,3;1005,4;1005;0;24,8;19,6;26;24,6;20,4;19,5;76;68;73;46;3,6;1,3;
2022/12/09;0100 UTC;0;1005,8;1005,8;1005,3;0;23,8;19,8;24,9;23,8;20,1;19,4;79;72;79;28;3,6;1,5;
2022/12/09;0200 UTC;0;1006,5;1006,5;1005,8;0;21,4;19;23,8;21,4;19,9;19;87;79;86;354;3,1;,4;
2022/12/09;0300 UTC;0;1006,4;1006,6;1006,4;0;20,3;18,9;21,4;20,3;19,7;18,9;92;86;92;93;1;,6;
2022/12/09;0400 UTC;0;1006;1006,5;1006;0;19,9;19;20,5;19,7;19,6;18,7;96;92;95;54;1,5;,9;
2022/12/09;0500 UTC;0;1005,6;1006;1005,6;0;19;17,5;20,3;19;19,4;17,5;96;91;91;35;2,1;,6;
2022/12/09;0600 UTC;0;1005,8;1005,8;1005,6;0;19;18,4;19,1;18,2;18,5;17,1;97;91;96;37;2;1,1;
2022/12/09;0700 UTC;0;1006,4;1006,4;1005,8;0;17,9;17,4;19;17,7;18,4;17,1;97;94;97;38;2,1;1,2;
2022/12/09;0800 UTC;0;1006,7;1006,7;1006,4;0;17,9;17,4;18;17,4;17,6;16,8;97;95;97;73;1,6;1;
2022/12/09;0900 UTC;0;1007,4;1007,4;1006,7;58,1;19,5;19,1;19,5;17,9;19,1;17,4;98;96;98;28;1,5;,7;
2022/12/09;1000 UTC;0;1008,4;1008,4;1007,4;413;19,4;19,1;19,6;19;19,2;18,7;98;98;98;46;3;1,6;
2022/12/09;1100 UTC;0;1009;1009;1008,4;1002,5;22,4;20,7;22,4;19,4;21,1;19;98;90;90;47;3,1;1,5;
2022/12/09;1200 UTC;0;1009,2;1009,3;1009;2245,7;24,9;21,3;24,9;22,4;21,4;19,9;91;79;80;42;4,3;2,2;
2022/12/09;1300 UTC;0;1008,8;1009,2;1008,8;3055;27,7;21,2;27,7;24,6;21,6;20,3;80;67;67;117;3,8;1,6;
2022/12/09;1400 UTC;0;1008,8;1008,9;1008,8;3562,6;27,5;21,8;30,1;27,2;22,4;16,8;73;47;71;200;6,2;4,1;
2022/12/09;1500 UTC;0;1008,8;1009;1008,8;3844,6;29,3;19,9;29,8;27,2;22,6;19,9;73;57;57;208;6,8;4,3;
2022/12/09;1600 UTC;0;1008,4;1008,8;1008,4;3827,3;30,3;20,6;31;29,2;21,9;18,7;60;51;56;172;7,5;3,9;
2022/12/09;1700 UTC;0;1007,6;1008,4;1007,5;3742,6;31,3;19,8;31,9;30;21,8;19,1;58;49;51;151;8,3;4,8;
2022/12/09;1800 UTC;0;1006,9;1007,6;1006,9;3348,4;31,5;20,4;32,2;30,7;21;18,6;52;47;52;130;9,4;4,4;
2022/12/09;1900 UTC;0;1006,5;1006,9;1006,5;2756,8;31,4;20,6;32,3;31,2;21,6;19;56;47;53;99;7,8;4,3;
2022/12/09;2000 UTC;0;1006,4;1006,5;1006,3;2037,7;30,4;17,8;31,5;30,4;20,7;17,8;53;46;47;87;7,1;4,5;
2022/12/09;2100 UTC;0;1006,2;1006,4;1006,2;1229,3;28,7;18,2;30,4;28,7;18,7;17;53;46;53;107;7,1;4,5;
2022/12/09;2200 UTC;0;1006,6;1006,6;1006,2;420;26,2;19,8;28,7;26,2;19,8;18,2;68;53;68;101;7,8;3,3;
2022/12/09;2300 UTC;0;1007,2;1007,2;1006,5;11,2;24,1;20,4;26,2;23,8;20,4;19,6;80;68;80;96;6,5;2,6;
2022/12/10;0000 UTC;0;1007,2;1007,5;1007,2;0;23,3;20,3;24,2;23,1;20,6;20;83;80;83;78;4,9;1,5;
2022/12/10;0100 UTC;0;1006,8;1007,2;1006,6;0;23;19,9;23,5;22,6;20,2;19,7;84;80;83;31;6,8;1,4;
2022/12/10;0200 UTC;0;1007,8;1007,9;1006,8;0;21;19,5;23,1;21;20,3;18,9;91;82;91;329;3,7;,4;
2022/12/10;0300 UTC;0;1007,1;1007,8;1007;0;20,5;19,7;21,2;19,9;19,9;18,4;95;89;95;284;1,3;,4;
2022/12/10;0400 UTC;0;1006,6;1007,1;1006,5;0;19,8;18,5;20,5;19,8;19,7;18,3;96;90;92;297;1;,6;
2022/12/10;0500 UTC;0;1006,8;1006,8;1006,4;0;19,5;18,9;20;19,1;19,3;18;97;92;96;338;1;,5;
2022/12/10;0600 UTC;0;1006,6;1006,8;1006,4;0;18,8;18;19,5;18,3;18,9;16,7;97;88;95;288;1,2;,2;
2022/12/10;0700 UTC;0;1006,9;1006,9;1006,4;0;19,7;19,3;19,7;18,6;19,3;17,9;98;95;98;347;1,6;,4;
2022/12/10;0800 UTC;0;1007,4;1007,4;1006,9;0;19,6;19,3;19,7;19,2;19,4;18,9;98;98;98;61;1,4;,7;
2022/12/10;0900 UTC;0;1007,9;1007,9;1007,4;104,5;19,8;19,5;19,8;19,1;19,5;18,7;98;98;98;61;1,5;,5;
2022/12/10;1000 UTC;0;1008,3;1008,4;1007,9;721,4;22,6;20,8;22,6;19,8;20,8;19,5;98;88;89;29;1,6;,9;
2022/12/10;1100 UTC;0;1008,5;1008,8;1008,3;1446,4;25,5;20,7;25,5;22,5;21,3;20,3;89;75;75;192;1,8;,7;
2022/12/10;1200 UTC;0;1008,5;1008,7;1008,5;2328;26,7;21,3;27;25,5;22;19,3;77;64;73;224;3,9;2,2;
2022/12/10;1300 UTC;0;1008,2;1008,5;1008,2;2928,7;28,2;21,6;28,4;26,5;23;21,4;78;67;68;185;5,1;2,5;
2022/12/10;1400 UTC;0;1007,9;1008,2;1007,9;2503,5;28,8;21,1;29,3;27,6;22,2;19,3;70;60;63;183;5;3,4;
2022/12/10;1500 UTC;0;1008,6;1008,6;1007,9;3416,7;29;22;30,1;28,6;22,8;19,7;70;55;66;179;7;4;
2022/12/10;1600 UTC;0;1008,3;1008,6;1008,2;2905,5;29;22,6;29,9;28,5;23,2;21,4;69;63;68;154;7,4;4,6;
2022/12/10;1700 UTC;0;1008;1008,6;1008;2667,7;28,6;22,7;29,5;28,4;23,4;21,7;72;65;70;154;7,5;4,3;
2022/12/10;1800 UTC;0;1007,9;1008;1007,8;2643,2;28,8;22,8;29,2;28,3;23,3;22,3;73;68;70;170;8,3;5,2;
2022/12/10;1900 UTC;0;1007,7;1007,8;1007,5;1929,9;27,5;21,1;29,3;27,5;23;20,7;70;64;68;162;9,5;5,2;
2022/12/10;2000 UTC;0;1008,1;1008,1;1007,5;1456,4;27,8;22,4;28,3;27,3;22,6;21,2;72;67;72;166;8,2;4,3;
2022/12/10;2100 UTC;0;1008,3;1008,4;1008,1;692,5;27,4;23,1;27,8;27,2;23,4;22,3;79;72;77;139;7,5;3,3;
2022/12/10;2200 UTC;0;1009;1009;1008,2;218;26,2;22,4;27,4;26,2;23;22,3;79;76;79;104;6,5;3;
2022/12/10;2300 UTC;0;1009,5;1009,5;1009;10,7;24,9;21,9;26,3;24,9;22,3;21,9;83;78;83;98;6,4;3,2;
2022/12/11;0000 UTC;0;1009,8;1009,8;1009,3;0;24;21,3;25;24;21,9;21,3;86;83;85;144;7,4;1,8;
2022/12/11;0100 UTC;0;1010;1010;1009,7;0;23,4;20,9;24;23,2;21,4;20,7;87;84;86;143;3,8;1,1;
2022/12/11;0200 UTC;0;1010,6;1010,7;1010;0;24;20,9;24,1;23,3;21;20,7;86;82;83;99;4,4;2,5;
2022/12/11;0300 UTC;0;1010,7;1010,8;1010,6;0;23,9;20,8;24,2;23,8;21;20,6;84;80;83;100;4,6;1,8;
2022/12/11;0400 UTC;0;1010,2;1010,8;1010,2;0;23,8;20,9;23,9;23,7;21;20,8;85;83;84;119;3,4;1,5;
2022/12/11;0500 UTC;0;1009,9;1010,2;1009,9;0;23,7;20,8;23,8;23,6;21;20,7;85;83;84;124;3,8;2,1;
2022/12/11;0600 UTC;0;1009,7;1009,9;1009,6;0;23,5;21,3;23,8;23,4;21,3;20,7;87;83;87;117;5,1;2,3;
2022/12/11;0700 UTC;0;1009,6;1009,8;1009,6;0;23,6;21,4;23,6;23,4;21,4;21,2;88;87;88;106;4,4;2,4;
2022/12/11;0800 UTC;0;1009,7;1009,8;1009,6;0;23,1;21,2;23,5;23,1;21,4;21,2;89;88;89;100;5,5;2,7;
2022/12/11;0900 UTC;0;1009,8;1009,9;1009,6;83,7;23;21,3;23,2;22,7;21,3;21;91;89;90;96;4,6;2,4;
2022/12/11;1000 UTC;0;1010,5;1010,5;1009,8;450,7;24,4;21,2;24,4;23;21,8;20,9;90;82;83;88;4,1;1,6;
2022/12/11;1100 UTC;0;1010,7;1011;1010,5;1377,8;25,7;20,3;26,4;24,4;21,6;20,3;83;72;72;94;5,2;2,2;
2022/12/11;1200 UTC;0;1010;1010,7;1010;2114,4;26,3;20,3;27;25,6;21,1;20,1;75;67;70;69;5,6;2,2;
2022/12/11;1300 UTC;0;1010;1010;1009,9;1570,1;27,9;20,3;28,3;26,3;21,1;20,1;72;63;63;57;4;1,3;
2022/12/11;1400 UTC;0;1009,1;1010;1009,1;2749,7;28,8;21,8;29,7;27,5;21,8;19,6;66;56;66;212;6,1;3,3;
2022/12/11;1500 UTC;0;1008;1009,1;1008;3628,7;28,8;22,4;29,1;27,5;22,5;20,5;70;62;68;196;6,8;4,6;
2022/12/11;1600 UTC;0;1007,4;1008;1007,4;3831,3;29,8;21,7;30,2;28,4;22,6;21;69;60;62;205;6,8;4,1;
2022/12/11;1700 UTC;0;1006,7;1007,4;1006,6;3660,6;30,7;21,8;31;29,4;22,9;21,5;64;59;59;176;8;4,1;
2022/12/11;1800 UTC;0;1005,7;1006,7;1005,7;3316,1;30,8;22;30,9;30,1;22,4;21,3;61;58;60;178;8,4;5;
2022/12/11;1900 UTC;0;1004,3;1005,7;1004,3;2719,2;31;22,3;31,4;30,3;22,8;21,8;62;59;60;155;8,6;5,2;
2022/12/11;2000 UTC;0;1003,3;1004,3;1003,3;1983,1;31,4;21,8;31,8;30,5;22,5;21,2;61;54;57;100;9,4;4;
2022/12/11;2100 UTC;0;1003,4;1003,4;1003,2;1178,8;29,7;20,7;31,4;29,7;21,8;20,7;60;56;59;91;7,1;4,1;
2022/12/11;2200 UTC;0;1003,5;1003,6;1003,4;402,4;27,4;20,9;29,7;27,4;21;20,5;68;59;68;66;6,8;2,7;
2022/12/11;2300 UTC;0;1004,2;1004,2;1003,5;11,7;25,6;20,9;27,4;25,6;21,1;20,8;76;68;76;54;7,4;1,8;
2022/12/12;0000 UTC;0;1004,3;1004,4;1004;0;24,3;21,3;25,6;24,3;21,3;20,9;83;76;83;26;4,7;2,6;
2022/12/12;0100 UTC;0;1004,1;1004,4;1004;0;23,3;21,2;24,3;23,3;21,3;21,1;88;83;88;355;4,6;,8;
2022/12/12;0200 UTC;0;1003,9;1004,3;1003,9;0;21,9;20,8;23,3;21,3;21,2;19,9;94;87;93;355;2,1;1;
2022/12/12;0300 UTC;0;1002,6;1003,9;1002,6;0;21,8;20,7;22,3;21,6;21;20,4;94;91;93;37;3;1,6;
2022/12/12;0400 UTC;0;1002,7;1002,9;1002,6;0;20,9;20,3;21,8;20,6;20,7;19,7;97;92;96;32;3;,6;
2022/12/12;0500 UTC;0;1002,1;1002,7;1001,8;0;20,3;19,7;20,9;20,2;20,2;19,6;97;95;96;75;2,1;,6;
2022/12/12;0600 UTC;0;1001,6;1002,1;1001,6;0;20;19,5;20,4;19,9;19,8;19,3;97;96;96;27;1,8;,9;
2022/12/12;0700 UTC;0;1001,1;1001,6;1001,1;0;20,6;19,7;20,7;20;19,9;19,4;97;94;94;8;3,5;1,3;
2022/12/12;0800 UTC;0;1001,4;1001,4;1001;0;20,3;19,8;20,7;19,9;19,9;19,2;97;94;97;73;2,6;,9;
2022/12/12;0900 UTC;0;1001,5;1001,6;1001,4;128,3;22,1;20,5;22,2;20,1;20,7;19,3;97;90;91;59;3;,6;
2022/12/12;1000 UTC;0;1001,9;1001,9;1001,5;790,4;25,9;21,4;25,9;22;21,7;20,5;93;76;76;333;5;1,4;
2022/12/12;1100 UTC;0;1001,7;1002,1;1001,7;1604;27,7;21,8;27,7;25,7;22,1;20,9;79;68;70;328;5,7;1,8;
2022/12/12;1200 UTC;0;1001,3;1001,7;1001,2;2307,7;29,1;20,6;29,5;27,7;22,1;20,2;70;59;60;298;8,7;4,6;
2022/12/12;1300 UTC;0;1001,5;1001,5;1001,2;2968,3;31,2;20,1;31,3;29,1;21,2;20,1;60;52;52;289;9,9;4;
2022/12/12;1400 UTC;0;1001,3;1001,6;1001,2;3458,2;33,6;20,2;34,2;31,2;21,2;19,7;52;45;46;288;9,8;4,3;
2022/12/12;1500 UTC;0;1000,5;1001,3;1000,5;3759,2;35;19,6;35,5;33,4;21,4;19;47;40;41;286;10,4;4,2;
2022/12/12;1600 UTC;0;999,3;1000,5;999,2;3826,1;36,8;19,7;37;35;20,6;19,1;41;36;37;285;10,2;3,7;
2022/12/12;1700 UTC;0;1000,2;1001;999,3;2325,4;28,2;21,5;37,3;27,3;23,6;19,3;75;36;67;157;16,5;8,1;
2022/12/12;1800 UTC;0;1001,9;1001,9;1000,1;2773,4;26,7;20,9;28,7;26,7;21,9;20,3;71;63;71;179;16,5;6,7;
2022/12/12;1900 UTC;,2;1001,7;1002,3;1000,5;224,3;24,8;21,5;26,7;24,5;22,2;20,9;86;71;82;133;11,3;2,2;
2022/12/12;2000 UTC;,4;1003,2;1003,2;1000,3;251,1;23,5;16,2;24,8;23,5;22,2;16,2;88;63;64;182;15;7,3;
2022/12/12;2100 UTC;0;1003,9;1004,2;1002,8;107,5;20,6;17,1;23,9;20,6;17,8;15,7;82;60;80;148;16,9;5,8;
2022/12/12;2200 UTC;3;1004;1005,2;1003,9;2,5;19,1;15,9;20,6;19;17,2;15,9;88;79;82;126;9,1;4;
2022/12/12;2300 UTC;,4;1004,8;1004,8;1003,6;3,5;19,5;16,6;19,5;18,7;16,6;15,3;84;80;83;139;8,5;1,2;
2022/12/13;0000 UTC;2,6;1007;1007,2;1004,8;0;18,2;17,1;20,3;17,9;17,5;14,3;94;69;93;20;5,2;1;
2022/12/13;0100 UTC;0;1007,4;1007,5;1006,5;0;18,2;17,3;18,4;17,9;17,4;16,5;95;90;95;346;2,7;1,4;
2022/12/13;0200 UTC;0;1008;1008,2;1007,3;0;18,1;17,2;18,3;18,1;17,5;16,7;95;91;94;79;2,5;,9;
2022/12/13;0300 UTC;0;1008;1009;1007,3;0;18,9;17,1;18,9;18;17,5;17;95;90;90;318;3,3;1,1;
2022/12/13;0400 UTC;,2;1006,9;1008,2;1006,9;0;19;17,8;19,2;18,5;17,8;17,2;95;90;92;7;3,1;1,3;
2022/12/13;0500 UTC;0;1006,8;1007,2;1006,7;0;18,8;17,5;19,1;18,7;18,2;17,5;95;91;92;34;2,5;,8;
2022/12/13;0600 UTC;0;1006,5;1006,9;1006,5;0;17,6;16,1;20,1;17,6;17,7;15,8;95;76;91;260;4,5;,5;
2022/12/13;0700 UTC;0;1006,4;1006,6;1006,4;0;18,9;13,7;19,2;17,6;16,4;13,7;92;72;72;234;6;2,7;
2022/12/13;0800 UTC;0;1006,9;1006,9;1006,4;0;18,8;14,4;19,2;18,6;14,5;13,6;77;71;75;210;9,1;5,3;
2022/12/13;0900 UTC;0;1007,6;1007,7;1006,9;92,5;18,9;13,9;18,9;18,4;14,6;13,8;78;72;73;215;8,9;5,8;
2022/12/13;1000 UTC;0;1008,4;1008,4;1007,6;717,2;19,5;13,7;19,6;18,8;14,1;13,6;74;69;69;217;8,9;5,2;
2022/12/13;1100 UTC;0;1009,4;1009,4;1008,4;1546;20,2;13,2;20,7;19,5;14,2;12,8;71;62;64;220;8,9;4,6;
2022/12/13;1200 UTC;0;1009,9;1010;1009,4;2320,4;21,6;13,8;22,3;20,1;15,5;13,4;67;60;61;206;8,3;4,3;
2022/12/13;1300 UTC;0;1010,2;1010,2;1009,9;3008,3;22,7;12,3;23,3;21,3;14,9;12,3;64;52;52;208;9,1;5;
2022/12/13;1400 UTC;0;1010,5;1010,5;1010,1;3379,8;23,9;13,8;23,9;22,7;14,2;10,7;57;45;53;194;9,4;4,5;
2022/12/13;1500 UTC;0;1010,7;1010,8;1010,4;3877,3;24,3;14,8;24,7;22,7;14,9;11,6;57;47;55;177;9,3;5,5;
2022/12/13;1600 UTC;0;1010,8;1010,8;1010,6;3977,6;25;14,1;25,3;23,6;14,8;12,3;55;48;51;171;9,8;5,7;
2022/12/13;1700 UTC;0;1010,7;1010,9;1010,5;3857,3;24,3;12,8;25,2;23,7;14,4;11,8;53;47;49;153;10,1;5,8;
2022/12/13;1800 UTC;0;1010,8;1010,8;1010,5;3467,8;23,9;11;24,8;23,7;13,7;10,8;51;43;44;176;9,7;5,4;
2022/12/13;1900 UTC;0;1010,4;1010,8;1010,4;2886,4;23,9;12,4;24,7;23,6;13,7;11,1;51;44;48;170;9,1;4,9;
2022/12/13;2000 UTC;0;1010,3;1010,5;1010,2;2117,8;23,5;12,8;24,5;23,4;14,3;12,3;54;49;51;169;8,8;4,8;
2022/12/13;2100 UTC;0;1010,4;1010,4;1010,3;1233,3;23,2;13,3;23,8;23,2;14,1;12,5;56;51;54;159;7,6;3,8;
2022/12/13;2200 UTC;0;1011,1;1011,1;1010,4;474,1;22,4;13;23,3;22,4;13,7;12,5;56;51;55;146;7;3,1;
2022/12/13;2300 UTC;0;1011,7;1011,7;1011,1;27,4;21,9;13,2;22,4;21,9;14,1;13,1;61;55;58;140;6,3;2,9;
2022/12/14;0000 UTC;0;1011,9;1011,9;1011,7;0;20,7;14,2;21,9;20,6;14,3;13,1;67;58;67;99;5,1;3,2;
2022/12/14;0100 UTC;0;1012,5;1012,5;1011,9;0;19,1;14,3;20,7;19,1;14,4;14,2;74;67;74;84;5,4;2;
2022/12/14;0200 UTC;0;1012,7;1012,7;1012,5;0;18,5;14,3;19,2;18,4;14,5;14,2;78;74;77;56;3;1,5;
2022/12/14;0300 UTC;0;1012,8;1012,8;1012,7;0;17;14,5;18,5;17;14,6;14,2;85;76;85;25;2,4;,8;
2022/12/14;0400 UTC;0;1012,7;1012,8;1012,7;0;15,6;14,1;17;15,6;14,6;14,1;91;84;91;65;1,3;,4;
2022/12/14;0500 UTC;0;1012,9;1013;1012,7;0;15,2;14;15,7;15,2;14,5;13,9;94;91;93;24;2,1;1,2;
2022/12/14;0600 UTC;0;1012,9;1012,9;1012,8;0;14,9;13,6;15,2;14,8;14;13,3;93;91;92;45;2,1;,8;
2022/12/14;0700 UTC;0;1013;1013;1012,9;0;14,6;13,4;14,9;14,6;13,6;13,4;94;92;93;32;2,4;1,3;
2022/12/14;0800 UTC;0;1012,9;1013;1012,8;0;14,8;13,4;14,8;14,1;13,6;12,9;95;91;91;29;2,9;1,7;
2022/12/14;0900 UTC;0;1013,2;1013,2;1012,9;126,5;15,1;13,8;15,1;14,1;13,8;13,1;95;91;92;21;2,3;,7;
2022/12/14;1000 UTC;0;1013,6;1013,6;1013,2;871;18,4;14,4;18,4;15,1;15,1;13,7;92;76;78;36;2,1;1;
2022/12/14;1100 UTC;0;1013,9;1013,9;1013,6;1613,9;21,6;13,1;21,9;18,4;15,4;13,1;79;58;58;17;2,8;1,4;
2022/12/14;1200 UTC;0;1013,8;1013,9;1013,7;2363,7;23,5;12,4;23,7;21,6;14;11,7;60;47;50;84;4,8;2,6;
2022/12/14;1300 UTC;0;1013,6;1013,8;1013,6;3062,8;24,3;12,3;24,7;23,4;13,2;10,5;50;44;47;114;4,9;2,1;
2022/12/14;1400 UTC;0;1013,1;1013,6;1013,1;3565,6;25,6;13,1;25,7;24,2;13,4;11,2;49;42;46;13;5,6;2;
2022/12/14;1500 UTC;0;1012,4;1013,2;1012,4;3824,2;26,8;9,7;27,2;25,1;13,6;9,6;46;34;34;26;5,6;2,1;
2022/12/14;1600 UTC;0;1011,7;1012,4;1011,7;3842,7;27,6;15,9;27,6;25,7;15,9;9,1;53;33;49;170;8,3;3,4;
2022/12/14;1700 UTC;0;1011,1;1011,8;1011,1;3816,3;27,6;14,7;27,9;26,3;16,1;13,1;52;42;45;145;8,3;4,7;
2022/12/14;1800 UTC;0;1010,6;1011,1;1010,6;3415;27,8;13,3;27,9;26,5;15,2;11,7;48;38;41;146;9,7;5,5;
2022/12/14;1900 UTC;0;1010,3;1010,6;1010,2;2826,6;27,5;13,6;28,3;27,2;15,1;10,8;46;34;43;106;9,7;6,4;
2022/12/14;2000 UTC;0;1010,1;1010,3;1010,1;2084,6;26,2;11,2;27,6;26,1;14,2;10,9;44;38;39;105;9,8;6,7;
2022/12/14;2100 UTC;0;1010,4;1010,5;1010,1;1270,6;25,1;12,3;26,4;25;12,4;10,8;45;38;45;97;9,8;5,6;
2022/12/14;2200 UTC;0;1010,8;1010,8;1010,4;456,5;22,9;13,2;25,1;22,9;13,2;11,5;54;44;54;84;9,5;4,6;
2022/12/14;2300 UTC;0;1011,2;1011,2;1010,7;15,5;21,3;13,2;23;21;13,3;12,9;61;53;60;83;8,9;3;
2022/12/15;0000 UTC;0;1011,2;1011,3;1011,2;0;20,9;13,7;21,6;20,7;13,7;13,2;64;59;64;86;6,5;3;
2022/12/15;0100 UTC;0;1011,4;1011,4;1011,2;0;20,5;14,4;21;20,3;14,4;13,7;68;64;68;70;6,9;2,3;
2022/12/15;0200 UTC;0;1011;1011,4;1011;0;20,3;15,3;20,7;20,2;15,3;14,4;73;68;73;75;8,1;3,6;
2022/12/15;0300 UTC;0;1010,7;1011;1010,7;0;19,8;15,8;20,5;19,8;15,8;15,3;78;73;77;82;7,2;2,6;
2022/12/15;0400 UTC;0;1009,9;1010,7;1009,9;0;18,3;15,5;19,9;18,3;15,9;15,3;84;77;84;303;4,4;,6;
2022/12/15;0500 UTC;0;1009;1009,9;1009;0;17;15,7;18,3;16,5;15,7;14,9;92;84;92;16;2,4;,7;
2022/12/15;0600 UTC;0;1008,8;1009;1008,7;0;17,2;15,1;17,8;17;15,8;15,1;92;86;87;16;2,5;,5;
2022/12/15;0700 UTC;0;1009,1;1009,1;1008,8;0;15,5;14,3;17,2;15,5;15,3;14;94;87;92;146;1,5;,5;
2022/12/15;0800 UTC;0;1009,2;1009,2;1009;0;16,1;15,2;16,1;15,4;15,2;14,2;95;91;94;74;1,4;,8;
2022/12/15;0900 UTC;0;1010,2;1010,2;1009,2;123,5;16,7;14,9;16,7;15,7;15,2;14,5;95;89;89;91;1,5;,7;
2022/12/15;1000 UTC;0;1010,9;1010,9;1010,2;791,1;21,1;15,8;21,1;16,7;16,4;15;90;71;72;33;2,5;1,2;
2022/12/15;1100 UTC;0;1010,9;1011;1010,8;1491,9;24,2;16,1;24,2;21,1;16,5;15,2;73;59;61;350;2,5;1,1;
2022/12/15;1200 UTC;0;1011,5;1011,5;1010,8;2286,6;25,5;14,8;26,1;24,2;16,6;14,4;61;50;51;316;6,8;2,8;
2022/12/15;1300 UTC;0;1011,1;1011,6;1011,1;2902,6;27,3;15,7;27,3;25,5;16,2;14,8;54;48;49;308;6,8;2,1;
2022/12/15;1400 UTC;0;1010,2;1011,1;1010,2;3249,5;27,7;16,3;28,4;27,1;17,1;15,1;52;46;50;353;5,6;2,1;
2022/12/15;1500 UTC;0;1010,1;1010,5;1010,1;3625,4;27,9;16,8;28,9;27,6;17,7;16;53;47;51;301;7,1;2,6;
2022/12/15;1600 UTC;0;1009,3;1010,1;1009,3;3469,1;29,1;17;29,9;27,9;18,7;16,8;53;48;48;278;6;2;
2022/12/15;1700 UTC;0;1008,6;1009,3;1008,6;2976,7;30,3;17,3;31,5;29;18,8;17;50;44;46;318;5,4;1,8;
2022/12/15;1800 UTC;0;1007,9;1008,6;1007,9;2900,7;31,3;16,5;32,1;30,1;18,5;16,3;48;40;41;264;5,2;2,1;
2022/12/15;1900 UTC;0;1008;1008;1007,7;2131,1;27,9;19,3;32,6;27,9;20,1;16,4;61;40;60;153;8,4;5,5;
2022/12/15;2000 UTC;0;1007,5;1008;1007,5;806,4;27,3;19,3;28;27,1;19,8;18,4;62;58;62;148;8,4;3,7;
2022/12/15;2100 UTC;0;1008,4;1008,4;1007,4;377;26,3;17,8;27,3;26,3;19,6;17,8;65;59;59;165;8,2;3,9;
2022/12/15;2200 UTC;0;1008,9;1008,9;1007,9;179,9;25,5;17;26,3;25,5;18,1;15,9;61;54;59;164;7,5;2,6;
2022/12/15;2300 UTC;0;1009,4;1009,4;1008,9;15,7;24,9;16,8;25,6;24,9;17;16,2;61;56;61;171;6,4;2,2;
2022/12/16;0000 UTC;0;1009,5;1009,8;1009,4;0;24,8;15,9;25;24,6;17;14,8;63;53;58;174;7,9;4,8;
2022/12/16;0100 UTC;0;1010;1010;1009,5;0;23,8;15,3;24,8;23,8;17;15,2;63;58;59;170;10,3;3,9;
2022/12/16;0200 UTC;0;1010,1;1010,2;1010;0;23,1;17,3;23,8;23,1;17,3;15,3;70;59;70;183;8,4;4,2;
2022/12/16;0300 UTC;0;1009,8;1010,2;1009,8;0;22,9;18;23,4;22,7;18;17,2;74;69;73;185;8,4;4,5;
2022/12/16;0400 UTC;0;1009,5;1009,8;1009,4;0;22,9;17,8;23;22,8;18,2;17,5;75;71;73;174;9,4;3,8;
2022/12/16;0500 UTC;0;1009,1;1009,5;1009;0;22,1;19,2;23;22;19,2;17,3;84;71;83;220;7,5;4,1;
2022/12/16;0600 UTC;0;1008,8;1009,1;1008,8;0;21,5;18,7;22,3;21,5;19,2;18,6;84;80;84;214;7,8;3,9;
2022/12/16;0700 UTC;0;1009,2;1009,2;1008,8;0;20,7;17,3;21,6;20,7;18,8;17,3;85;81;81;216;9,5;5,7;
2022/12/16;0800 UTC;0;1009,8;1009,8;1009,2;0;20,2;17,3;20,7;20;17,5;17,2;84;81;83;216;9,2;4,2;
2022/12/16;0900 UTC;0;1010,3;1010,3;1009,7;71,5;20,1;17,3;20,2;19,9;17,3;16,9;84;83;84;224;9,5;5;
2022/12/16;1000 UTC;0;1010,7;1010,8;1010,3;692,5;20,7;17,2;20,9;20,1;17,5;16,9;84;80;80;216;8,3;5,2;
2022/12/16;1100 UTC;0;1011,2;1011,3;1010,7;1263,3;22,3;17,4;22,3;20,7;17,8;16,9;80;74;74;220;10,1;5,6;
2022/12/16;1200 UTC;0;1011,5;1011,6;1011,2;2233,3;23,4;17,3;23,6;22;18,1;16,8;75;68;68;202;8,9;4,9;
2022/12/16;1300 UTC;0;1011,8;1011,8;1011,5;1644,8;22,5;16,8;24,7;22,4;18,1;16,4;73;63;70;203;8,6;4,4;
2022/12/16;1400 UTC;0;1011,7;1011,9;1011,7;2937,3;24,6;16,8;25,1;22,3;17,7;15,5;71;56;62;175;8,6;4,6;
2022/12/16;1500 UTC;0;1012,4;1012,4;1011,7;2163;21,7;17,2;24,6;21,6;18;15,9;76;61;75;179;12;7;
2022/12/16;1600 UTC;0;1012,3;1012,4;1012,1;2943,1;23,1;16;23,8;21,8;17,9;15,1;76;62;64;166;13;6,4;
2022/12/16;1700 UTC;0;1011,7;1012,4;1011,6;3729,1;23,7;13,2;24;22,4;16,9;12,7;67;51;52;168;12,8;7;
2022/12/16;1800 UTC;0;1010,9;1011,7;1010,9;3398,7;24,3;12,5;24,9;23,3;13,4;11,2;52;43;48;160;11,9;6,3;
2022/12/16;1900 UTC;0;1010,7;1011;1010,6;2847,2;24,5;11,6;25,3;24;13,5;11,5;49;44;44;165;11;5,3;
2022/12/16;2000 UTC;0;1010,6;1010,7;1010,5;2099,3;23,9;11,8;25;23,6;13,1;11,7;50;44;47;150;11,6;6,5;
2022/12/16;2100 UTC;0;1011;1011;1010,6;1187,2;23,3;13,5;23,9;23,1;13,5;11,3;54;46;54;170;9,9;4,6;
2022/12/16;2200 UTC;0;1011,4;1011,4;1011;485,5;22,1;13,7;23,3;22,1;14,7;13,3;60;54;59;173;10,2;5,3;
2022/12/16;2300 UTC;0;1011,7;1011,8;1011,3;24,3;21,2;12,9;22,1;21,2;13,8;12,4;60;57;59;152;9,9;4,2;
2022/12/17;0000 UTC;0;1012,1;1012,1;1011,7;0;21,2;13,2;21,4;21;13,7;12,4;63;57;61;134;8,3;4,5;
2022/12/17;0100 UTC;0;1012,4;1012,5;1012,1;0;20,5;14,1;21,2;20,4;14,1;13,2;67;60;67;129;8,3;3,5;
2022/12/17;0200 UTC;0;1012,3;1012,4;1012,2;0;20;13,7;20,7;19,8;14,1;13,4;67;64;67;103;7;2,7;
2022/12/17;0300 UTC;0;1011,8;1012,3;1011,8;0;19,2;13,9;20,1;19;14;13,5;72;66;72;100;5,9;1,7;
2022/12/17;0400 UTC;0;1011,2;1011,8;1011,2;0;17,9;14;19,4;17,9;14,1;13,8;79;70;78;21;2,9;1;
2022/12/17;0500 UTC;0;1010,6;1011,2;1010,6;0;16,6;14;17,9;16,6;14,2;13,8;85;78;85;59;2,6;1,3;
2022/12/17;0600 UTC;0;1010,3;1010,6;1010,3;0;15,9;13,7;17;15,9;14,2;13,7;88;81;87;52;2,3;,5;
2022/12/17;0700 UTC;0;1010,4;1010,4;1010,3;0;15,2;13,4;16,3;15,2;14,1;13,4;90;85;89;44;1,9;,4;
2022/12/17;0800 UTC;0;1010,6;1010,7;1010,4;0;14,5;12,9;15,2;14,5;13,6;12,8;92;88;90;48;2;1;
2022/12/17;0900 UTC;0;1011,2;1011,2;1010,7;110,9;15,1;13,1;15,1;14,4;13,1;12,4;91;87;88;74;2,1;,9;
2022/12/17;1000 UTC;0;1011,9;1011,9;1011,2;756,6;19,8;13,2;19,8;15,1;14,6;13,1;88;66;66;75;1,5;,6;
2022/12/17;1100 UTC;0;1012,4;1012,4;1011,9;1514,9;22,2;12,6;22,3;19,9;13,8;12,3;65;54;55;75;4,5;1,8;
2022/12/17;1200 UTC;0;1012,7;1012,7;1012,4;2115,9;22,5;12,5;23,4;22;13,4;12,2;56;51;53;77;5,9;1,9;
2022/12/17;1300 UTC;0;1012,1;1012,7;1012,1;2893,4;24,3;11,9;25;22,4;13,8;11,3;55;43;46;77;5,4;2,8;
2022/12/17;1400 UTC;0;1012;1012,1;1012;3153,5;25,5;12,5;25,8;23,3;13;10,6;50;40;44;90;5,5;2,2;
2022/12/17;1500 UTC;0;1011,8;1012,2;1011,7;2601,3;25,1;13,9;25,6;24;15,1;11,3;53;41;50;139;7,7;3,8;
2022/12/17;1600 UTC;0;1011,7;1011,8;1011,5;3009,5;23,1;15,3;25,8;22,9;17;13,5;65;49;62;153;11,9;7,3;
2022/12/17;1700 UTC;0;1011,3;1011,7;1011,2;3861,5;24,8;15,7;24,8;23,1;16;14,5;62;54;57;132;12;6,2;
2022/12/17;1800 UTC;0;1011,3;1011,4;1011,1;3187,6;25,8;14,6;25,8;24,3;15,7;13,7;57;49;50;109;11,3;5,6;
2022/12/17;1900 UTC;0;1011,2;1011,3;1011,1;2334,6;23,7;14,6;25,9;23,7;15;13,4;57;47;57;112;12,1;5,7;
2022/12/17;2000 UTC;0;1011;1011,3;1010,9;1763,5;23,5;14,3;24,8;23,4;15,3;14,1;57;54;56;110;12,8;6,9;
2022/12/17;2100 UTC;0;1011,2;1011,3;1010,8;910,7;22,5;14,3;23,5;22,5;14,6;14;60;56;60;106;13,6;7,2;
2022/12/17;2200 UTC;0;1011,8;1011,8;1011,2;282;21,3;14,1;22,5;21,2;14,4;14;64;60;64;105;12,3;5,9;
2022/12/17;2300 UTC;0;1012,3;1012,3;1011,7;14,6;20,1;14;21,3;20,1;14,1;14;68;63;68;103;10,5;3,5;
2022/12/18;0000 UTC;0;1012,9;1012,9;1012,3;0;19,5;14;20,4;19,5;14,1;14;71;67;70;108;9,4;2,9;
2022/12/18;0100 UTC;0;1013,4;1013,4;1012,9;0;19,2;14,3;19,8;19;14,3;14;74;70;73;111;5;2,9;
2022/12/18;0200 UTC;0;1013,7;1013,7;1013,4;0;18,8;14,6;19,2;18,5;14,6;14,2;77;73;77;117;4,6;2,1;
2022/12/18;0300 UTC;0;1013,8;1013,9;1013,6;0;19,1;14,8;19,1;18,6;14,8;14,6;78;76;76;118;4,4;2,3;
2022/12/18;0400 UTC;0;1013,1;1013,8;1013,1;0;19,3;14,8;19,3;18,9;14,9;14,8;77;75;75;108;4,9;3,2;
2022/12/18;0500 UTC;0;1012,6;1013,1;1012,6;0;19,6;15,2;19,6;19,2;15,2;14,8;77;75;75;114;5,1;3,4;
2022/12/18;0600 UTC;0;1012,4;1012,7;1012,4;0;20,3;15,3;20,3;19,4;15,3;15,2;77;73;73;95;6,5;3,5;
2022/12/18;0700 UTC;0;1012,3;1012,5;1012,2;0;19,7;15,6;20,3;19,5;15,6;15,3;78;73;77;96;7,3;3,3;
2022/12/18;0800 UTC;0;1012,7;1012,7;1012,3;0;20,6;15,5;20,6;19,7;15,6;15,4;77;72;72;89;8;4,1;
2022/12/18;0900 UTC;0;1013,4;1013,4;1012,6;19,1;20,8;15,2;20,8;20,3;15,6;15;75;69;70;86;9;4,6;
2022/12/18;1000 UTC;0;1014,8;1014,8;1013,4;50,4;20,5;15,8;20,9;20,4;15,8;15,2;75;70;75;101;9;3,6;
2022/12/18;1100 UTC;0;1014,8;1014,9;1014,6;333,6;20,6;16,6;20,6;19,8;16,9;15,9;83;75;78;96;6,9;3,6;
2022/12/18;1200 UTC;0;1014,8;1014,8;1014,6;590,2;21,4;16,6;21,5;20,6;16,7;16,2;78;72;74;85;9,9;5;
2022/12/18;1300 UTC;0;1014,5;1014,8;1014,5;1047;22,3;17,3;22,3;21,4;17,5;16,5;76;72;74;89;10,3;5,2;
2022/12/18;1400 UTC;0;1014,8;1014,9;1014,5;1339,9;22,3;16,7;23;22,3;17,5;16,4;74;68;70;82;10,9;5;
2022/12/18;1500 UTC;0;1014,8;1014,9;1014,7;1295;23,2;17,4;23,3;22,2;17,7;16,5;72;68;70;85;9,4;5,1;
2022/12/18;1600 UTC;0;1014,6;1014,9;1014,6;1214;22,9;16,9;23,2;22,4;17,7;16,9;72;68;69;94;11,2;6,4;
2022/12/18;1700 UTC;0;1014,1;1014,6;1014,1;1421,7;23;16,8;23,5;22,7;17,5;16,8;70;67;68;89;11,9;4,7;
2022/12/18;1800 UTC;0;1014,2;1014,2;1014;727,1;22,1;16,8;23;22;17,2;16,5;72;68;72;82;12,8;6;
2022/12/18;1900 UTC;0;1013,9;1014,3;1013,8;989,9;22,1;17,1;22,2;21,8;17,1;16,6;74;71;73;79;12,8;5,6;
2022/12/18;2000 UTC;0;1013,6;1014;1013,5;1095,1;22,6;16,6;22,8;22,1;17,1;16,4;73;69;69;95;12,3;7,3;
2022/12/18;2100 UTC;0;1014,2;1014,2;1013,6;713;22,1;16,9;23,1;22,1;17;16,2;72;67;72;86;12,8;5,4;
2022/12/18;2200 UTC;0;1014,4;1014,5;1014,2;158,1;21,3;16;22,1;21,2;16,9;16;73;71;72;83;12,3;5,2;
2022/12/18;2300 UTC;0;1015;1015;1014,4;14,7;20,7;16,5;21,3;20,7;16,5;15,8;77;71;77;81;12,6;6;
2022/12/19;0000 UTC;0;1015,7;1015,7;1015;0;20,2;15,3;20,7;20,1;16,8;15,2;79;73;74;76;12;5,1;
2022/12/19;0100 UTC;0;1016,1;1016,1;1015,7;0;19,9;16,2;20,2;19,8;16,2;15,4;79;74;79;79;9,4;4;
2022/12/19;0200 UTC;0;1016,4;1016,5;1016;0;19,4;16,1;20;19,4;16,5;16,1;83;78;81;78;10,6;4,2;
2022/12/19;0300 UTC;0;1016,2;1016,5;1016,2;0;19,9;15,2;20;19,4;16;14,9;81;73;74;77;10,8;4,2;
2022/12/19;0400 UTC;1,2;1015,7;1016,3;1015,7;0;19,2;16,7;20;18,8;16,9;15,2;88;74;86;98;10,1;4,9;
2022/12/19;0500 UTC;0;1015,3;1015,7;1015,3;0;19,1;16,8;19,3;18,8;16,9;16,6;88;84;87;141;8,7;2,6;
2022/12/19;0600 UTC;,8;1015;1015,3;1015;0;18,9;16,9;19,2;18,9;16,9;16,6;89;85;89;135;5,1;2,1;
2022/12/19;0700 UTC;0;1015;1015,1;1014,9;0;19,5;17,3;19,5;18,8;17,3;16,9;90;87;87;109;7,7;3;
2022/12/19;0800 UTC;,2;1015,5;1015,5;1015;0;19,4;17,3;19,6;19,2;17,6;17,2;89;87;88;76;7,7;3,3;
2022/12/19;0900 UTC;1,2;1015,9;1015,9;1015,5;6,9;18,7;16,5;19,4;18,6;17,5;16,5;91;87;87;88;7,9;4,2;
2022/12/19;1000 UTC;,8;1016,3;1016,4;1015,9;67,3;18,2;16,8;18,7;18,1;16,9;16,3;92;86;92;84;10,9;5,8;
2022/12/19;1100 UTC;,6;1017;1017;1016,3;239,3;18,4;16,1;18,5;18,1;16,9;15,5;92;85;86;80;13,3;5,6;
2022/12/19;1200 UTC;0;1017;1017,2;1016,9;425,3;19,2;15,3;19,2;18,4;16,3;15,3;86;78;78;79;10,7;5,6;
2022/12/19;1300 UTC;,2;1017,3;1017,4;1017;524,2;19;15,7;19,4;18,8;15,8;15,1;82;76;81;107;13,3;3;
2022/12/19;1400 UTC;0;1017,1;1017,4;1017,1;603,3;20,2;16;20,2;18,9;17;15,6;86;76;77;108;7,2;3,9;
2022/12/19;1500 UTC;0;1016,5;1017,2;1016,5;1224,6;20,6;16,8;21;20;17,7;15,9;82;76;79;116;7,4;4;
2022/12/19;1600 UTC;0;1015,7;1016,6;1015,7;2371,7;22,8;18,2;23,2;20,4;18,6;16,6;81;72;76;98;8,4;4,6;
2022/12/19;1700 UTC;0;1015,2;1015,7;1015,1;3125,1;23,3;18,2;24,9;22,6;19,2;17,5;77;67;73;88;11,2;6;
2022/12/19;1800 UTC;0;1014,4;1015,2;1014,3;1961,4;23,4;18,9;23,6;22,5;18,9;17,5;77;71;76;94;12,8;5;
2022/12/19;1900 UTC;0;1013,8;1014,4;1013,7;1171,5;23;18,1;23,6;22,7;18,8;17,9;76;73;74;90;12,2;5,5;
2022/12/19;2000 UTC;0;1013,5;1013,9;1013,4;1071,6;22,8;17,5;23,2;22,3;18,5;17,3;76;71;72;79;13,2;5,9;
2022/12/19;2100 UTC;0;1013,4;1013,6;1013,3;780,1;22,1;17,1;22,8;22,1;17,8;17;74;72;73;78;14,3;7,1;
2022/12/19;2200 UTC;0;1013,7;1013,7;1013,3;242,6;21,5;16,1;22,1;21,5;17,1;16,1;74;71;71;81;16,7;5,4;
2022/12/19;2300 UTC;0;1013,6;1013,9;1013,6;24;20,8;15,9;21,5;20,7;16,4;15,9;74;71;73;74;14,4;6,7;
2022/12/20;0000 UTC;0;1013,9;1014;1013,6;0;20,8;16;20,9;20,6;16,1;15,4;75;71;74;67;16;6,1;
2022/12/20;0100 UTC;0;1014,6;1014,6;1013,9;0;21,1;16;21,2;20,8;16,5;16;76;72;72;58;14,3;4,3;
2022/12/20;0200 UTC;0;1014,4;1014,6;1014,3;0;21,1;15,7;21,3;21,1;16;15,5;72;69;71;72;14,4;5,3;
2022/12/20;0300 UTC;0;1014,4;1014,6;1014,4;0;20,6;16;21,2;20,6;16;15,4;75;70;75;86;9;2,9;
2022/12/20;0400 UTC;0;1013,9;1014,3;1013,9;0;20,2;16,7;20,7;20,2;16,7;16;80;74;80;95;7,8;3,9;
2022/12/20;0500 UTC;0;1013,6;1014;1013,6;0;19,9;16,8;20,3;19,9;16,9;16,6;83;80;82;90;7,2;2,7;
2022/12/20;0600 UTC;0;1013;1013,6;1013;0;19,8;16,8;20;19,7;16,9;16,7;83;82;83;79;8,2;4,6;
2022/12/20;0700 UTC;0;1013,1;1013,1;1012,9;0;19,9;17;20;19,7;17;16,8;84;82;84;80;8,2;3;
2022/12/20;0800 UTC;0;1013,4;1013,6;1013,1;0;20,2;17,4;20,3;19,8;17,4;17;84;83;84;80;6,1;3,6;
2022/12/20;0900 UTC;0;1014;1014;1013,4;74,7;20,3;17,8;20,4;19,9;17,8;17,4;86;83;86;107;7,2;2,7;
2022/12/20;1000 UTC;0;1014,5;1014,5;1013,9;295,7;21;18,4;21;20,3;18,4;17,9;87;85;85;98;6,4;3,6;
2022/12/20;1100 UTC;0;1015,1;1015,1;1014,5;563,7;22,2;17,9;22,5;21;18,6;17,7;85;74;77;120;6;3,3;
2022/12/20;1200 UTC;0;1015,3;1015,3;1015;1157,3;24,1;17,7;24,1;22,2;18,3;17,3;78;66;67;86;6,9;3,5;
2022/12/20;1300 UTC;0;1015,2;1015,3;1015,1;2997;26;18,5;26;24,1;18,8;17,3;69;62;64;93;7,3;4,3;
2022/12/20;1400 UTC;0;1015,3;1015,3;1015,1;2796,7;25,4;17,9;26,4;25,1;19;17,4;66;61;63;97;8;4,5;
2022/12/20;1500 UTC;0;1015,2;1015,3;1015;2366;25,9;18,6;26,5;25,1;19,2;17,5;67;61;64;113;7,2;4,3;
2022/12/20;1600 UTC;0;1014,7;1015,2;1014,7;3291;26,7;18,8;27,9;25,8;19,8;17,9;64;58;62;104;8;5,4;
2022/12/20;1700 UTC;0;1014,1;1014,7;1014,1;3349,9;26,9;17,4;27,6;26;19,8;17,3;64;56;56;104;8,8;5,9;
2022/12/20;1800 UTC;0;1013,8;1014,2;1013,8;2889,9;27,1;18,6;27,6;25,6;19,3;17,4;64;56;60;111;10,2;5,7;
2022/12/20;1900 UTC;0;1013,4;1013,8;1013,4;2219;26,3;18,8;27,3;25,4;20;17,8;66;59;63;102;10,1;5,3;
2022/12/20;2000 UTC;0;1013,5;1013,6;1013,3;1966,4;24,5;18,3;26,3;24,2;19,1;17,9;69;61;68;97;10,9;6,9;
2022/12/20;2100 UTC;0;1014;1014;1013,5;901,4;24,2;17;24,6;23,9;18,4;17;69;64;64;99;11,4;5,6;
2022/12/20;2200 UTC;0;1014,4;1014,4;1013,9;506,2;23,1;16,6;24,3;23,1;17,2;16,3;67;63;67;93;12,1;5,5;
2022/12/20;2300 UTC;0;1014,7;1014,7;1014,4;23,9;21,9;16,7;23,1;21,8;17;16,6;74;67;73;89;10,6;3,6;
2022/12/21;0000 UTC;0;1014,9;1014,9;1014,7;0;21,2;17,7;22;21,1;17,7;16,7;80;72;80;88;8;4,6;
2022/12/21;0100 UTC;0;1015,5;1015,5;1014,9;0;20,6;17,7;21,2;20,6;17,9;17,6;84;80;84;98;8;3,6;
2022/12/21;0200 UTC;0;1015,7;1015,8;1015,5;0;20,9;17,4;20,9;20,3;17,8;17,4;84;81;81;91;6,9;3,8;
2022/12/21;0300 UTC;0;1015,3;1015,7;1015,3;0;20,9;17,6;21,1;20,7;17,6;17,1;82;79;82;83;8,9;3,9;
2022/12/21;0400 UTC;0;1014,8;1015,3;1014,8;0;20,6;17,7;20,9;20,6;17,8;17,5;84;82;84;69;7,3;2,8;
2022/12/21;0500 UTC;0;1014,1;1014,8;1014,1;0;20,2;17,4;20,7;20,2;17,8;17,4;85;83;84;99;7,1;3;
2022/12/21;0600 UTC;0;1014;1014,1;1014;0;19,7;17,5;20,5;19,7;17,6;17,4;87;83;87;104;7,1;3,4;
2022/12/21;0700 UTC;0;1014,3;1014,3;1014;0;19,2;17,1;19,8;19,2;17,5;17,1;88;86;88;87;5,1;2,1;
2022/12/21;0800 UTC;0;1014,7;1014,7;1014,3;0;19,3;16,2;19,8;18,6;17,2;16,2;90;80;82;88;4,9;3,2;
2022/12/21;0900 UTC;0;1015,6;1015,6;1014,7;79,2;19,5;17,3;19,5;19;17,3;16,2;90;82;87;105;5,4;3,2;
2022/12/21;1000 UTC;0;1016,1;1016,1;1015,6;643,5;21,9;17,4;21,9;19,5;18;17,3;87;76;76;89;5,9;3,7;
2022/12/21;1100 UTC;0;1016,5;1016,6;1016,1;1533,6;24;17,1;24;21,9;17,7;16,8;76;66;66;83;8,6;4,5;
2022/12/21;1200 UTC;0;1016,5;1016,6;1016,4;2259,2;24,8;17,2;24,8;23,8;17,6;16,5;66;61;63;79;9,9;4,9;
2022/12/21;1300 UTC;0;1016,6;1016,7;1016,4;2588,1;24,4;16,3;25,7;24,1;17,4;15,7;64;57;60;76;10;4,8;
2022/12/21;1400 UTC;0;1016,5;1016,7;1016,5;2940;26;16,5;27,1;24,3;17,7;15,5;61;53;56;94;9,5;3,4;
2022/12/21;1500 UTC;0;1016,1;1016,5;1016;3222,2;25,8;16;27,6;25,3;17,7;15,8;59;51;55;110;9,1;5,1;
2022/12/21;1600 UTC;0;1015,9;1016,1;1015,8;2696,8;26,7;16;27,6;25,7;17,3;15,1;57;48;52;110;9,7;5,2;
2022/12/21;1700 UTC;0;1015,4;1015,9;1015,3;2487,5;26,9;15;28,8;26,1;16,9;14,6;54;45;48;113;9,5;5,8;
2022/12/21;1800 UTC;0;1015,1;1015,4;1014,9;3416,7;27,5;15;28,6;26,8;16,5;14;50;44;46;109;10;5,7;
2022/12/21;1900 UTC;0;1014,8;1015,1;1014,6;2623,7;26,8;15,4;28,1;26;16,5;14,5;52;46;50;122;10;5,8;
2022/12/21;2000 UTC;0;1014,9;1015;1014,7;2094,2;24,8;16,6;27,4;24,8;17,7;15,1;60;48;60;113;11,5;6,4;
2022/12/21;2100 UTC;0;1015,1;1015,1;1014,8;1354,9;24,8;16,3;25,6;24,7;16,9;16;60;56;59;97;10,2;5,9;
2022/12/21;2200 UTC;0;1015,4;1015,4;1015,1;535,8;23,1;16,3;24,8;23,1;16,7;16,1;66;59;66;104;10,1;5,3;
2022/12/21;2300 UTC;0;1015,6;1015,6;1015,3;25;21,8;16,9;23,1;21,7;16,9;16,3;74;66;74;92;8,8;3,7;
2022/12/22;0000 UTC;0;1015,8;1015,8;1015,6;0;20,9;16,7;21,8;20,8;17,1;16,7;78;74;77;90;6,9;3,4;
2022/12/22;0100 UTC;0;1016;1016,1;1015,8;0;21;16,9;21,3;20,9;17;16,5;78;75;77;85;8,3;3,8;
2022/12/22;0200 UTC;0;1016,1;1016,2;1016;0;20,7;16,9;21,1;20,6;16,9;16,7;79;76;79;78;6,9;3,2;
2022/12/22;0300 UTC;0;1015,8;1016,1;1015,8;0;20,4;16,9;20,9;20,3;17,1;16,9;81;79;80;72;9,2;3,5;
2022/12/22;0400 UTC;0;1015,1;1015,8;1015;0;20,4;16,2;20,5;20,2;16,8;16,2;80;77;77;68;7,6;3,9;
2022/12/22;0500 UTC;0;1014,3;1015,1;1014,3;0;19,6;16,1;20,5;19,6;16,3;16;80;77;80;75;8,6;3,6;
2022/12/22;0600 UTC;0;1014;1014,3;1014;0;19,7;16,1;19,8;19,4;16,3;16;82;79;80;82;7,5;3,3;
2022/12/22;0700 UTC;0;1013,9;1014;1013,6;0;19,9;16,4;20;19,6;16,5;16;82;78;81;87;9,1;5;
2022/12/22;0800 UTC;0;1014,6;1014,7;1013,9;0;19,8;16,5;20,1;19,7;16,6;16,4;82;80;81;92;10,3;4,7;
2022/12/22;0900 UTC;0;1015,6;1015,6;1014,6;78,8;20,4;16,2;20,4;19,8;16,6;16,2;81;77;77;90;9,9;4,2;
2022/12/22;1000 UTC;0;1016,8;1016,8;1015,6;634,3;21,6;15,8;21,6;20,4;16,2;15,7;77;70;70;80;8,7;4,3;
2022/12/22;1100 UTC;0;1017,1;1017,1;1016,8;1482,7;23,1;15,7;23,1;21,6;16,2;15,2;70;63;63;75;9,9;5,5;
2022/12/22;1200 UTC;0;1017,1;1017,3;1017;2328,4;24,3;15,9;24,3;23;16,2;15,2;63;59;60;71;9,7;4,7;
2022/12/22;1300 UTC;0;1016,5;1017,1;1016,5;2665,6;25,7;15,6;26;23,5;16,5;15;62;52;54;65;8,2;3,5;
2022/12/22;1400 UTC;0;1015,9;1016,6;1015,8;2399,3;25,7;15,2;26,4;24,6;16;14,6;55;51;53;86;7,3;4;
2022/12/22;1500 UTC;0;1015,3;1016;1015,3;3670,9;27;14,4;28,4;25,2;16,3;14,4;55;45;46;95;7,6;4,2;
2022/12/22;1600 UTC;0;1014,4;1015,3;1014,4;3541,5;27,7;15;28,7;26,4;16,7;14,1;51;43;46;80;7,9;3,6;
2022/12/22;1700 UTC;0;1013,6;1014,4;1013,6;2991,2;27,5;15,2;28,6;26,6;16,1;14,4;49;43;47;90;9,2;4,3;
2022/12/22;1800 UTC;0;1013,3;1013,6;1013,2;3470,1;27,6;15,6;28,9;26,9;16,1;14,5;49;43;48;83;9,3;5,1;
2022/12/22;1900 UTC;0;1013;1013,4;1012,8;2674,6;26,6;15,1;28,3;25,9;16,3;14,9;52;47;49;107;11,3;6,9;
2022/12/22;2000 UTC;0;1012,9;1013;1012,8;2159,4;25,9;14,5;27,2;25,9;15,6;14,4;50;47;49;106;11,4;5,5;
2022/12/22;2100 UTC;0;1012,7;1013;1012,6;1338,8;24,5;14,5;26;24,5;15,1;14,3;54;49;54;99;10,3;6,5;
2022/12/22;2200 UTC;0;1012,9;1012,9;1012,7;496,6;22,9;14,5;24,5;22,9;15;14,2;59;54;59;91;10,2;4,9;
2022/12/22;2300 UTC;0;1013,2;1013,2;1012,8;23,9;21,5;14,8;22,8;21,5;14,9;14,5;66;59;66;90;9,2;3,8;
2022/12/23;0000 UTC;0;1013,4;1013,4;1013,1;0;20,8;15,2;21,5;20,7;15,2;14,9;70;66;70;78;7,2;3;
2022/12/23;0100 UTC;0;1013,3;1013,6;1013,2;0;20,7;15,3;20,9;20,3;15,5;15,1;73;70;71;85;7,9;4,5;
2022/12/23;0200 UTC;0;1012,9;1013,3;1012,9;0;20,5;15,8;20,7;20,3;15,8;15,3;75;71;74;69;9,2;3,9;
2022/12/23;0300 UTC;0;1012,8;1013;1012,8;0;20,2;16,2;20,6;20,1;16,2;15,7;78;74;78;79;8,1;3,9;
2022/12/23;0400 UTC;0;1012,6;1012,8;1012,6;0;19,9;16,4;20,3;19,6;16,5;16,2;81;78;80;77;8;3;
2022/12/23;0500 UTC;0;1011,9;1012,6;1011,9;0;19,7;16,3;20;19,4;16,5;16,2;82;80;81;77;5,8;2,7;
2022/12/23;0600 UTC;0;1011,5;1011,9;1011,5;0;19,4;16,4;19,9;19,4;16,5;16,3;83;80;83;65;4,3;,8;
2022/12/23;0700 UTC;0;1011,4;1011,5;1011,3;0;18,5;16,4;19,4;18,2;16,6;15,9;89;82;88;65;2,9;1,1;
2022/12/23;0800 UTC;0;1011,8;1011,8;1011,4;0;18,4;16,3;18,5;18,2;16,4;16,2;88;87;88;43;3,2;1,5;
2022/12/23;0900 UTC;0;1012,4;1012,4;1011,7;83,9;19;16,5;19;18,3;16,5;16,2;88;85;85;37;3,7;1,9;
2022/12/23;1000 UTC;0;1013,2;1013,2;1012,4;611,3;20,9;17;20,9;19;17,1;16,5;85;78;78;30;4;1,7;
2022/12/23;1100 UTC;0;1014;1014;1013,2;1445;23,7;16,6;23,8;20,9;17,3;16,4;78;64;64;43;4;1,8;
2022/12/23;1200 UTC;0;1013,9;1014,1;1013,9;2259,6;26;16,3;26;23,7;17,1;15,9;65;55;55;130;4,1;1,1;
2022/12/23;1300 UTC;0;1013,4;1013,9;1013,4;2969,5;26,4;16,9;26,4;25,3;17;15,7;58;54;56;208;4,3;2,5;
2022/12/23;1400 UTC;0;1013,1;1013,4;1013,1;3485,4;26,5;16,4;27,4;26,1;17,7;15,8;57;52;54;224;5,6;2,7;
2022/12/23;1500 UTC;0;1012,7;1013,1;1012,7;3797,1;27,4;17,4;27,9;26;18;16,2;58;53;54;254;6,7;3,7;
2022/12/23;1600 UTC;0;1011,9;1012,7;1011,9;3745,2;28,4;18,2;29,1;27,3;19,2;17,3;57;53;54;204;7,1;4,5;
2022/12/23;1700 UTC;0;1011;1011,9;1010,9;3613,3;30,6;16,8;32,1;28,4;19,6;15,1;55;37;43;85;7,3;4;
2022/12/23;1800 UTC;0;1010,8;1011;1010,7;3450,7;30,9;16,2;32,1;30,7;17,9;16;44;40;41;76;9,8;5,8;
2022/12/23;1900 UTC;0;1010,1;1010,8;1010;2849,7;30,6;16,3;31,4;29,9;16,7;15,3;43;39;42;89;10,9;5,6;
2022/12/23;2000 UTC;0;1009,6;1010,1;1009,5;2117,5;28,1;16,3;30,8;28,1;17,2;15,8;49;41;49;77;9,8;6,6;
2022/12/23;2100 UTC;0;1009,3;1009,7;1009,3;1307,6;26,6;17,7;28,4;26,5;17,7;16,6;58;49;58;66;11;4,5;
2022/12/23;2200 UTC;0;1009,9;1009,9;1009,3;501,8;24,1;17,4;26,6;24,1;17,7;17,2;66;57;66;73;9,9;4,3;
2022/12/23;2300 UTC;0;1010,4;1010,4;1009,9;17,8;22,6;17,3;24,1;22,6;17,5;17,3;72;66;72;72;9,6;3,9;
2022/12/24;0000 UTC;0;1010,7;1010,7;1010,3;0;22,2;17,3;22,6;22,2;17,4;17,2;74;72;74;56;8,6;3,1;
2022/12/24;0100 UTC;0;1010,8;1010,9;1010,7;0;21,7;17,3;22,3;21,6;17,3;17,1;76;73;76;74;6,9;1,9;
2022/12/24;0200 UTC;0;1011,1;1011,1;1010,7;0;20,3;17,1;21,8;20,3;17,4;17;82;76;82;309;3,9;,7;
2022/12/24;0300 UTC;0;1010,8;1011,1;1010,8;0;19,3;17,2;20,4;18,9;17,6;16,2;88;82;88;276;1,8;,6;
2022/12/24;0400 UTC;0;1010,1;1010,8;1010,1;0;18;16,3;19,3;18;17,3;16,2;91;86;90;272;1,5;,6;
2022/12/24;0500 UTC;0;1009,7;1010,1;1009,6;0;19,3;17,2;19,5;17,8;17,4;16,1;92;87;88;5;2,9;,8;
2022/12/24;0600 UTC;0;1009,7;1009,8;1009,4;0;17,9;16,3;19,4;17,7;17,5;16;91;86;91;213;3,3;,7;
2022/12/24;0700 UTC;0;1010,4;1010,5;1009,7;0;17,4;16,3;18,1;17,3;17,1;15,8;94;90;94;79;1,3;,8;
2022/12/24;0800 UTC;0;1011;1011;1010,4;0;17,8;16,7;18;17,2;17,2;16,2;96;93;93;49;2,3;1,1;
2022/12/24;0900 UTC;0;1011,5;1011,5;1011;105,9;18,1;17,1;18,1;17,1;17,2;16,1;96;93;94;37;2,8;1,5;
2022/12/24;1000 UTC;0;1012,1;1012,1;1011,5;635,2;21,9;18;21,9;18,1;18,2;17,1;94;78;79;36;2,8;,8;
2022/12/24;1100 UTC;0;1012,2;1012,2;1012;1471,9;25,8;15;25,8;21,9;18;14,3;79;50;51;355;4,8;2,1;
2022/12/24;1200 UTC;0;1012,6;1012,7;1012,2;2296,1;27;13,8;27,5;25,7;15,1;13,8;51;44;44;349;4,8;1,9;
2022/12/24;1300 UTC;0;1012,3;1012,6;1012,3;2985,9;28,4;14;28,9;27;15,4;13,2;46;40;41;337;6,5;2,5;
2022/12/24;1400 UTC;0;1012;1012,3;1012;3512,1;30,4;14,3;30,4;28,4;15,1;13,1;42;35;38;17;6;2,7;
2022/12/24;1500 UTC;0;1011,4;1012;1011,4;3822,3;30,9;15;32,3;30;15,8;12,2;40;31;38;273;6;2,3;
2022/12/24;1600 UTC;0;1010,9;1011,4;1010,8;3884,4;30,9;15,4;32,2;30,5;16;13,7;40;33;39;210;6,6;3,7;
2022/12/24;1700 UTC;0;1011;1011;1010,8;3774,3;31,5;14,6;32,1;30,4;16,5;13,9;42;34;36;152;6,6;3,7;
2022/12/24;1800 UTC;0;1010,5;1011;1010,5;3409,4;31,9;16,9;32,5;31,3;17,7;14,3;42;35;41;169;6,5;3,9;
2022/12/24;1900 UTC;0;1009,9;1010,6;1009,9;2815,1;31,3;19;32,6;31,3;19,3;15,4;48;36;48;145;6,9;4,7;
2022/12/24;2000 UTC;0;1009,7;1009,9;1009,7;1974,5;30,9;18;32,2;30,7;19,8;17,5;50;44;46;111;9,1;4,8;
2022/12/24;2100 UTC;0;1009,7;1009,8;1009,5;1090,4;29,6;17,6;30,9;29,6;18,2;17,3;49;45;49;78;8,4;4,1;
2022/12/24;2200 UTC;0;1010,2;1010,2;1009,7;479,4;27,7;16,7;29,6;27,7;17,3;16,2;51;47;51;52;8,6;2,9;
2022/12/24;2300 UTC;0;1010,6;1010,6;1010,1;26,3;25,9;17,6;27,7;25,9;18;16,7;62;51;60;46;6,1;1,7;
2022/12/25;0000 UTC;0;1011,5;1011,5;1010,6;0;25,2;17,5;26,1;25;17,6;17;62;57;62;100;5,8;1,4;
2022/12/25;0100 UTC;0;1012,2;1012,2;1011,4;0;22,3;17,6;25,5;22,2;17,8;16,6;75;58;75;147;7,2;2,2;
2022/12/25;0200 UTC;0;1012,4;1012,4;1012,1;0;21;17,7;22,5;20,6;17,7;17;82;74;81;217;4,2;,8;
2022/12/25;0300 UTC;0;1012,3;1012,5;1012,2;0;20,1;17,6;21,6;20;17,8;17;86;78;85;288;1,7;,4;
2022/12/25;0400 UTC;0;1012;1012,3;1012;0;18,6;16,6;20,1;18,6;17,7;16,5;91;85;88;251;1;,3;
2022/12/25;0500 UTC;0;1011,6;1012;1011,5;0;18,5;16,7;18,8;18;17,4;16,3;93;88;89;81;2;,8;
2022/12/25;0600 UTC;0;1011,2;1011,6;1011,2;0;18,1;17,2;18,7;17,9;17,5;16,2;94;89;94;55;1,5;,6;
2022/12/25;0700 UTC;0;1011;1011,5;1011;0;18,2;17,1;18,3;17,3;17,2;15,8;95;90;93;47;2,4;1,4;
2022/12/25;0800 UTC;0;1011,5;1011,5;1010,9;0;20,4;17,8;20,4;18,2;17,8;17,2;93;85;85;352;3,7;1;
2022/12/25;0900 UTC;0;1012,2;1012,2;1011,5;44,5;19,9;18;20,6;19,8;18;17,7;89;85;89;142;4,2;,6;
2022/12/25;1000 UTC;0;1012,6;1012,6;1012,2;464,2;22,8;19,7;22,9;19,9;20,6;17,9;93;83;83;195;4,1;2,8;
2022/12/25;1100 UTC;0;1013,5;1013,5;1012,6;1359,1;24,1;20,4;24,5;22,5;20,5;19,6;87;76;80;210;5,7;4;
2022/12/25;1200 UTC;0;1013,7;1013,9;1013,5;2052,2;25,6;19,8;25,6;23,7;20,8;19,3;81;70;70;210;7,3;3,9;
2022/12/25;1300 UTC;0;1013,4;1013,8;1013,4;2763,3;27,1;20,7;27,1;25,2;20,8;19;72;65;68;188;8;3,5;
2022/12/25;1400 UTC;0;1013,2;1013,4;1013,2;3074,4;28;20,9;28,2;26,5;20,9;19,5;68;62;66;201;7,2;4,4;
2022/12/25;1500 UTC;0;1013,1;1013,3;1013;3614,6;26,9;20,6;28,1;26,5;21,3;20;71;64;68;168;7,8;5,1;
2022/12/25;1600 UTC;0;1012,9;1013,1;1012,9;3499,7;26,9;20,3;27,9;26,3;21,3;20;70;64;67;163;8,7;5,2;
2022/12/25;1700 UTC;0;1012,6;1013;1012,6;3000,1;26,9;20;27,9;26;20,8;19,6;70;64;66;157;10,3;5,2;
2022/12/25;1800 UTC;0;1012,5;1012,7;1012,4;1628,7;25,6;19,7;27,4;25,4;20,7;19,6;72;65;70;163;12,1;6,4;
2022/12/25;1900 UTC;0;1011,9;1012,6;1011,8;987,8;24,5;20,1;25,8;24,4;20,3;19,3;77;70;77;184;11,3;6;
2022/12/25;2000 UTC;0;1012,1;1012,1;1011,6;457;24,3;19,9;24,8;23,9;20,4;19,6;80;76;76;172;9,7;4,7;
2022/12/25;2100 UTC;0;1011,8;1012,2;1011,5;606,4;24,5;20,3;24,6;24;20,7;19,9;81;76;78;175;9;4,8;
2022/12/25;2200 UTC;0;1012,4;1012,4;1011,8;475,3;24,2;20;24,7;24,2;20,7;19,6;79;75;77;156;8,2;3,3;
2022/12/25;2300 UTC;0;1012,3;1012,6;1012,2;19,2;23,6;20,7;24,2;23,6;20,7;19,9;84;77;84;151;6,3;3,7;
2022/12/26;0000 UTC;0;1012,9;1012,9;1012,3;0;23,1;20,7;23,6;23;20,9;20,6;87;84;86;217;5,8;1,5;
2022/12/26;0100 UTC;0;1013,3;1013,3;1012,9;0;23,1;21;23,2;22,9;21,2;20,6;89;86;88;219;5,6;3,6;
2022/12/26;0200 UTC;0;1013,4;1013,4;1013,2;0;22,8;20,8;23,1;22,8;21;20,8;89;88;89;206;5,8;3,4;
2022/12/26;0300 UTC;0;1013;1013,4;1013;0;22,5;20,7;22,8;22,5;20,9;20,7;91;89;90;204;6,1;3,6;
2022/12/26;0400 UTC;0;1013,3;1013,4;1012,9;0;22,3;20,3;22,5;22,3;20,8;20,3;90;88;88;222;8,4;5,1;
2022/12/26;0500 UTC;0;1012,7;1013,3;1012,7;0;22;19,9;22,3;22;20,3;19,8;89;87;88;204;7,5;3,5;
2022/12/26;0600 UTC;0;1012,4;1012,7;1012,4;0;21,6;19,7;22;21,5;19,9;19,7;90;88;89;207;6,5;4,3;
2022/12/26;0700 UTC;0;1012,2;1012,4;1012,2;0;21,4;19,4;21,6;21,4;19,7;19,4;90;88;88;199;7,5;4;
2022/12/26;0800 UTC;0;1012,9;1012,9;1012,2;0;21,3;19,2;21,4;21,3;19,5;19,2;90;88;88;214;7,1;3,8;
2022/12/26;0900 UTC;0;1013,6;1013,6;1012,9;20,9;21,3;18,9;21,3;21,3;19,3;18,9;88;86;86;213;7,6;4;
2022/12/26;1000 UTC;0;1014;1014;1013,6;137,4;21,6;19,2;21,6;21,3;19,2;18,7;86;85;86;206;6,8;3;
2022/12/26;1100 UTC;0;1014,3;1014,3;1014;208,3;21,7;18,9;21,7;21,5;19,2;18,7;86;84;84;191;7,9;3,4;
2022/12/26;1200 UTC;0;1014,5;1014,5;1014,1;342,7;21,5;19,2;22,1;21,5;19,3;18,8;87;83;87;187;6,6;3,6;
2022/12/26;1300 UTC;3,8;1014,3;1014,6;1014,3;303,6;20,8;19,9;21,5;20,4;19,9;19,2;95;87;94;167;6,1;3,1;
2022/12/26;1400 UTC;0;1014;1014,3;1013,9;1760,9;22,4;19,4;22,6;20,7;20,6;19,1;94;82;83;160;8,3;5;
2022/12/26;1500 UTC;0;1013,9;1014,1;1013,9;1063,7;22,5;18,2;22,6;22;19,3;18;84;77;77;170;8,2;3,5;
2022/12/26;1600 UTC;0;1013,6;1013,9;1013,6;834,4;22,3;17,8;23;22;18,9;17,5;79;74;76;174;7,3;3,7;
2022/12/26;1700 UTC;0;1013,5;1013,6;1013,4;600,9;22,4;15,3;22,6;22,1;17,8;15,3;76;64;64;169;7,3;4,1;
2022/12/26;1800 UTC;0;1013,2;1013,5;1013,2;560,8;22,2;15,8;22,7;22,1;16,1;15,4;68;64;67;173;7,2;3,6;
2022/12/26;1900 UTC;0;1012,8;1013,2;1012,7;511,2;22,5;15,8;22,6;22,2;16;15,3;67;64;66;148;7,6;3,6;
2022/12/26;2000 UTC;0;1012,1;1012,8;1011,8;397;22;14,8;22,5;22;15,8;14,7;67;63;64;159;7,9;3,7;
2022/12/26;2100 UTC;0;1012,2;1012,3;1011,9;346,9;21,7;14,5;22,1;21,7;15,2;14,2;66;62;64;143;7,7;3,6;
2022/12/26;2200 UTC;0;1012,4;1012,4;1012,2;81,9;21,3;14,6;21,7;21,2;14,8;14,3;66;63;66;132;6,8;3;
2022/12/26;2300 UTC;0;1012,9;1012,9;1012,4;3,9;21;14,6;21,3;21;14,9;14,1;68;64;67;108;6,2;2,4;
2022/12/27;0000 UTC;0;1013,1;1013,2;1012,8;0;20,5;14,9;21;20,5;14,9;14,5;70;67;70;87;4,2;1,5;
2022/12/27;0100 UTC;0;1013,4;1013,4;1013,1;0;20,1;15;20,5;20,1;15,2;14,8;73;70;72;104;2,4;1,6;
2022/12/27;0200 UTC;0;1013,4;1013,6;1013,4;0;19,8;15,1;20,2;19,7;15,3;14,9;75;72;75;107;2,8;1,5;
2022/12/27;0300 UTC;0;1013;1013,4;1013;0;18,9;15,2;19,8;18,8;15,9;15;83;74;79;62;2,1;,9;
2022/12/27;0400 UTC;0;1012,7;1013;1012,7;0;16,8;15,3;18,9;16,8;15,8;15,1;91;79;91;50;1,4;,2;
2022/12/27;0500 UTC;0;1012,2;1012,7;1012,2;0;17,1;15,6;17,1;16,3;15,7;14,9;93;90;91;27;1;,5;
2022/12/27;0600 UTC;0;1012,5;1012,5;1012,2;0;17,1;15,2;17,6;17,1;15,6;15,1;91;86;88;341;1,6;,4;
2022/12/27;0700 UTC;0;1012,3;1012,5;1012,2;0;16,8;15,3;17,2;16,8;15,8;15,1;92;88;91;84;1;,5;
2022/12/27;0800 UTC;0;1012,4;1012,4;1012,2;0;16;15,1;16,8;15,8;15,3;14,9;95;91;94;26;1,1;,5;
2022/12/27;0900 UTC;0;1012,9;1012,9;1012,4;92,2;16,5;15,4;16,5;15,7;15,4;14,8;95;93;94;249;1;,3;
2022/12/27;1000 UTC;0;1013,1;1013,1;1012,9;695;20,1;15,2;20,1;16,5;16,4;15;94;73;73;85;2,1;1,5;
2022/12/27;1100 UTC;0;1013,6;1013,7;1013,1;1395,6;22,6;15,5;22,6;20,2;16,2;14,7;74;63;65;125;4;2,4;
2022/12/27;1200 UTC;0;1013,5;1013,9;1013,5;2206,2;23,9;15,4;24;22,4;15,8;14,4;65;56;59;129;5,5;2,7;
2022/12/27;1300 UTC;0;1013,2;1013,6;1013,2;2344,2;23,8;14,6;24,5;23;15,8;14,5;61;55;56;140;6,5;3,7;
2022/12/27;1400 UTC;0;1013;1013,2;1012,8;3285,5;25,5;12,8;26,3;23,8;15,4;12,2;58;43;45;122;8;4,2;
2022/12/27;1500 UTC;0;1012,8;1013;1012,6;3465,9;26,5;12,1;26,8;25,3;13,3;10,9;46;39;41;147;8,6;4,1;
2022/12/27;1600 UTC;0;1011,9;1012,8;1011,9;3178,4;25,9;11,5;27;25,7;13,3;11,2;45;40;41;150;8,5;5,1;
2022/12/27;1700 UTC;0;1011,3;1012;1011,3;2957,2;25,8;14,2;26,6;25,6;14,9;11,4;50;40;49;156;8,8;4,9;
2022/12/27;1800 UTC;0;1011,4;1011,4;1011,2;2051,8;26,1;14,5;26,6;25,4;14,9;13,3;51;46;49;137;8,9;4,3;
2022/12/27;1900 UTC;0;1011,1;1011,5;1011;1563;25,7;14,5;26,4;25,5;14,8;14;50;47;50;101;8,4;5,5;
2022/12/27;2000 UTC;0;1011,1;1011,1;1010,9;1099,7;25;14,1;25,8;24,9;14,5;13,3;51;47;51;113;8,2;4,8;
2022/12/27;2100 UTC;0;1010,9;1011,1;1010,6;491,3;23,8;14,8;25;23,8;14,9;14;57;51;57;123;8;3,4;
2022/12/27;2200 UTC;0;1012;1012;1010,7;101,7;23;16;23,8;23;16;14,9;65;57;65;108;7,3;3,2;
2022/12/27;2300 UTC;0;1012,5;1012,5;1012;6,2;22,3;16;23;22,3;16,2;16;68;65;68;98;7,4;3;
2022/12/28;0000 UTC;0;1011,8;1012,5;1011,8;0;21,1;16,8;22,3;21,1;16,8;16;76;67;76;83;5,1;2,4;
2022/12/28;0100 UTC;,2;1010,8;1011,8;1010,8;0;20,6;17,5;21,1;20,4;17,6;16,7;84;76;82;89;5,5;3,1;
2022/12/28;0200 UTC;,2;1010,7;1011,1;1010,7;0;20,4;18,1;20,7;20,4;18,1;17,5;87;82;87;46;5,7;1,8;
2022/12/28;0300 UTC;,2;1010,4;1010,7;1010,3;0;20;18,6;20,4;20;18,6;18,1;92;87;91;28;4,1;,8;
2022/12/28;0400 UTC;6,6;1009,7;1010,4;1009,7;0;19,7;19;20,1;19,7;19;18,6;96;91;96;51;2,2;,4;
2022/12/28;0500 UTC;3,2;1007,8;1009,7;1007,3;0;19,8;19;19,8;19,5;19;18,9;96;95;95;92;9;1;
2022/12/28;0600 UTC;0;1006,6;1008;1006,6;0;19,7;18,8;19,9;19,6;19;18,4;95;93;94;100;3,1;1,3;
2022/12/28;0700 UTC;0;1006,3;1006,8;1006,2;0;19,6;18,7;19,7;19,5;18,8;18,6;95;94;95;59;4,4;1,1;
2022/12/28;0800 UTC;0;1005,2;1006,3;1005,2;0;19,7;18,9;19,7;19,6;18,9;18,8;96;95;95;31;3,6;2,1;
2022/12/28;0900 UTC;,4;1006,6;1006,6;1005,2;11,5;19,9;19,2;19,9;19,6;19,2;18,8;96;95;96;309;3,6;1,5;
2022/12/28;1000 UTC;2;1007,7;1008;1006,6;29,1;16,8;15,8;20,1;16,8;19,2;15,7;96;90;93;217;12,3;6,7;
2022/12/28;1100 UTC;4;1008,2;1009,3;1007,7;580,5;18,3;16,6;18,3;16,5;17,1;15,6;95;90;90;213;12,7;5;
2022/12/28;1200 UTC;0;1008,5;1008,5;1008,2;1324,9;19,3;16,7;19,4;18,3;17,4;16,3;92;85;85;221;8,8;5,4;
2022/12/28;1300 UTC;0;1009;1009;1008,5;1211,1;19,8;16,8;20,7;19,2;17,7;16,4;87;79;83;223;9,2;5,4;
2022/12/28;1400 UTC;0;1009,3;1009,3;1008,9;640,4;20,5;15,9;20,6;19,8;17,2;15,7;83;74;75;220;9,2;5,6;
2022/12/28;1500 UTC;0;1010;1010;1009,3;743,8;20,8;15,6;21,2;20,5;16,4;15,4;76;71;72;226;10;5,6;
2022/12/28;1600 UTC;0;1009,7;1010,1;1009,7;2958,4;23,4;15,7;24,2;20,8;17,2;15,4;74;60;62;230;10;4,7;
2022/12/28;1700 UTC;0;1009,5;1009,7;1009,3;3723,6;24,6;15,9;25,2;23;16,8;15,1;66;56;58;224;8,1;5,3;
2022/12/28;1800 UTC;0;1009,3;1009,6;1009,2;3416,6;24,6;16,3;25,4;24,3;16,9;15;63;56;60;190;8,1;2,3;
2022/12/28;1900 UTC;0;1008,8;1009,3;1008,8;2920,9;25,1;16,1;25,5;24,4;17,5;15,5;64;57;58;154;5,5;2,1;
2022/12/28;2000 UTC;0;1008,1;1008,8;1008,1;2180,9;25,3;16,8;25,5;24,6;17,3;15,8;61;57;59;120;4,3;1,6;
2022/12/28;2100 UTC;0;1007,5;1008,1;1007,5;1332,1;24,8;16,8;25,7;24,7;17,3;16,1;63;57;61;126;4;2,5;
2022/12/28;2200 UTC;0;1007,4;1007,6;1007,4;523,7;23,8;16,3;24,7;23,8;17;16,3;64;61;63;113;4,5;1,6;
2022/12/28;2300 UTC;0;1008;1008;1007,4;26,3;20,8;17,8;23,9;20,8;17,9;16,3;83;63;83;83;2;,4;
2022/12/29;0000 UTC;0;1008,7;1008,7;1008;0;20,3;17,6;20,9;19,9;18;17,5;87;82;84;25;3,5;1,7;
2022/12/29;0100 UTC;0;1009,2;1009,2;1008,7;0;20,3;16;21;20,3;17,4;15,9;84;76;76;27;4,2;1,9;
2022/12/29;0200 UTC;0;1009,4;1009,6;1009,1;0;20;15,7;20,3;19,8;16;15,7;78;76;76;34;4,8;2,4;
2022/12/29;0300 UTC;0;1009,4;1009,5;1009,4;0;19,6;15,6;20;19,6;15,7;15,6;78;76;77;24;4,8;1,6;
2022/12/29;0400 UTC;0;1009,2;1009,5;1009,1;0;20;15,7;20;19,5;15,7;15,5;79;76;76;29;4,3;1,7;
2022/12/29;0500 UTC;0;1008,6;1009,3;1008,6;0;19,9;15,8;20,1;18,7;16,4;15,4;85;75;77;26;3,3;1,4;
2022/12/29;0600 UTC;0;1008,3;1008,7;1008,2;0;20,2;15,5;20,2;19,2;16,5;15,3;84;74;75;13;3;,8;
2022/12/29;0700 UTC;0;1008,4;1008,4;1008,2;0;19,2;15,6;20,6;19;15,8;15,2;82;72;80;15;2,6;,8;
2022/12/29;0800 UTC;0;1008,7;1008,8;1008,4;0;20,4;15,7;20,7;19;15,8;15,4;81;73;75;297;5,2;1,9;
2022/12/29;0900 UTC;0;1010;1010;1008,7;44;20,4;16,3;20,7;20,1;16,3;15,6;77;74;77;286;5,1;1,4;
2022/12/29;1000 UTC;0;1011,5;1011,5;1010;567,4;21,5;17;22,2;20,3;17,4;16,3;79;74;76;209;5,4;3,2;
2022/12/29;1100 UTC;0;1012,7;1012,7;1011,5;912,1;21,8;18;22,1;20,9;18,4;16,9;83;75;79;201;8,2;4,3;
2022/12/29;1200 UTC;0;1013,3;1013,3;1012,6;1983,5;22,6;17,6;23,2;21,4;19,1;17,6;81;73;74;221;8,8;3,7;
2022/12/29;1300 UTC;0;1013,8;1013,9;1013,3;2280;22,7;17;24;22,6;18,8;17;75;69;70;221;9,3;5,1;
2022/12/29;1400 UTC;0;1013,9;1013,9;1013,7;3563,7;24,5;16,5;25,1;22,6;18,3;16,4;72;61;61;198;8,6;4,5;
2022/12/29;1500 UTC;0;1013,7;1014;1013,7;4037,2;25,4;15;25,8;24,2;18;15;66;53;53;212;7,1;2,7;
2022/12/29;1600 UTC;0;1013,7;1013,8;1013,7;4019,5;26,2;13;26,9;25,1;16,5;12,7;57;43;44;161;7,4;2,9;
2022/12/29;1700 UTC;0;1013,4;1013,7;1013,3;3833,1;27;14,7;27,4;25,9;15,3;12,5;50;42;47;116;8;4,9;
2022/12/29;1800 UTC;0;1013,3;1013,5;1013,2;3482,1;26,3;10,6;27,4;26,1;15,2;10,6;49;37;37;135;8;4,3;
2022/12/29;1900 UTC;0;1013;1013,4;1012,9;2898,8;25,6;11,5;26,7;25,5;12,7;9,6;44;35;41;148;8,7;5,2;
2022/12/29;2000 UTC;0;1012,7;1013;1012,7;2203,5;24,9;11,7;26,1;24,8;13,7;10,8;49;41;44;147;8,6;4,8;
2022/12/29;2100 UTC;0;1012,9;1012,9;1012,6;1315,3;24,7;13,7;25,3;24,6;14,3;10,9;52;41;51;138;7,8;3,7;
2022/12/29;2200 UTC;0;1013,2;1013,2;1012,9;500,1;23;14,9;24,8;23;15,3;13,9;60;51;60;126;8,1;3,9;
2022/12/29;2300 UTC;0;1014;1014;1013,2;32,8;21,1;14;23;21;14,8;14;65;60;64;100;6,8;3,8;
2022/12/30;0000 UTC;0;1014,7;1014,7;1014;0;20,3;13;21,1;20,2;14;13;66;63;63;113;6,5;3,4;
2022/12/30;0100 UTC;0;1015,3;1015,3;1014,7;0;18,5;13,5;20,3;18,5;13,7;13;73;63;73;91;6,5;1,2;
2022/12/30;0200 UTC;0;1015,6;1015,6;1015,3;0;18,6;12,2;18,7;18,2;13,5;12,2;74;67;67;74;3,2;1,5;
2022/12/30;0300 UTC;0;1015,4;1015,6;1015,4;0;17,7;13,1;18,9;17,7;13,1;12,1;74;65;74;36;4,9;1,3;
2022/12/30;0400 UTC;0;1014,9;1015,4;1014,9;0;16,4;13,3;17,9;16,3;13,5;13;83;74;82;91;2,7;,2;
2022/12/30;0500 UTC;0;1014,3;1014,9;1014,3;0;16,8;13,5;17;15,9;13,8;13;84;79;81;16;2,5;1;
2022/12/30;0600 UTC;0;1014;1014,3;1014;0;16,5;13,6;17,1;16,3;13,6;13,1;84;79;83;27;2,5;,9;
2022/12/30;0700 UTC;0;1013,9;1014;1013,8;0;15,2;13,2;16,6;15,1;13,6;12,7;89;80;88;22;2,3;,4;
2022/12/30;0800 UTC;0;1014,1;1014,1;1013,9;0;15,7;13,7;15,9;15;13,9;13,1;91;88;88;20;2,5;1,1;
2022/12/30;0900 UTC;0;1014,4;1014,4;1014,1;70,3;16,3;13,6;16,3;15,3;13,8;13,4;90;84;84;29;2,3;1,4;
2022/12/30;1000 UTC;0;1014,8;1014,8;1014,4;610,1;19;13,4;19;16,3;14,4;13,3;84;69;70;23;2,7;1,2;
2022/12/30;1100 UTC;0;1015,1;1015,1;1014,8;1410,6;21,8;13,8;21,8;19;14,3;13,1;70;60;60;38;3;,8;
2022/12/30;1200 UTC;0;1015;1015,1;1014,9;2219,9;24;14,2;24,4;21,8;14,4;13,4;61;52;54;290;2,9;1,4;
2022/12/30;1300 UTC;0;1014,8;1015;1014,8;2927,2;24,6;15,7;25,4;24;16,9;13,9;61;51;58;235;4,5;2,1;
2022/12/30;1400 UTC;0;1014,4;1014,8;1014,4;3469,3;26,9;15,4;27,5;24,6;16,7;14,9;59;47;49;264;4,8;2,6;
2022/12/30;1500 UTC;0;1013,8;1014,4;1013,8;3816;28,9;14,6;29;26,9;16;13,1;50;38;42;275;5,1;2;
2022/12/30;1600 UTC;0;1013,1;1013,8;1013,1;3939,9;29,3;12,7;30,1;28,4;15,7;12,7;44;36;36;252;5,7;3,2;
2022/12/30;1700 UTC;0;1012,5;1013,2;1012,5;3830,7;30,7;11,2;31;29,1;13,9;9,8;37;28;30;247;6,6;3,6;
2022/12/30;1800 UTC;0;1011,9;1012,5;1011,9;3483,2;30,6;10,4;31,6;30;12,7;8,7;34;25;29;235;6,3;3,3;
2022/12/30;1900 UTC;0;1011,2;1011,8;1011,2;2904,6;30,5;9,2;31,4;30,5;11,1;8,4;30;25;27;206;6,1;2,5;
2022/12/30;2000 UTC;0;1010,7;1011,2;1010,7;2164,2;30,4;14,3;31,6;30,4;14,6;9,1;38;26;38;134;6;3,4;
2022/12/30;2100 UTC;0;1010,8;1011;1010,7;1327,7;29,1;17,1;30,7;29;17,2;14,2;49;38;48;85;6,9;4,1;
2022/12/30;2200 UTC;0;1011,1;1011,1;1010,8;509,1;26,7;16,9;29,1;26,7;17,5;16,7;55;48;55;92;7,7;3,5;
2022/12/30;2300 UTC;0;1011,5;1011,5;1011,1;31,2;25;15,6;26,7;25;17,1;15,5;57;54;56;45;6,4;2;
2022/12/31;0000 UTC;0;1011,6;1011,6;1011,5;0;23,8;16,9;25,1;23,6;16,9;15,7;66;56;66;55;5,2;2,2;
2022/12/31;0100 UTC;0;1011,9;1011,9;1011,6;0;22,6;16,9;23,8;22,6;17;16,8;70;65;70;22;5,6;2,4;
2022/12/31;0200 UTC;0;1011,8;1012;1011,8;0;22,1;17,1;22,6;22,1;17,1;16,9;73;70;73;40;5,7;2,7;
2022/12/31;0300 UTC;0;1011,5;1011,8;1011,5;0;21,5;17,5;22,1;21,5;17,5;17,1;78;73;78;29;6,3;2,8;
2022/12/31;0400 UTC;0;1011,2;1011,5;1011,1;0;21,1;17,5;21,5;21;17,6;17,4;80;78;80;23;6,2;2,1;
2022/12/31;0500 UTC;0;1011,2;1011,2;1011,1;0;19,9;17,3;21,2;19,9;17,6;17,3;85;80;85;331;4,6;,8;
2022/12/31;0600 UTC;0;1011,4;1011,4;1011,2;0;19,7;17,2;20,6;19,7;17,5;17,1;85;81;85;5;3,7;1;
2022/12/31;0700 UTC;0;1011,7;1011,7;1011,3;0;18,5;17,1;19,7;18,3;17,4;16,7;92;85;92;29;1,8;,5;
2022/12/31;0800 UTC;0;1012,2;1012,2;1011,7;0;18;16,9;18,6;18;17,3;16,7;94;91;94;15;1,5;,5;
2022/12/31;0900 UTC;0;1012,7;1012,7;1012,2;65,6;18,2;17;18,2;17,6;17,1;16,6;95;93;93;64;1,1;,6;
2022/12/31;1000 UTC;0;1013,2;1013,2;1012,7;598,3;21,9;18,2;21,9;18,2;18,3;17;93;79;80;44;1,3;,5;
2022/12/31;1100 UTC;0;1013,6;1013,6;1013,2;1346,8;26,2;19,1;26,2;22;19,7;18,3;80;65;65;357;2,1;,8;
2022/12/31;1200 UTC;0;1013,4;1013,6;1013,4;2161;28,5;17,9;28,7;26,2;19,6;17,2;66;51;53;293;4,6;2,4;
2022/12/31;1300 UTC;0;1013,4;1013,4;1013,4;2878,3;29,4;18,5;29,9;28,5;19,3;17,4;54;49;52;285;5,7;2,6;
2022/12/31;1400 UTC;0;1013,2;1013,4;1013,2;3427,4;30,6;18,4;31;29,4;19,9;17,7;53;47;48;286;6,9;2,8;
2022/12/31;1500 UTC;0;1012,7;1013,2;1012,7;3764;31,3;18,3;31,8;30,1;19,4;17,5;49;46;46;260;6,9;2,8;
2022/12/31;1600 UTC;0;1012,1;1012,7;1012,1;3878,3;33;18,2;33,4;31,3;19,7;15,8;48;34;42;249;5,3;1,7;
2022/12/31;1700 UTC;0;1011,7;1012,1;1011,7;3789,4;34,2;14,4;34,7;32,7;19,3;12,9;44;28;31;240;5,1;3,2;
2022/12/31;1800 UTC;0;1010,9;1011,7;1010,9;3461,4;34,5;11,9;34,8;33,6;15,1;11,7;31;26;26;239;5,5;2,8;
2022/12/31;1900 UTC;0;1010,5;1010,9;1010,5;2876,6;34,6;13,6;35,2;34,2;14,1;11,4;29;24;28;156;6,8;3,7;
2022/12/31;2000 UTC;0;1010,3;1010,6;1010,2;2155,1;33,3;15,7;34,9;33,2;16,8;14;37;28;35;133;7,3;4,8;
2022/12/31;2100 UTC;0;1010,1;1010,3;1010,1;1335,6;31,9;19,6;33,4;31,9;19,9;15,6;49;35;48;105;7,8;4,8;
2022/12/31;2200 UTC;0;1010,7;1010,7;1010,1;509,1;29,4;18,4;31,9;29,4;20,3;18,1;55;47;52;81;8;4,1;
2022/12/31;2300 UTC;0;1011,2;1011,2;1010,7;31,5;27,2;17,8;29,3;27,2;18,8;17,8;58;51;56;69;7;1,8;
