REGIÃO:;NE
UF:;MA
ESTAÇÃO:;FAROL de SANTANA
CODIGO (WMO):;A217
LATITUDE:;-2,27083332
LONGITUDE:;-43,62388888
ALTITUDE:;8
DATA DE FUNDAÇÃO (YYYY-MM-DD):;2008-11-28
DATA (YYYY-MM-DD);HORA (UTC);PRECIPITAÇÃO TOTAL, HORÁRIO (mm);PRESSAO ATMOSFERICA AO NIVEL DA ESTACAO, HORARIA (mB);PRESSÃO ATMOSFERICA MAX.NA HORA ANT. (AUT) (mB);PRESSÃO ATMOSFERICA MIN. NA HORA ANT. (AUT) (mB);RADIACAO GLOBAL (KJ/m²);TEMPERATURA DO AR - BULBO SECO, HORARIA (°C);TEMPERATURA DO PONTO DE ORVALHO (°C);TEMPERATURA MÁXIMA NA HORA ANT. (AUT) (°C);TEMPERATURA MÍNIMA NA HORA ANT. (AUT) (°C);TEMPERATURA ORVALHO MAX. NA HORA ANT. (AUT) (°C);TEMPERATURA ORVALHO MIN. NA HORA ANT. (AUT) (°C);UMIDADE REL. MAX. NA HORA ANT. (AUT) (%);UMIDADE REL. MIN. NA HORA ANT. (AUT) (%);UMIDADE RELATIVA DO AR, HORARIA (%);VENTO, DIREÇÃO HORARIA (gr) (° (gr));VENTO, RAJADA MAXIMA (m/s);VENTO, VELOCIDADE HORARIA (m/s);
2008-11-28;00:00;-9999;-9999;-9999;-9999;-9999;-9999;-9999;-9999;-9999;-9999;-9999;-9999;-9999;-9999;-9999;-9999;-9999;
2008-11-28;01:00;-9999;-9999;-9999;-9999;-9999;-9999;-9999;-9999;-9999;-9999;-9999;-9999;-9999;-9999;-9999;-9999;-9999;
2008-11-28;02:00;-9999;-9999;-9999;-9999;-9999;-9999;-9999;-9999;-9999;-9999;-9999;-9999;-9999;-9999;-9999;-9999;-9999;
2008-11-28;03:00;-9999;-9999;-9999;-9999;-9999;-9999;-9999;-9999;-9999;-9999;-9999;-9999;-9999;-9999;-9999;-9999;-9999;
2008-11-28;04:00;-9999;-9999;-9999;-9999;-9999;-9999;-9999;-9999;-9999;-9999;-9999;-9999;-9999;-9999;-9999;-9999;-9999;
2008-11-28;05:00;-9999;-9999;-9999;-9999;-9999;-9999;-9999;-9999;-9999;-9999;-9999;-9999;-9999;-9999;-9999;-9999;-9999;
2008-11-28;06:00;-9999;-9999;-9999;-9999;-9999;-9999;-9999;-9999;-9999;-9999;-9999;-9999;-9999;-9999;-9999;-9999;-9999;
2008-11-28;07:00;-9999;-9999;-9999;-9999;-9999;-9999;-9999;-9999;-9999;-9999;-9999;-9999;-9999;-9999;-9999;-9999;-9999;
2008-11-28;08:00;-9999;-9999;-9999;-9999;-9999;-9999;-9999;-9999;-9999;-9999;-9999;-9999;-9999;-9999;-9999;-9999;-9999;
2008-11-28;09:00;-9999;-9999;-9999;-9999;-9999;-9999;-9999;-9999;-9999;-9999;-9999;-9999;-9999;-9999;-9999;-9999;-9999;
2008-11-28;10:00;-9999;-9999;-9999;-9999;-9999;-9999;-9999;-9999;-9999;-9999;-9999;-9999;-9999;-9999;-9999;-9999;-9999;
2008-11-28;11:00;-9999;-9999;-9999;-9999;-9999;-9999;-9999;-9999;-9999;-9999;-9999;-9999;-9999;-9999;-9999;-9999;-9999;
2008-11-28;12:00;-9999;-9999;-9999;-9999;-9999;-9999;-9999;-9999;-9999;-9999;-9999;-9999;-9999;-9999;-9999;-9999;-9999;
2008-11-28;13:00;-9999;-9999;-9999;-9999;-9999;-9999;-9999;-9999;-9999;-9999;-9999;-9999;-9999;-9999;-9999;-9999;-9999;
2008-11-28;14:00;-9999;-9999;-9999;-9999;-9999;-9999;-9999;-9999;-9999;-9999;-9999;-9999;-9999;-9999;-9999;-9999;-9999;
2008-11-28;15:00;-9999;-9999;-9999;-9999;-9999;-9999;-9999;-9999;-9999;-9999;-9999;-9999;-9999;-9999;-9999;-9999;-9999;
2008-11-28;16:00;-9999;-9999;-9999;-9999;-9999;-9999;-9999;-9999;-9999;-9999;-9999;-9999;-9999;-9999;-9999;-9999;-9999;
2008-11-28;17:00;-9999;-9999;-9999;-9999;-9999;-9999;-9999;-9999;-9999;-9999;-9999;-9999;-9999;-9999;-9999;-9999;-9999;
2008-11-28;18:00;-9999;-9999;-9999;-9999;-9999;-9999;-9999;-9999;-9999;-9999;-9999;-9999;-9999;-9999;-9999;-9999;-9999;
2008-11-28;19:00;-9999;-9999;-9999;-9999;-9999;-9999;-9999;-9999;-9999;-9999;-9999;-9999;-9999;-9999;-9999;-9999;-9999;
2008-11-28;20:00;-9999;-9999;-9999;-9999;-9999;-9999;-9999;-9999;-9999;-9999;-9999;-9999;-9999;-9999;-9999;-9999;-9999;
2008-11-28;21:00;-9999;-9999;-9999;-9999;-9999;-9999;-9999;-9999;-9999;-9999;-9999;-9999;-9999;-9999;-9999;-9999;-9999;
2008-11-28;22:00;-9999;-9999;-9999;-9999;-9999;-9999;-9999;-9999;-9999;-9999;-9999;-9999;-9999;-9999;-9999;-9999;-9999;
2008-11-28;23:00;-9999;-9999;-9999;-9999;-9999;-9999;-9999;-9999;-9999;-9999;-9999;-9999;-9999;-9999;-9999;-9999;-9999;
2008-11-29;00:00;-9999;-9999;-9999;-9999;-9999;-9999;-9999;-9999;-9999;-9999;-9999;-9999;-9999;-9999;-9999;-9999;-9999;
2008-11-29;01:00;-9999;-9999;-9999;-9999;-9999;-9999;-9999;-9999;-9999;-9999;-9999;-9999;-9999;-9999;-9999;-9999;-9999;
2008-11-29;02:00;-9999;-9999;-9999;-9999;-9999;-9999;-9999;-9999;-9999;-9999;-9999;-9999;-9999;-9999;-9999;-9999;-9999;
2008-11-29;03:00;-9999;-9999;-9999;-9999;-9999;-9999;-9999;-9999;-9999;-9999;-9999;-9999;-9999;-9999;-9999;-9999;-9999;
2008-11-29;04:00;-9999;-9999;-9999;-9999;-9999;-9999;-9999;-9999;-9999;-9999;-9999;-9999;-9999;-9999;-9999;-9999;-9999;
2008-11-29;05:00;-9999;-9999;-9999;-9999;-9999;-9999;-9999;-9999;-9999;-9999;-9999;-9999;-9999;-9999;-9999;-9999;-9999;
2008-11-29;06:00;-9999;-9999;-9999;-9999;-9999;-9999;-9999;-9999;-9999;-9999;-9999;-9999;-9999;-9999;-9999;-9999;-9999;
2008-11-29;07:00;-9999;-9999;-9999;-9999;-9999;-9999;-9999;-9999;-9999;-9999;-9999;-9999;-9999;-9999;-9999;-9999;-9999;
2008-11-29;08:00;-9999;-9999;-9999;-9999;-9999;-9999;-9999;-9999;-9999;-9999;-9999;-9999;-9999;-9999;-9999;-9999;-9999;
2008-11-29;09:00;-9999;-9999;-9999;-9999;-9999;-9999;-9999;-9999;-9999;-9999;-9999;-9999;-9999;-9999;-9999;-9999;-9999;
2008-11-29;10:00;-9999;-9999;-9999;-9999;-9999;-9999;-9999;-9999;-9999;-9999;-9999;-9999;-9999;-9999;-9999;-9999;-9999;
2008-11-29;11:00;-9999;-9999;-9999;-9999;-9999;-9999;-9999;-9999;-9999;-9999;-9999;-9999;-9999;-9999;-9999;-9999;-9999;
2008-11-29;12:00;-9999;-9999;-9999;-9999;-9999;-9999;-9999;-9999;-9999;-9999;-9999;-9999;-9999;-9999;-9999;-9999;-9999;
2008-11-29;13:00;-9999;-9999;-9999;-9999;-9999;-9999;-9999;-9999;-9999;-9999;-9999;-9999;-9999;-9999;-9999;-9999;-9999;
2008-11-29;14:00;-9999;-9999;-9999;-9999;-9999;-9999;-9999;-9999;-9999;-9999;-9999;-9999;-9999;-9999;-9999;-9999;-9999;
2008-11-29;15:00;-9999;-9999;-9999;-9999;-9999;-9999;-9999;-9999;-9999;-9999;-9999;-9999;-9999;-9999;-9999;-9999;-9999;
2008-11-29;16:00;-9999;-9999;-9999;-9999;-9999;-9999;-9999;-9999;-9999;-9999;-9999;-9999;-9999;-9999;-9999;-9999;-9999;
2008-11-29;17:00;-9999;-9999;-9999;-9999;-9999;-9999;-9999;-9999;-9999;-9999;-9999;-9999;-9999;-9999;-9999;-9999;-9999;
2008-11-29;18:00;-9999;-9999;-9999;-9999;-9999;-9999;-9999;-9999;-9999;-9999;-9999;-9999;-9999;-9999;-9999;-9999;-9999;
2008-11-29;19:00;-9999;-9999;-9999;-9999;-9999;-9999;-9999;-9999;-9999;-9999;-9999;-9999;-9999;-9999;-9999;-9999;-9999;
2008-11-29;20:00;-9999;-9999;-9999;-9999;-9999;-9999;-9999;-9999;-9999;-9999;-9999;-9999;-9999;-9999;-9999;-9999;-9999;
2008-11-29;21:00;-9999;-9999;-9999;-9999;-9999;-9999;-9999;-9999;-9999;-9999;-9999;-9999;-9999;-9999;-9999;-9999;-9999;
2008-11-29;22:00;-9999;-9999;-9999;-9999;-9999;-9999;-9999;-9999;-9999;-9999;-9999;-9999;-9999;-9999;-9999;-9999;-9999;
2008-11-29;23:00;-9999;-9999;-9999;-9999;-9999;-9999;-9999;-9999;-9999;-9999;-9999;-9999;-9999;-9999;-9999;-9999;-9999;
2008-11-30;00:00;-9999;-9999;-9999;-9999;-9999;-9999;-9999;-9999;-9999;-9999;-9999;-9999;-9999;-9999;-9999;-9999;-9999;
2008-11-30;01:00;-9999;-9999;-9999;-9999;-9999;-9999;-9999;-9999;-9999;-9999;-9999;-9999;-9999;-9999;-9999;-9999;-9999;
2008-11-30;02:00;-9999;-9999;-9999;-9999;-9999;-9999;-9999;-9999;-9999;-9999;-9999;-9999;-9999;-9999;-9999;-9999;-9999;
2008-11-30;03:00;-9999;-9999;-9999;-9999;-9999;-9999;-9999;-9999;-9999;-9999;-9999;-9999;-9999;-9999;-9999;-9999;-9999;
2008-11-30;04:00;-9999;-9999;-9999;-9999;-9999;-9999;-9999;-9999;-9999;-9999;-9999;-9999;-9999;-9999;-9999;-9999;-9999;
2008-11-30;05:00;-9999;-9999;-9999;-9999;-9999;-9999;-9999;-9999;-9999;-9999;-9999;-9999;-9999;-9999;-9999;-9999;-9999;
2008-11-30;06:00;-9999;-9999;-9999;-9999;-9999;-9999;-9999;-9999;-9999;-9999;-9999;-9999;-9999;-9999;-9999;-9999;-9999;
2008-11-30;07:00;-9999;-9999;-9999;-9999;-9999;-9999;-9999;-9999;-9999;-9999;-9999;-9999;-9999;-9999;-9999;-9999;-9999;
2008-11-30;08:00;-9999;-9999;-9999;-9999;-9999;-9999;-9999;-9999;-9999;-9999;-9999;-9999;-9999;-9999;-9999;-9999;-9999;
2008-11-30;09:00;-9999;-9999;-9999;-9999;-9999;-9999;-9999;-9999;-9999;-9999;-9999;-9999;-9999;-9999;-9999;-9999;-9999;
2008-11-30;10:00;-9999;-9999;-9999;-9999;-9999;-9999;-9999;-9999;-9999;-9999;-9999;-9999;-9999;-9999;-9999;-9999;-9999;
2008-11-30;11:00;-9999;-9999;-9999;-9999;-9999;-9999;-9999;-9999;-9999;-9999;-9999;-9999;-9999;-9999;-9999;-9999;-9999;
2008-11-30;12:00;-9999;-9999;-9999;-9999;-9999;-9999;-9999;-9999;-9999;-9999;-9999;-9999;-9999;-9999;-9999;-9999;-9999;
2008-11-30;13:00;-9999;-9999;-9999;-9999;-9999;-9999;-9999;-9999;-9999;-9999;-9999;-9999;-9999;-9999;-9999;-9999;-9999;
2008-11-30;14:00;-9999;-9999;-9999;-9999;-9999;-9999;-9999;-9999;-9999;-9999;-9999;-9999;-9999;-9999;-9999;-9999;-9999;
2008-11-30;15:00;-9999;-9999;-9999;-9999;-9999;-9999;-9999;-9999;-9999;-9999;-9999;-9999;-9999;-9999;-9999;-9999;-9999;
2008-11-30;16:00;-9999;-9999;-9999;-9999;-9999;-9999;-9999;-9999;-9999;-9999;-9999;-9999;-9999;-9999;-9999;-9999;-9999;
2008-11-30;17:00;-9999;-9999;-9999;-9999;-9999;-9999;-9999;-9999;-9999;-9999;-9999;-9999;-9999;-9999;-9999;-9999;-9999;
2008-11-30;18:00;-9999;-9999;-9999;-9999;-9999;-9999;-9999;-9999;-9999;-9999;-9999;-9999;-9999;-9999;-9999;-9999;-9999;
2008-11-30;19:00;-9999;-9999;-9999;-9999;-9999;-9999;-9999;-9999;-9999;-9999;-9999;-9999;-9999;-9999;-9999;-9999;-9999;
2008-11-30;20:00;-9999;-9999;-9999;-9999;-9999;-9999;-9999;-9999;-9999;-9999;-9999;-9999;-9999;-9999;-9999;-9999;-9999;
2008-11-30;21:00;-9999;-9999;-9999;-9999;-9999;-9999;-9999;-9999;-9999;-9999;-9999;-9999;-9999;-9999;-9999;-9999;-9999;
2008-11-30;22:00;-9999;-9999;-9999;-9999;-9999;-9999;-9999;-9999;-9999;-9999;-9999;-9999;-9999;-9999;-9999;-9999;-9999;
2008-11-30;23:00;-9999;-9999;-9999;-9999;-9999;-9999;-9999;-9999;-9999;-9999;-9999;-9999;-9999;-9999;-9999;-9999;-9999;
2008-12-01;00:00;-9999;-9999;-9999;-9999;-9999;-9999;-9999;-9999;-9999;-9999;-9999;-9999;-9999;-9999;-9999;-9999;-9999;
2008-12-01;01:00;-9999;-9999;-9999;-9999;-9999;-9999;-9999;-9999;-9999;-9999;-9999;-9999;-9999;-9999;-9999;-9999;-9999;
2008-12-01;02:00;-9999;-9999;-9999;-9999;-9999;-9999;-9999;-9999;-9999;-9999;-9999;-9999;-9999;-9999;-9999;-9999;-9999;
2008-12-01;03:00;-9999;-9999;-9999;-9999;-9999;-9999;-9999;-9999;-9999;-9999;-9999;-9999;-9999;-9999;-9999;-9999;-9999;
2008-12-01;04:00;-9999;-9999;-9999;-9999;-9999;-9999;-9999;-9999;-9999;-9999;-9999;-9999;-9999;-9999;-9999;-9999;-9999;
2008-12-01;05:00;-9999;-9999;-9999;-9999;-9999;-9999;-9999;-9999;-9999;-9999;-9999;-9999;-9999;-9999;-9999;-9999;-9999;
2008-12-01;06:00;-9999;-9999;-9999;-9999;-9999;-9999;-9999;-9999;-9999;-9999;-9999;-9999;-9999;-9999;-9999;-9999;-9999;
2008-12-01;07:00;-9999;-9999;-9999;-9999;-9999;-9999;-9999;-9999;-9999;-9999;-9999;-9999;-9999;-9999;-9999;-9999;-9999;
2008-12-01;08:00;-9999;-9999;-9999;-9999;-9999;-9999;-9999;-9999;-9999;-9999;-9999;-9999;-9999;-9999;-9999;-9999;-9999;
2008-12-01;09:00;-9999;-9999;-9999;-9999;-9999;-9999;-9999;-9999;-9999;-9999;-9999;-9999;-9999;-9999;-9999;-9999;-9999;
2008-12-01;10:00;-9999;-9999;-9999;-9999;-9999;-9999;-9999;-9999;-9999;-9999;-9999;-9999;-9999;-9999;-9999;-9999;-9999;
2008-12-01;11:00;-9999;-9999;-9999;-9999;-9999;-9999;-9999;-9999;-9999;-9999;-9999;-9999;-9999;-9999;-9999;-9999;-9999;
2008-12-01;12:00;-9999;-9999;-9999;-9999;-9999;-9999;-9999;-9999;-9999;-9999;-9999;-9999;-9999;-9999;-9999;-9999;-9999;
2008-12-01;13:00;-9999;-9999;-9999;-9999;-9999;-9999;-9999;-9999;-9999;-9999;-9999;-9999;-9999;-9999;-9999;-9999;-9999;
2008-12-01;14:00;-9999;-9999;-9999;-9999;-9999;-9999;-9999;-9999;-9999;-9999;-9999;-9999;-9999;-9999;-9999;-9999;-9999;
2008-12-01;15:00;-9999;-9999;-9999;-9999;-9999;-9999;-9999;-9999;-9999;-9999;-9999;-9999;-9999;-9999;-9999;-9999;-9999;
2008-12-01;16:00;-9999;-9999;-9999;-9999;-9999;-9999;-9999;-9999;-9999;-9999;-9999;-9999;-9999;-9999;-9999;-9999;-9999;
2008-12-01;17:00;0;1009,4;1009,9;1009,4;2886,2;30,2;23;31,4;29,7;24,1;22,9;70;63;66;65;8,9;4;
2008-12-01;18:00;0;1008,9;1009,4;1008,9;2510,1;29,8;23,2;30,8;29,7;23,5;22,7;68;64;68;70;8,9;4,3;
2008-12-01;19:00;0;1008,5;1008,9;1008,4;1638,1;29,3;23,3;30,4;29;23,5;22,9;71;66;70;59;8,5;3,9;
2008-12-01;20:00;0;1008,6;1008,6;1008,4;608,9;28,2;23,2;29,3;28,2;23,4;23;74;70;74;53;8,4;4;
2008-12-01;21:00;0;1008,4;1008,6;1008,3;117,3;27,4;23,5;28,4;27,4;23,5;23,2;79;74;79;47;8,1;3,5;
2008-12-01;22:00;0;1008,6;1008,6;1008,4;-9999;27,3;23,4;27,4;27,3;23,8;23,4;81;79;79;43;8,1;4,2;
2008-12-01;23:00;0;1009,3;1009,3;1008,6;-9999;27,4;23,5;27,4;27,3;23,6;23,2;80;78;79;46;8,9;4,1;
2008-12-02;00:00;0;1010,2;1010,2;1009,3;-9999;27,4;23,4;27,5;27,4;23,5;23,3;80;78;79;52;8,4;4;
2008-12-02;01:00;0;1010,3;1010,4;1010,1;-9999;27,4;23,7;27,4;27,3;23,8;23,4;81;79;80;61;8,2;3,5;
2008-12-02;02:00;0;1010,6;1010,7;1010,2;-9999;27,3;23,5;27,4;27,3;23,7;23,2;80;78;80;62;9,1;3;
2008-12-02;03:00;0;1010,2;1010,6;1010,2;-9999;27,2;23,4;27,3;27,2;23,7;23,2;81;78;80;59;7,8;3,9;
2008-12-02;04:00;0;1009,7;1010,2;1009,7;-9999;27,2;23,4;27,4;27,2;23,5;23;80;77;80;59;8,9;3,7;
2008-12-02;05:00;0;1009,2;1009,7;1009,2;-9999;27,1;23;27,3;27,1;23,3;22,9;80;77;78;61;8,9;3,9;
2008-12-02;06:00;0;1008,8;1009,3;1008,7;-9999;27;23,4;27,2;27;23,5;23,1;81;78;81;63;8,9;3,5;
2008-12-02;07:00;0;1009;1009,1;1008,8;-9999;27,1;23,1;27,2;27;23,5;23,1;81;79;79;62;8,6;3,8;
2008-12-02;08:00;0;1008,9;1009;1008,8;-9999;27;23,1;27,1;26,9;23,2;22,8;80;78;79;60;9,5;4,2;
2008-12-02;09:00;0;1009,3;1009,3;1008,9;15,2;27,2;23;27,2;27;23,1;22,7;79;77;78;64;9,5;4,2;
2008-12-02;10:00;0;1009,8;1009,9;1009,3;441,2;28;23;28;27,2;23,2;22,8;78;74;74;68;9,8;3,7;
2008-12-02;11:00;0;1010,5;1010,6;1009,8;926,2;28,4;23,4;28,8;28;23,4;22,9;76;71;75;72;8,8;3,7;
2008-12-02;12:00;0;1010,6;1010,8;1010,5;1831,2;29,6;23,1;30,1;28,1;24,1;22,8;76;67;68;71;9,2;4,5;
2008-12-02;13:00;0;1011;1011;1010,6;2673,8;29,7;23,1;30,3;29,3;23,7;22,9;70;66;68;82;9,2;4,5;
2008-12-02;14:00;0;1010,3;1011;1010,3;3144,1;30,8;23,4;30,8;29,5;23,8;22,7;68;64;65;86;10;4,7;
2008-12-02;15:00;0;1009,7;1010,3;1009,7;3238,5;30,4;22,9;31,3;29,8;23,4;22,5;66;61;64;76;9,5;4,4;
2008-12-02;16:00;0;1009;1009,7;1008,9;3002,8;30,6;22,4;31,1;29,8;23,2;22,4;67;61;61;70;9,3;3,9;
2008-12-02;17:00;0;1007,8;1009;1007,8;2998,8;30,1;22,5;31;29,9;23,6;22,1;66;61;64;69;9,8;4,3;
2008-12-02;18:00;0;1007;1007,8;1007;2439,2;29,8;22,9;30,9;29,7;23,3;22,5;67;62;66;60;9,8;4,4;
2008-12-02;19:00;0;1006,7;1007;1006,7;1606,1;29,1;23;30,4;29;23,3;22,5;70;64;69;62;9,4;3,3;
2008-12-02;20:00;0;1006,8;1006,8;1006,5;559,9;28,3;22,7;29,4;28,3;22,9;22;71;66;71;56;8,9;3,9;
2008-12-02;21:00;0;1007,1;1007,1;1006,8;172,2;27,5;22,7;28,4;27,5;22,8;22,2;75;70;75;42;8,3;3,8;
2008-12-02;22:00;0;1008,1;1008,2;1007,1;-9999;27,3;22,9;27,5;27,2;22,9;22,5;77;75;77;42;7;2,9;
2008-12-02;23:00;0;1008,9;1009;1008,1;-9999;27,5;22,4;27,5;27,2;22,9;22,4;77;74;74;48;6,4;3,3;
2008-12-03;00:00;0;1009,1;1009,2;1008,9;-9999;27,3;22,8;27,6;27,3;22,9;22,5;77;74;76;47;8;3,7;
2008-12-03;01:00;0;1009,4;1009,5;1009,1;-9999;27,4;22,6;27,4;27,3;23;22,6;78;75;75;53;8;4,4;
2008-12-03;02:00;0;1009,1;1009,5;1009,1;-9999;27,2;23;27,4;27,2;23;22,6;78;75;78;55;8,7;3,9;
2008-12-03;03:00;0;1008,8;1009,2;1008,7;-9999;27,2;22,8;27,3;27,1;23;22,7;78;76;77;51;8,7;4,1;
2008-12-03;04:00;0;1008,4;1008,8;1008,4;-9999;27,1;22,7;27,2;27,1;23;22,4;78;75;77;59;7,8;3,8;
2008-12-03;05:00;0;1008,3;1008,8;1008,3;-9999;27,1;22,3;27,1;27,1;22,8;22,2;78;75;75;54;8,2;3,6;
2008-12-03;06:00;0;1008;1008,4;1008;-9999;27,1;22,2;27,1;27;22,7;22,2;78;75;75;56;8,6;3,9;
2008-12-03;07:00;0;1008,1;1008,1;1007,9;-9999;27,1;22,2;27,1;27;22,6;22,1;77;74;75;54;8,6;4,4;
2008-12-03;08:00;0;1008,6;1008,6;1008;-9999;27;22,1;27,1;27;22,4;21,8;76;73;75;63;9,6;3,5;
2008-12-03;09:00;0;1009;1009;1008,5;4,6;27;22,3;27,1;27;22,5;22;76;74;75;59;8,9;3,4;
2008-12-03;10:00;0;1009,9;1009,9;1009;160,4;27,4;22,4;27,4;27;22,5;22,1;76;73;74;68;8,1;4,1;
2008-12-03;11:00;0;1010,7;1010,7;1009,9;548,2;28,2;22,7;28,2;27,4;22,9;22,2;74;72;72;77;8,2;2,8;
2008-12-03;12:00;0;1011,2;1011,2;1010,7;1099;29;22,8;29;28,2;22,9;22,2;72;69;69;84;8,3;3,3;
2008-12-03;13:00;0;1011,1;1011,3;1011,1;1533,9;29;22,6;29,2;28,6;22,8;22,1;70;66;68;83;8,2;3,9;
2008-12-03;14:00;0;1010,8;1011,1;1010,8;1065,5;29,3;22,7;29,3;28,4;22,9;22,1;72;67;68;88;8,8;3,7;
2008-12-03;15:00;0;1009,9;1010,8;1009,9;2309,9;29,1;22,3;30,4;29,1;22,9;22,1;68;63;67;84;9,3;4,2;
2008-12-03;16:00;0;1008,7;1009,9;1008,7;1450;29,4;22,4;29,4;28,6;22,8;21,9;69;65;66;77;10;4,4;
2008-12-03;17:00;0;1008,1;1008,7;1008,1;2493,5;29,8;22,2;30,8;29,4;22,7;21,5;66;60;64;68;9,2;3,7;
2008-12-03;18:00;0;1007,5;1008,1;1007,5;1402,5;30,4;22,4;30,4;28,6;22,8;21,9;68;63;63;87;8,2;3,6;
2008-12-03;19:00;0;1007,2;1007,6;1007,2;1189,3;28,8;22,1;30,5;28,7;22,7;21,9;70;61;67;78;7,4;3,1;
2008-12-03;20:00;0;1006,9;1007,2;1006,9;390,7;27,8;22,4;28,8;27,8;22,7;22;73;67;73;83;7,8;3,2;
2008-12-03;21:00;0;1007;1007;1006,8;82,4;27,4;22;27,9;27,4;22,5;21,9;73;72;72;68;6,9;2,6;
2008-12-03;22:00;0;1007,8;1007,8;1007;-9999;27,3;22,1;27,5;27,3;22,3;21,9;74;72;73;69;7;2,8;
2008-12-03;23:00;0;1008,5;1008,5;1007,8;-9999;27,2;22,5;27,3;27,1;22,5;22,1;76;73;76;68;7,5;2,2;
2008-12-04;00:00;0;1009,4;1009,4;1008,6;-9999;27,1;22,6;27,2;27;22,6;22,3;77;75;76;65;5,7;2,5;
2008-12-04;01:00;0;1009,7;1009,8;1009,4;-9999;26,9;22,6;27,1;26,8;22,8;22,5;78;76;77;60;4,8;2,3;
2008-12-04;02:00;0;1009,4;1009,7;1009,3;-9999;26,7;22,8;27;26,7;22,9;22,5;79;77;79;59;5,3;1,9;
2008-12-04;03:00;0;1009,2;1009,5;1009,2;-9999;26,8;22,8;26,9;26,7;23;22,8;80;78;79;62;5,2;2,5;
2008-12-04;04:00;0;1008,6;1009,2;1008,6;-9999;26,8;22,6;26,9;26,8;23;22,4;80;77;78;65;5,7;2,4;
2008-12-04;05:00;0;1008,4;1008,6;1008,4;-9999;27;22,6;27,1;26,8;22,8;22,4;78;76;77;62;5,5;2,9;
2008-12-04;06:00;0;1008,3;1008,4;1008,3;-9999;27;22,6;27,1;26,9;22,8;22,4;78;76;77;69;5,9;2,8;
2008-12-04;07:00;0;1008,2;1008,4;1008,1;-9999;26,9;22,6;27,1;26,9;22,7;22,3;77;75;77;68;7,4;2,9;
2008-12-04;08:00;0;1008,5;1008,5;1008,1;-9999;27;22,5;27;26,8;22,6;22,2;78;75;76;61;8,5;3,2;
2008-12-04;09:00;0;1008,6;1008,6;1008,3;9;27,1;22,3;27,1;26,9;22,5;22;77;74;75;64;9,1;3,7;
2008-12-04;10:00;0;1009,3;1009,3;1008,6;453,6;28;21,8;28,1;27;22,6;21,7;76;69;69;65;10,7;4,3;
2008-12-04;11:00;0;1010,1;1010,1;1009,2;1227,6;28,7;22,3;29,2;27,9;22,6;21,8;71;67;68;67;10,7;4,1;
2008-12-04;12:00;0;1010,5;1010,5;1010,1;2022,2;30,2;21,9;30,3;28,5;22,9;21,9;70;61;61;72;9,7;4,3;
2008-12-04;13:00;0;1010,2;1010,5;1010,2;2779,2;30;22,2;30,6;29,5;22,6;21,7;64;61;63;70;10,4;4,3;
2008-12-04;14:00;0;1010;1010,3;1010;3188,2;30,8;22,4;31,3;29,3;23,1;22;66;60;61;68;9,5;4,1;
2008-12-04;15:00;0;1009,4;1010;1009,4;2832;30;22,6;31,4;29,2;22,9;21,9;67;59;65;72;9,3;4;
2008-12-04;16:00;0;1008,7;1009,4;1008,7;3112;30,6;22,2;31;29,9;22,9;22;65;61;61;80;8,8;4,4;
2008-12-04;17:00;0;1008;1008,7;1008;2923,7;30,8;22,6;31,1;29,9;23,2;22,1;66;60;62;75;10,1;3,3;
2008-12-04;18:00;0;1007,6;1008;1007,5;2591,2;29,9;22,6;30,8;29,4;22,8;22;67;61;65;73;9,2;3,9;
2008-12-04;19:00;0;1007,3;1007,6;1007,3;1879,7;30;22,7;30,4;29,4;22,8;22;66;63;65;74;9,2;3,4;
2008-12-04;20:00;0;1007,3;1007,4;1007,2;562,8;28,4;22,4;30,1;28,4;22,7;22,3;70;65;70;70;7,9;3,4;
2008-12-04;21:00;0;1007,6;1007,6;1007,3;102;27,4;22,5;28,5;27,4;22,8;22,5;75;70;75;62;8;3,1;
2008-12-04;22:00;0;1007,7;1007,8;1007,5;-9999;27,1;22,7;27,4;27;22,7;22,3;77;74;77;53;7,2;3,1;
2008-12-04;23:00;0;1008,3;1008,3;1007,6;-9999;27;22,8;27,1;27;22,8;22,4;78;75;78;56;7,7;3,7;
2008-12-05;00:00;0;1008,7;1008,7;1008,3;-9999;27;22,8;27,1;27;22,9;22,6;78;76;78;56;8,5;3,5;
2008-12-05;01:00;0;1009,4;1009,4;1008,7;-9999;27;22,9;27,1;27;23,1;22,8;79;77;78;58;9,1;4,2;
2008-12-05;02:00;0;1009,2;1009,5;1009,2;-9999;27;22,7;27,1;27;23;22,7;79;77;77;57;8,9;4,2;
2008-12-05;03:00;0;1009,1;1009,3;1009,1;-9999;27;22,5;27,2;27;22,8;22,3;78;75;76;62;8,7;3,6;
2008-12-05;04:00;0;1008,7;1009,1;1008,7;-9999;27;22,4;27,1;27;22,7;22,1;77;75;76;61;9,6;4,3;
2008-12-05;05:00;0;1008,7;1008,8;1008,7;-9999;26,9;22,2;27,1;26,9;22,5;22;77;74;76;64;9,4;3,7;
2008-12-05;06:00;0;1008,6;1008,7;1008,6;-9999;26,8;22,4;26,9;26,8;22,6;22,2;78;76;76;63;7,9;3,5;
2008-12-05;07:00;0;1008,7;1008,7;1008,6;-9999;26,8;22;26,9;26,7;22,5;22;78;75;75;65;9,6;3,5;
2008-12-05;08:00;0;1009;1009;1008,7;-9999;26,8;21,9;26,9;26,7;22,1;21,8;76;74;75;63;8,4;4,2;
2008-12-05;09:00;0;1009,5;1009,5;1009;15,6;27;21,9;27;26,6;22,4;21,9;77;74;74;70;8,6;3,8;
2008-12-05;10:00;0;1010,1;1010,1;1009,5;378,2;27,8;22,4;27,8;26,9;22,4;21,9;75;72;72;69;8,6;3,8;
2008-12-05;11:00;0;1010,5;1010,5;1010,1;1273,2;29,1;22,4;29,1;27,6;22,6;21,9;74;66;67;71;8,8;3,7;
2008-12-05;12:00;0;1011;1011,1;1010,5;2130,5;29,7;22,5;29,8;29;22,6;21,9;68;63;65;77;9,4;4,2;
2008-12-05;13:00;0;1011,2;1011,2;1011;2856,2;30,4;22,5;30,7;29,4;22,9;22,1;66;61;63;79;9,5;4,2;
2008-12-05;14:00;0;1010,9;1011,2;1010,9;3256,7;30,5;22,7;31,1;30;23,1;22,3;65;61;63;78;9,5;3,8;
2008-12-05;15:00;0;1010,5;1010,9;1010,5;3554,5;30,7;22,5;31,1;29,9;23,2;22,3;65;61;61;98;8,4;3,5;
2008-12-05;16:00;0;1009,8;1010,5;1009,7;3509,6;31,1;21,9;31,3;30,2;23,1;21,7;64;58;58;76;7,7;3,3;
2008-12-05;17:00;0;1009,1;1009,8;1009,1;3061,9;30,6;22,6;31,4;29,7;22,9;21,8;65;58;62;62;7,3;3,1;
2008-12-05;18:00;0;1008,2;1009,1;1008,2;2489,5;29,8;22,7;30,8;29,5;23;22;67;62;66;60;6,7;3,4;
2008-12-05;19:00;0;1007,9;1008,2;1007,9;1842;29,3;22,6;30,1;29;23,2;22,5;69;65;67;38;7,5;3,7;
2008-12-05;20:00;0;1008,2;1008,2;1007,9;586,8;28,5;23;29,5;28,4;23,2;22,2;73;67;72;49;7,8;3,3;
2008-12-05;21:00;0;1008,4;1008,4;1008,2;106,7;27,5;22,9;28,5;27,5;23,1;22,6;76;72;76;28;6,8;2,7;
2008-12-05;22:00;0;1008,7;1008,7;1008,4;-9999;27,3;23,1;27,5;27,2;23,1;22,9;78;76;78;21;5,6;2,8;
2008-12-05;23:00;0;1009,5;1009,5;1008,7;-9999;27,2;23,4;27,3;27,2;23,4;23,1;80;78;79;26;5,6;2,3;
2008-12-06;00:00;0;1010,2;1010,2;1009,5;-9999;27,2;23,1;27,3;27,2;23,4;23;80;78;78;29;5,7;2,5;
2008-12-06;01:00;0;1010,5;1010,5;1010,1;-9999;27;23,1;27,3;27;23,3;23,1;80;78;79;42;5,2;2;
2008-12-06;02:00;0;1010,3;1010,5;1010,3;-9999;27;23,2;27,1;26,9;23,4;23,1;81;79;80;39;4,6;2,6;
2008-12-06;03:00;0;1009,6;1010,3;1009,6;-9999;27;23,2;27;26,9;23,3;23,1;81;79;80;51;5,6;2,5;
2008-12-06;04:00;0;1009,2;1009,6;1009,2;-9999;26,9;23,2;27;26,9;23,3;23,1;81;80;80;54;6,2;2,9;
2008-12-06;05:00;0;1008,9;1009,2;1008,9;-9999;27;23,3;27;26,8;23,4;23,1;81;80;80;47;6,3;2,6;
2008-12-06;06:00;0;1009,1;1009,2;1008,9;-9999;27,1;23,2;27,1;27;23,4;23;81;78;79;51;6,2;2,9;
2008-12-06;07:00;0;1009,1;1009,1;1009;-9999;27;23;27,1;26,9;23,3;23;81;79;79;46;7,2;3,7;
2008-12-06;08:00;0;1009,6;1009,6;1009,1;-9999;26,9;23,1;27;26,8;23,3;23;81;79;80;49;7,2;2,3;
2008-12-06;09:00;0;1010;1010;1009,6;8,9;27;23,1;27;26,8;23,3;23;81;79;80;47;5,2;2,7;
2008-12-06;10:00;0;1010,5;1010,5;1010;269,6;27,9;23,4;27,9;27;23,5;23,1;80;77;77;51;6,3;2,3;
2008-12-06;11:00;0;1011,1;1011,1;1010,5;905,1;28,9;23,6;28,9;27,8;23,8;23,3;77;73;73;58;7;3,2;
2008-12-06;12:00;0;1011,7;1011,7;1011,1;1724,1;28,9;23,8;30;28,7;24,2;23,5;74;70;74;61;8,8;3,5;
2008-12-06;13:00;0;1011,7;1011,8;1011,7;1966,7;29,7;23,7;30,6;28,6;24,3;23,4;75;68;70;54;7,8;4,7;
2008-12-06;14:00;0;1011,5;1011,8;1011,5;2490,6;30,1;24,3;31,1;29,4;24,7;23,7;73;67;71;55;8,1;3,5;
2008-12-06;15:00;0;1010,7;1011,5;1010,7;2760;29,7;24,2;31,4;29,7;24,7;23,7;72;66;72;67;8,1;4,4;
2008-12-06;16:00;0;1009,9;1010,9;1009,9;698;28,5;24,2;29,9;26;24,5;22,5;87;69;78;64;12,4;3,7;
2008-12-06;17:00;0;1009,2;1009,9;1009,2;2965,3;30,5;23,2;31,3;28,5;24,7;23,2;78;65;65;81;9,1;4,4;
2008-12-06;18:00;0;1008,9;1009,2;1008,9;2367,3;30,4;23,4;31,2;29,9;23,8;22,6;68;62;66;86;9,4;4;
2008-12-06;19:00;0;1008,8;1008,9;1008,7;1675,6;29,5;22,9;30,5;29,4;23,5;22,7;69;66;68;69;10;4,7;
2008-12-06;20:00;0;1008,9;1009;1008,8;590,5;28,3;22,8;29,5;28,3;23,4;22,7;73;68;72;57;9,4;4,5;
2008-12-06;21:00;0;1009,3;1009,3;1008,9;101,4;27,7;23;28,3;27,7;23,1;22,6;75;72;75;48;8;4,2;
2008-12-06;22:00;0;1010,1;1010,1;1009,3;-9999;27,5;23,1;27,7;27,5;23,4;23;78;75;77;58;8,5;3,5;
2008-12-06;23:00;0;1010,7;1010,7;1010,1;-9999;27,5;23,1;27,6;27,4;23,6;23;79;77;77;58;7,1;3,2;
2008-12-07;00:00;0;1010,8;1011;1010,7;-9999;27,4;23,1;27,5;27,4;23,2;23;78;77;77;59;7,7;3,5;
2008-12-07;01:00;0;1010,9;1010,9;1010,7;-9999;27,5;22,9;27,6;27,4;23,1;22,7;77;75;76;61;9,5;3,7;
2008-12-07;02:00;0;1010,8;1011,1;1010,8;-9999;27,4;23;27,5;27,4;23,3;23;78;76;77;76;10,4;3,2;
2008-12-07;03:00;0;1010,2;1010,8;1010,2;-9999;27,5;22,9;27,5;27,3;23,3;22,9;78;76;76;69;8,4;3,5;
2008-12-07;04:00;0;1009,7;1010,2;1009,7;-9999;27,4;22,9;27,5;27,3;23,2;22,8;78;76;77;68;7,9;3,8;
2008-12-07;05:00;0;1009;1009,7;1009;-9999;27,2;22,7;27,4;27,2;23,2;22,6;78;75;77;74;8,4;3,8;
2008-12-07;06:00;0;1008,9;1009,1;1008,8;-9999;27;22,5;27,2;27;22,8;22,4;77;75;76;75;10,3;3,2;
2008-12-07;07:00;0;1009,2;1009,2;1008,8;-9999;26,9;22,5;27,1;26,8;22,6;22;78;74;77;67;6,6;2,4;
2008-12-07;08:00;0;1009,8;1009,8;1009,2;-9999;27;22,4;27;26,8;22,5;22,2;77;75;76;72;7,5;3,2;
2008-12-07;09:00;0;1010,2;1010,2;1009,7;12,3;27,1;22,5;27,1;26,9;22,7;22,3;77;75;76;78;7,5;3,4;
2008-12-07;10:00;0;1011,1;1011,1;1010,2;297,7;27,9;22;27,9;27,1;22,6;22;76;70;70;84;10,1;4,2;
2008-12-07;11:00;0;1011,3;1011,3;1011;1083,6;28,8;21,9;29;27,9;22,5;21,8;72;66;66;89;9,5;3,9;
2008-12-07;12:00;0;1011,3;1011,4;1011,3;2007,1;29,5;21,4;30;28,7;22,3;20,9;67;60;62;83;11,7;5,4;
2008-12-07;13:00;0;1011,3;1011,5;1011,3;2594,8;29,5;23,4;30,2;29,3;23,4;21,4;70;61;70;98;11,2;5,3;
2008-12-07;14:00;0;1011;1011,3;1011;3249;30,5;22,7;30,5;29,4;23,5;22,6;70;63;63;97;11,2;4,8;
2008-12-07;15:00;0;1010,7;1011,1;1010,7;3489;30,2;22,3;31,2;29,8;23;21,7;65;60;63;88;11,4;4,9;
2008-12-07;16:00;0;1010,1;1010,7;1010,1;3391;30;21,7;31;29,8;22,7;21,6;63;60;61;83;10,6;5,2;
2008-12-07;17:00;0;1009,2;1010,1;1009,2;2994;30,9;21,6;31,2;29,8;22,6;21,5;64;58;58;68;10,2;3,8;
2008-12-07;18:00;0;1008,3;1009,2;1008,3;2579,7;30,3;22,1;31;29,7;22,6;21,2;63;58;61;46;9,4;4;
2008-12-07;19:00;0;1008,1;1008,3;1007,9;1788,2;29,4;21,9;30,4;29;22,2;21,3;66;60;64;45;9,2;4;
2008-12-07;20:00;0;1008,2;1008,2;1007,9;607,4;28,3;22,7;29,4;28,2;22,8;21,9;72;64;72;41;8,6;4;
2008-12-07;21:00;0;1008,4;1008,4;1008,1;122,8;27,5;22,6;28,3;27,5;23;22,5;75;72;75;42;8,4;4,3;
2008-12-07;22:00;0;1009,2;1009,2;1008,4;-9999;27,4;22,2;27,5;27,4;22,7;22,1;75;73;73;51;7,7;3,8;
2008-12-07;23:00;0;1010,2;1010,2;1009,2;-9999;27,4;22,3;27,5;27,4;22,3;21,9;74;72;74;56;8,1;3,7;
2008-12-08;00:00;0;1010,5;1010,6;1010,2;-9999;27,4;22,5;27,4;27,3;22,6;22,3;75;74;75;55;8,3;3,7;
2008-12-08;01:00;0;1010,6;1010,6;1010,4;-9999;27,2;22,5;27,4;27,1;22,7;22,4;76;75;76;60;8,3;3,1;
2008-12-08;02:00;0;1010,4;1010,6;1010,3;-9999;27,2;22,6;27,3;27,1;22,8;22,5;77;75;76;59;8,4;3,9;
2008-12-08;03:00;0;1010,2;1010,5;1010,2;-9999;27,1;22,5;27,3;27,1;22,8;22,3;77;75;76;60;9,6;3,3;
2008-12-08;04:00;0;1010,1;1010,3;1010,1;-9999;27,2;22,4;27,3;27,1;22,6;22,4;76;75;75;59;8,9;3,4;
2008-12-08;05:00;0;1009,4;1010,1;1009,3;-9999;27;22,5;27,2;26,9;22,6;22,4;77;75;77;54;6,9;3,5;
2008-12-08;06:00;0;1009,3;1009,4;1009,2;-9999;26,9;22,1;27;26,9;22,6;22,1;77;74;75;62;8,4;3,1;
2008-12-08;07:00;0;1009,6;1009,6;1009,1;-9999;26,7;22,2;27;26,7;22,5;22;77;74;76;61;8,4;2,6;
2008-12-08;08:00;0;1010,1;1010,1;1009,6;-9999;26,9;22,1;26,9;26,7;22,4;22;77;75;75;70;7,1;2,8;
2008-12-08;09:00;0;1010,6;1010,6;1010,1;14,3;27,1;22,2;27,1;26,9;22,5;22,1;77;75;75;73;6,8;3,1;
2008-12-08;10:00;0;1011,2;1011,2;1010,5;389,7;28;22,2;28;27;22,6;22,1;76;71;71;69;8;3,1;
2008-12-08;11:00;0;1011,8;1011,8;1011,2;1297,9;28,7;21,6;29,1;28;22,4;21,4;71;64;65;74;10;4,2;
2008-12-08;12:00;0;1012,2;1012,2;1011,8;2177,4;29,6;22;29,9;28,7;22,2;21,5;66;62;64;78;9,9;4,9;
2008-12-08;13:00;0;1011,9;1012,2;1011,9;2747,8;30,5;22;30,8;29,6;22,6;21,9;65;60;61;77;10,1;4;
2008-12-08;14:00;0;1011,6;1012;1011,6;3287,4;31;22,7;31,3;30;22,9;21,8;63;59;62;85;9,5;4;
2008-12-08;15:00;0;1011,2;1011,6;1011,2;3497,5;30,7;22,2;31,6;30,3;22,6;21,7;62;58;61;75;10,2;4,9;
2008-12-08;16:00;0;1010,5;1011,2;1010,5;3479,4;30,8;22,1;31,5;30,5;22,6;21,6;62;57;60;73;9,6;4,6;
2008-12-08;17:00;0;1009,7;1010,5;1009,7;3149,4;30,7;22,1;31,1;30;22,5;21,7;63;59;60;72;9,7;4;
2008-12-08;18:00;0;1008,7;1009,7;1008,7;2555,3;29,9;22,5;30,7;29,4;22,5;21,2;66;59;64;55;9,6;5;
2008-12-08;19:00;0;1008,4;1008,7;1008,4;1803,5;29,4;22,4;30,2;29,1;22,6;21,7;66;62;66;47;8,9;4,2;
2008-12-08;20:00;0;1008,6;1008,6;1008,3;613,2;28,2;22,6;29,4;28,1;22,7;22;72;66;72;36;8,2;3,9;
2008-12-08;21:00;0;1009;1009,2;1008,6;117,8;27,5;22,6;28,2;27,5;22,8;22,2;75;70;75;46;7,2;3;
2008-12-08;22:00;0;1009,8;1009,8;1008,9;-9999;27,3;22,3;27,5;27,2;22,7;22,3;75;74;74;46;6,3;2,8;
2008-12-08;23:00;0;1010,6;1010,6;1009,8;-9999;27,3;22,4;27,3;27,2;22,6;22,3;76;74;75;44;5,6;2,9;
2008-12-09;00:00;0;1011,1;1011,1;1010,6;-9999;27,4;22,2;27,5;27,2;22,5;22;75;72;73;52;6,3;2,7;
2008-12-09;01:00;0;1011,4;1011,5;1011;-9999;27,4;22,4;27,5;27,4;22,4;22;74;72;74;64;6;2,5;
2008-12-09;02:00;0;1011,2;1011,4;1011,1;-9999;27,1;22,3;27,4;27,1;22,7;22,2;76;73;75;62;6,1;2,6;
2008-12-09;03:00;0;1011;1011,3;1011;-9999;27,1;22,6;27,1;27;22,7;22,3;77;75;77;53;6;2,9;
2008-12-09;04:00;0;1010,6;1011,1;1010,6;-9999;27;22,7;27,2;27;22,8;22,4;77;75;77;53;5,9;2,9;
2008-12-09;05:00;0;1009,9;1010,7;1009,9;-9999;27;22,6;27,1;26,9;22,8;22,4;77;76;77;46;6,6;3,5;
2008-12-09;06:00;0;1009,5;1009,9;1009,5;-9999;27;22,7;27,1;27;22,8;22,4;78;76;77;54;6,7;3,9;
2008-12-09;07:00;0;1009,3;1009,5;1009,2;-9999;27;22,5;27,1;27;22,9;22,4;78;76;76;50;7,9;3,9;
2008-12-09;08:00;0;1009,7;1009,7;1009,3;-9999;26,9;22,5;27;26,9;22,7;22,2;78;76;77;54;9;3,2;
2008-12-09;09:00;0;1010,3;1010,3;1009,7;11,9;26,9;22,4;26,9;26,8;22,6;22,1;77;75;76;53;6,9;2,9;
2008-12-09;10:00;0;1011,4;1011,4;1010,3;377,6;27,9;22,2;28,1;26,9;22,7;22,1;77;71;71;57;6,9;3,2;
2008-12-09;11:00;0;1011,9;1012;1011,4;1210,2;29;22,1;29,4;27,8;22,8;21,9;73;65;66;65;6,9;3,6;
2008-12-09;12:00;0;1012,3;1012,3;1011,9;1932,5;29,8;22,2;30;28,7;23;21,9;68;63;64;56;7,9;4,1;
2008-12-09;13:00;0;1012,2;1012,4;1012,2;2609,1;30,1;22,1;30,8;29,2;23;22,1;67;62;62;70;8,3;4,3;
2008-12-09;14:00;0;1011,8;1012,2;1011,7;3259,7;30,9;22,7;31;29,7;22,8;21,9;64;59;62;69;8,7;4;
2008-12-09;15:00;0;1011,2;1011,8;1011,2;3278,3;31,2;22,8;31,3;29,8;22,9;22,2;65;60;61;71;8,7;3,6;
2008-12-09;16:00;0;1010,4;1011,3;1010,4;3526,2;30,8;22,2;31,4;30,1;22,9;21,8;62;58;60;65;8,6;3,7;
2008-12-09;17:00;0;1009,5;1010,4;1009,5;2720,6;30,6;22,5;30,9;29,4;22,8;21,6;66;60;62;57;8,5;4,1;
2008-12-09;18:00;0;1008,8;1009,5;1008,8;2648,8;29,3;22,2;30,8;29,3;22,7;21,8;66;60;66;52;9,3;4,8;
2008-12-09;19:00;0;1008,5;1008,8;1008,4;1859,5;29,2;22,8;30,2;28,8;23;22,3;69;64;68;51;10,5;4,8;
2008-12-09;20:00;0;1008,8;1009;1008,5;373,1;28;22,7;29,1;27,9;22,9;22,5;74;68;73;41;10,5;3,5;
2008-12-09;21:00;0;1008,8;1009;1008,7;107,6;27,5;22,8;28;27,4;22,9;22,6;76;73;76;32;7,1;3,4;
2008-12-09;22:00;0;1009;1009,1;1008,8;-9999;27,5;22,4;27,5;27,4;22,8;22,4;76;74;74;47;7,9;4,1;
2008-12-09;23:00;0;1009,6;1009,6;1009;-9999;27,4;22,7;27,5;27,3;22,8;22,3;76;73;76;36;8,5;3,8;
2008-12-10;00:00;0;1010,3;1010,3;1009,6;-9999;27,4;22,8;27,4;27,3;22,9;22,5;77;75;76;45;8,6;4,5;
2008-12-10;01:00;0;1010,5;1010,6;1010,3;-9999;27,3;23;27,4;27,3;23,3;22,7;79;75;78;50;9,6;3,8;
2008-12-10;02:00;0;1010,5;1010,7;1010,4;-9999;27,2;22,9;27,3;27,2;23;22,7;78;76;77;50;8,7;3,6;
2008-12-10;03:00;0;1009,6;1010,5;1009,6;-9999;27,2;23,3;27,3;27,1;23,3;22,8;79;77;79;53;8,5;3,5;
2008-12-10;04:00;0;1008,6;1009,6;1008,6;-9999;27,2;22,9;27,2;27,1;23,3;22,7;79;77;77;51;8,9;4,5;
2008-12-10;05:00;0;1007,8;1008,6;1007,8;-9999;27,1;22,7;27,2;27,1;23;22,4;78;75;77;50;8,9;4;
2008-12-10;06:00;0;1007,3;1007,8;1007,3;-9999;27,1;22,8;27,2;27;22,9;22,6;78;76;78;48;10,1;4;
2008-12-10;07:00;0;1007,4;1007,4;1007,3;-9999;27,1;22,9;27,1;27;23,2;22,7;79;77;78;50;7,8;3,8;
2008-12-10;08:00;0;1007,6;1007,6;1007,3;-9999;27;22,8;27,2;27;23;22,5;78;76;78;48;8,3;3,6;
2008-12-10;09:00;0;1008;1008;1007,5;11,6;27,1;22,5;27,1;26,9;23,2;22,5;79;76;76;52;7,4;3,9;
2008-12-10;10:00;0;1008,8;1008,9;1008;414,6;27,8;22,7;27,8;27,1;23,2;22,4;77;73;74;57;7,7;3,6;
2008-12-10;11:00;0;1009,4;1009,4;1008,8;1089,2;29,2;22,8;29,3;27,8;23,2;22,5;74;69;69;55;8,5;4,3;
2008-12-10;12:00;0;1010,2;1010,2;1009,4;2134,5;29,9;23,1;29,9;29;23,3;22,5;70;66;67;69;8,5;4;
2008-12-10;13:00;0;1010,2;1010,5;1010,2;2741,1;30;23;30,6;29,6;23,4;22,5;68;63;66;68;9,1;4,6;
2008-12-10;14:00;0;1010,2;1010,3;1010,2;3121,1;30,2;22,7;31,2;29,6;23,5;22,4;67;62;64;66;9,1;4,3;
2008-12-10;15:00;0;1009,8;1010,2;1009,8;3237,2;31,1;23;31,6;29,8;23,4;22,5;66;61;62;80;8,9;3,9;
2008-12-10;16:00;0;1009;1009,8;1009;3189,2;30,4;22,8;31,4;30,1;23,4;22,6;66;61;64;68;9,3;4,8;
2008-12-10;17:00;0;1008;1009;1008;3138,7;30,3;22,8;31,4;30,2;23,2;22,4;65;61;64;73;9,7;4,6;
2008-12-10;18:00;0;1007,1;1008;1007,1;2439,4;29,7;22,9;30,9;29,7;23,3;22,3;68;61;67;58;8,3;4;
2008-12-10;19:00;0;1006,5;1007,1;1006,5;1664,7;29,1;22,9;30;28,9;23,3;22,6;71;67;69;49;9,4;4,8;
2008-12-10;20:00;0;1006,3;1006,6;1006,3;535,3;28,1;22,9;29,3;28,1;23,3;22,8;74;69;73;52;9,3;3,6;
2008-12-10;21:00;0;1006,6;1006,7;1006,3;131,6;27,5;23;28,2;27,5;23,2;22,7;77;72;76;49;8;4,3;
2008-12-10;22:00;0;1007,1;1007,2;1006,6;-9999;27,4;23;27,5;27,4;23,1;22,8;77;76;77;49;7,7;3,6;
2008-12-10;23:00;0;1008;1008;1007,1;-9999;27,4;22,9;27,4;27,3;23,2;22,8;78;76;76;46;7;3,5;
2008-12-11;00:00;0;1008,7;1008,7;1008;-9999;27,4;22,8;27,6;27,4;23,2;22,6;78;75;76;49;8,1;3,4;
2008-12-11;01:00;0;1009;1009,1;1008,7;-9999;27,3;23;27,5;27,2;23,2;22,7;78;75;77;51;7,8;3,4;
2008-12-11;02:00;0;1009;1009;1008,7;-9999;27,3;22,9;27,4;27,2;23,2;22,8;78;77;77;46;8,3;3,8;
2008-12-11;03:00;0;1007,9;1009;1007,9;-9999;27,2;23,1;27,3;27,1;23,3;22,9;79;77;78;48;9;3,8;
2008-12-11;04:00;0;1008,1;1008,1;1007,9;-9999;27,2;22,8;27,3;27,1;23,3;22,7;80;76;77;60;9;4;
2008-12-11;05:00;0;1007,2;1008,1;1007,2;-9999;27,2;22,5;27,3;27,1;23;22,5;78;76;76;59;8,6;3,2;
2008-12-11;06:00;0;1007,2;1007,3;1007,2;-9999;27,1;22,7;27,2;27;22,8;22,5;78;75;77;56;7,6;3,4;
2008-12-11;07:00;0;1007,4;1007,4;1007,2;-9999;27,3;22,8;27,3;27;23,1;22,5;79;75;77;54;6,9;3;
2008-12-11;08:00;0;1007,4;1007,6;1007,4;-9999;27,1;23,1;27,3;27,1;23,1;22,6;79;76;79;68;7,2;2,9;
2008-12-11;09:00;0;1008,1;1008,2;1007,4;10,2;27,2;22,4;27,2;27;23,1;22,4;79;75;75;65;8,4;3,5;
2008-12-11;10:00;0;1008,6;1008,6;1008,1;333,1;27,9;23;28;27,2;23;22,3;77;74;75;73;7,7;3;
2008-12-11;11:00;0;1009,4;1009,4;1008,6;1024,1;29;22,9;29,1;27,9;23,2;22,7;75;69;70;80;8,5;2,6;
2008-12-11;12:00;0;1009,6;1009,7;1009,4;1821,2;29,5;23,1;30;28,9;23,5;22,7;71;67;69;81;8,5;4,3;
2008-12-11;13:00;0;1009,7;1009,8;1009,6;2422,6;30,1;23,3;30,7;29,4;23,5;22,8;69;64;67;68;8,9;3,6;
2008-12-11;14:00;0;1009,2;1009,7;1009,2;3172,7;30,9;22,8;31;29,9;23,7;22,6;68;62;62;87;9,3;4,5;
2008-12-11;15:00;0;1008,9;1009,2;1008,8;3279,2;31,1;23,4;31,6;29,8;23,8;22,6;67;62;64;88;10;4,5;
2008-12-11;16:00;0;1007,9;1008,9;1007,9;3331,2;30,8;22,7;31,4;30,3;23,6;22,5;66;60;62;79;9,7;4;
2008-12-11;17:00;0;1007,3;1007,9;1007,3;3010,4;30,3;23;31,1;29,9;23,6;22,5;67;62;65;69;9,5;4,7;
2008-12-11;18:00;0;1006,6;1007,3;1006,6;2431;29,7;23;30,9;29,7;23,4;22,4;67;62;67;60;10;4,3;
2008-12-11;19:00;0;1005,8;1006,6;1005,8;1717,9;29,2;22,6;30,4;29,2;23,2;22,6;68;64;68;58;10,6;4,5;
2008-12-11;20:00;0;1004,9;1005,8;1004,9;623,8;28;23;29,4;28;23;22,2;74;67;74;44;9,5;4,7;
2008-12-11;21:00;0;1005,6;1005,6;1004,9;101,6;27,7;22,6;28;27,7;23,2;22,5;75;72;74;59;9,5;3,9;
2008-12-11;22:00;0;1006;1006;1005,6;-9999;27,6;22,8;27,7;27,6;23;22,3;76;73;75;62;9,2;3,4;
2008-12-11;23:00;0;1006,9;1007;1006;-9999;27,6;22,6;27,6;27,4;23,3;22,6;78;74;74;66;8,3;3,3;
2008-12-12;00:00;0;1007,9;1007,9;1006,9;-9999;27,6;22,4;27,7;27,6;22,7;22,2;75;72;73;61;9,3;4,8;
2008-12-12;01:00;0;1008,1;1008,2;1007,9;-9999;27,6;22,5;27,7;27,5;22,9;22,4;76;73;74;62;10,9;4,2;
2008-12-12;02:00;0;1008,3;1008,3;1008;-9999;27,5;22,6;27,6;27,5;22,8;22,3;75;73;75;59;11,1;4;
2008-12-12;03:00;0;1008;1008,4;1008;-9999;27,4;22,6;27,5;27,4;22,8;22,2;76;73;75;62;9,6;4,7;
2008-12-12;04:00;0;1007,4;1008;1007,4;-9999;27,4;22,3;27,5;27,4;22,7;22,2;76;73;74;64;10,6;4,5;
2008-12-12;05:00;0;1007,1;1007,4;1007,1;-9999;27,3;22;27,4;27,3;22,6;22;76;73;73;64;9,4;4,2;
2008-12-12;06:00;0;1007,1;1007,2;1007;-9999;27,3;22,2;27,4;27,3;22,5;21,8;75;72;74;66;10,3;3,9;
2008-12-12;07:00;0;1007,2;1007,3;1007,1;-9999;27,4;22,4;27,4;27,2;22,5;21,9;75;72;74;75;9,9;4,8;
2008-12-12;08:00;0;1007,5;1007,5;1007,2;-9999;27,4;22,1;27,4;27,3;22,3;21,7;74;71;73;73;10,1;4,2;
2008-12-12;09:00;0;1008;1008;1007,5;18,3;27,6;22,4;27,6;27,3;22,8;22,2;75;73;74;76;10,4;4,8;
2008-12-12;10:00;0;1008,7;1008,7;1008;323,1;27,8;22;27,8;27,5;22,6;21,7;75;69;71;69;9,9;4,3;
2008-12-12;11:00;0;1009,3;1009,3;1008,7;851,6;28,6;22,2;28,7;27,8;22,6;21,8;71;68;68;74;9,9;4,7;
2008-12-12;12:00;0;1009,7;1009,7;1009,3;1484,3;29,3;22,6;29,7;28,5;23;22,2;71;66;67;79;11,1;5,3;
2008-12-12;13:00;0;1010,1;1010,2;1009,7;2571;30;21,5;30,5;29,3;22,4;21,2;67;59;60;82;11,5;6;
2008-12-12;14:00;0;1009,7;1010,1;1009,7;3113,5;31;22,5;31,4;29,8;22,7;21,4;64;59;61;79;12,3;4,7;
2008-12-12;15:00;0;1009,2;1009,7;1009,2;3463;30,4;21,7;31,4;30,2;22,8;21,6;64;59;60;85;12,9;6,1;
2008-12-12;16:00;0;1008,8;1009,3;1008,8;3369,6;30,5;22,3;31,5;30,2;22,6;21,7;62;58;61;87;11,8;5,7;
2008-12-12;17:00;0;1008,1;1008,8;1008,1;2996,5;30,6;22,5;31,4;30,1;23,1;22;63;60;62;77;11,4;4,8;
2008-12-12;18:00;0;1007,1;1008,1;1007,1;1677,3;30;22,5;30,7;28,8;23,2;22,1;72;62;64;71;10,6;4,6;
2008-12-12;19:00;0;1006,5;1007,2;1006,5;1860,8;29,6;22,8;30,3;29,3;22,8;22,1;67;62;67;58;11,1;4,9;
2008-12-12;20:00;0;1006,5;1006,7;1006,5;684,3;28,3;22,7;29,8;28,3;22,8;22,3;72;65;72;60;10,7;4,5;
2008-12-12;21:00;0;1007,1;1007,1;1006,5;121,6;27,9;22,1;28,4;27,9;22,9;22;74;70;71;57;9,9;4,9;
2008-12-12;22:00;0;1007,3;1007,5;1007,1;-9999;27,7;22,1;27,9;27,7;22,4;21,7;73;69;71;57;10;4,9;
2008-12-12;23:00;0;1008,1;1008,1;1007,3;-9999;27,8;22,4;27,9;27,7;22,4;21,9;72;70;72;67;10,9;5,1;
2008-12-13;00:00;0;1008,4;1008,6;1008,1;-9999;27,7;22,4;27,8;27,7;22,6;22,1;74;71;73;61;11,2;4,8;
2008-12-13;01:00;0;1008,5;1008,8;1008,3;-9999;27,6;22,4;27,7;27,5;22,6;22;74;71;74;64;10,5;4,8;
2008-12-13;02:00;0;1008,7;1008,7;1008,4;-9999;27,5;22,6;27,7;27,5;22,6;21,8;75;71;74;70;11,6;4;
2008-12-13;03:00;0;1008,7;1008,8;1008,6;-9999;27,4;22,6;27,6;27,4;22,8;22,3;76;73;75;67;10,6;4,7;
2008-12-13;04:00;0;1008;1008,7;1008;-9999;27,4;22,5;27,4;27,3;22,8;22,2;76;73;75;66;11;4,9;
2008-12-13;05:00;0;1007,5;1008;1007,5;-9999;27,3;22,4;27,4;27,2;22,7;22,2;76;74;75;62;11;4,4;
2008-12-13;06:00;0;1007,4;1007,6;1007,3;-9999;27,3;22,5;27,3;27,2;22,8;22,1;76;73;75;66;10,2;4,3;
2008-12-13;07:00;0;1007,6;1007,6;1007,4;-9999;27,4;22,3;27,4;27,2;23;22,1;77;73;74;68;11,8;4,9;
2008-12-13;08:00;0;1008,1;1008,1;1007,6;-9999;27,3;22,2;27,4;27,1;22,8;21,7;77;71;74;73;11,8;4,2;
2008-12-13;09:00;0;1008,5;1008,5;1008;16,5;27,4;22,4;27,4;27,3;22,5;21,6;75;71;74;75;11,6;4;
2008-12-13;10:00;0;1009,1;1009,1;1008,5;343,7;28,1;22,3;28,2;27,4;22,6;22;74;71;71;72;10,8;4,1;
2008-12-13;11:00;0;1009,7;1009,7;1009,1;1133,4;29;22,2;29;27,9;22,6;21,7;72;67;67;75;11,6;4,9;
2008-12-13;12:00;0;1010,5;1010,5;1009,7;1985,3;29,9;22,1;29,9;28,9;22,8;21,9;68;63;63;83;12,2;5,3;
2008-12-13;13:00;0;1010,4;1010,5;1010,4;2758,3;30,4;22,5;30,9;29,6;22,9;21,8;66;61;63;83;12,2;5;
2008-12-13;14:00;0;1009,9;1010,4;1009,9;3238,5;29,8;22,5;31,5;29,8;22,9;22;65;58;65;87;10,4;5;
2008-12-13;15:00;0;1009,2;1009,9;1009,2;3227,8;30,4;22,7;31,1;29,7;23;21,6;66;58;63;85;10,9;5,8;
2008-12-13;16:00;0;1008,7;1009,3;1008,7;3482,9;31;22,4;31,3;30,2;22,8;21,5;63;58;60;89;11;5;
2008-12-13;17:00;0;1008,1;1008,7;1008,1;3181,3;30,9;22,5;31,3;30,4;22,6;21,7;62;58;61;83;10,4;4,5;
2008-12-13;18:00;0;1007,7;1008,1;1007,7;2629,5;30,5;22,4;31;30;22,7;21,6;64;59;62;75;10,1;3,9;
2008-12-13;19:00;0;1007,4;1007,7;1007,4;1890,3;29,5;22,3;30,8;29,4;22,8;22;66;61;65;68;9,7;4,7;
2008-12-13;20:00;0;1007,2;1007,4;1007,2;700,3;28,5;22,5;29,7;28,5;22,8;22,2;71;65;70;56;9,2;4,6;
2008-12-13;21:00;0;1007,4;1007,4;1007,1;120,7;27,8;23,1;28,5;27,8;23,1;22,5;76;70;76;52;10;4,2;
2008-12-13;22:00;0;1008,1;1008,1;1007,3;-9999;27,7;23,1;27,8;27,6;23,4;22,9;77;75;76;58;9,2;4,5;
2008-12-13;23:00;0;1008,4;1008,4;1008,1;-9999;27,6;23;27,7;27,6;23,4;23;78;76;76;60;10,8;3,7;
2008-12-14;00:00;0;1008,6;1008,6;1008,4;-9999;27,5;23,2;27,6;27,5;23,3;23;78;76;77;60;9,6;4;
2008-12-14;01:00;0;1008,8;1008,9;1008,5;-9999;27,5;22,9;27,6;27,4;23,3;22,9;78;76;76;64;10;4,1;
2008-12-14;02:00;0;1009;1009,1;1008,8;-9999;27,5;22,9;27,6;27,5;23,1;22,5;77;74;76;70;11,5;3,7;
2008-12-14;03:00;0;1008,6;1009,1;1008,5;-9999;27,4;22,7;27,5;27,4;23;22,6;77;75;76;73;8,9;3,5;
2008-12-14;04:00;0;1007,9;1008,6;1007,9;-9999;27,3;22,9;27,4;27,2;23,1;22,7;78;76;77;67;9;4,2;
2008-12-14;05:00;0;1007,4;1007,9;1007,4;-9999;27,2;23;27,3;27,2;23;22,5;78;75;78;70;10;3,8;
2008-12-14;06:00;0;1007,3;1007,4;1007,2;-9999;27,2;23;27,3;27,1;23,1;22,5;79;75;78;70;9,9;3,9;
2008-12-14;07:00;0;1007,5;1007,5;1007,2;-9999;27,3;22,3;27,3;27,1;22,9;22,3;78;74;74;75;10,1;4,2;
2008-12-14;08:00;0;1007,9;1007,9;1007,5;-9999;27,3;23;27,3;27,1;23;22,3;78;74;77;77;9,6;3,7;
2008-12-14;09:00;0;1008,2;1008,2;1007,8;8,6;27,4;22,7;27,4;27,2;23,2;22;78;73;76;67;11,1;4,5;
2008-12-14;10:00;0;1008,9;1008,9;1008,2;327,6;28,1;22,3;28,1;27,3;22,7;22,2;76;71;71;68;10,3;4,9;
2008-12-14;11:00;0;1009,8;1009,8;1008,9;1063,9;28,4;22,7;29,3;28,1;23,1;22,2;71;69;71;70;10,3;4,1;
2008-12-14;12:00;0;1010,4;1010,4;1009,7;1625,8;29,7;22,4;30,1;28,3;22,9;22,2;72;63;65;78;10,4;4;
2008-12-14;13:00;0;1010,3;1010,5;1010,3;2652,7;30,6;22,7;30,8;29,3;23,1;22,1;67;62;63;84;10;5,2;
2008-12-14;14:00;0;1010;1010,3;1010;3185,7;30,9;21,4;31,5;29,8;22,9;21,4;65;57;57;85;10,3;4,2;
2008-12-14;15:00;0;1009,4;1010;1009,4;3464,3;31,3;22,6;32;30,3;22,7;21,4;62;56;60;74;10,3;4,4;
2008-12-14;16:00;0;1008,6;1009,4;1008,6;3374,2;31,2;21,1;31,3;30,3;23,1;21;63;55;55;84;11,8;5,2;
2008-12-14;17:00;0;1007,7;1008,6;1007,7;3192,9;30,6;21,9;31,8;30,4;22,1;20,7;60;54;60;65;11,4;5,4;
2008-12-14;18:00;0;1006,6;1007,7;1006,6;2624,4;30,1;22,1;30,9;29,8;22,7;21,8;63;60;63;64;12,1;5,7;
2008-12-14;19:00;0;1006,3;1006,7;1006,3;1907,8;29,4;22,1;30,5;29,4;22,4;21,5;65;61;65;56;11,9;5;
2008-12-14;20:00;0;1006,3;1006,4;1006,2;699,7;28,7;22,3;29,7;28,6;22,6;21,7;69;64;68;61;10,1;4,4;
2008-12-14;21:00;0;1006,5;1006,6;1006,2;121,5;27,8;22,2;28,8;27,8;22,3;21,8;72;67;72;55;9,9;4;
2008-12-14;22:00;0;1007,3;1007,3;1006,5;-9999;27,7;22,3;27,8;27,6;22,5;21,8;74;70;72;48;9,6;4,1;
2008-12-14;23:00;0;1008;1008;1007,3;-9999;27,7;22,2;27,7;27,6;22,3;21,8;73;70;72;50;8,8;4,3;
2008-12-15;00:00;0;1008,6;1008,6;1008;-9999;27,6;22,2;27,7;27,6;22,3;21,8;73;70;73;49;9,2;4;
2008-12-15;01:00;0;1008,7;1008,7;1008,5;-9999;27,5;22,2;27,7;27,5;22,3;22;73;71;73;50;8,8;4;
2008-12-15;02:00;0;1008,5;1008,7;1008,4;-9999;27,5;22,3;27,5;27,4;22,4;22,1;74;72;73;57;8,7;3,9;
2008-12-15;03:00;0;1008,2;1008,6;1008,2;-9999;27,5;22,4;27,6;27,4;22,4;22;74;72;74;60;8,7;3,4;
2008-12-15;04:00;0;1007,5;1008,3;1007,5;-9999;27,2;22,5;27,5;27,2;22,6;22,2;76;74;76;58;8,5;3,3;
2008-12-15;05:00;0;1007,2;1007,5;1007,1;-9999;27,2;22,4;27,3;27,1;22,6;22,3;76;74;75;61;9;3,6;
2008-12-15;06:00;0;1006,9;1007,2;1006,9;-9999;27,1;22,4;27,2;27,1;22,7;22,3;77;75;76;60;9;3,7;
2008-12-15;07:00;0;1007;1007;1006,7;-9999;27;22,3;27,1;27;22,6;22,2;77;75;75;58;7;3,3;
2008-12-15;08:00;0;1007;1007,1;1006,8;-9999;27;22,4;27,1;27;22,4;22,2;76;75;76;61;8;3,4;
2008-12-15;09:00;0;1007,3;1007,3;1006,9;11,2;27;22,1;27,1;26,9;22,5;22;76;74;75;59;7,4;3,4;
2008-12-15;10:00;0;1008,1;1008,1;1007,3;292,3;27,6;21,9;27,6;27;22,5;21,8;75;71;71;64;8,4;3,3;
2008-12-15;11:00;0;1008,8;1008,8;1008,1;1018,5;28,4;22,4;29;27,5;22,5;21,8;71;67;70;56;8,5;3,8;
2008-12-15;12:00;0;1009,1;1009,1;1008,8;1376,6;28,6;22,3;29,4;28,3;22,5;22;70;66;69;59;9,8;3,8;
2008-12-15;13:00;0;1009,1;1009,2;1009;1869,2;29,8;22,3;30,3;28,6;22,9;22;70;63;64;64;9,5;3,8;
2008-12-15;14:00;0;1009;1009,1;1009;2992,5;30,5;22,5;30,9;29,5;23;21,9;66;60;62;77;9,5;4,3;
2008-12-15;15:00;0;1008,4;1009,1;1008,4;3062,6;30,4;21,8;31,3;29,6;22,7;21,4;64;57;60;60;9;4,8;
2008-12-15;16:00;0;1007,8;1008,4;1007,8;3201,8;30,5;22,3;31,6;30,1;22,5;21,3;62;57;62;60;9,4;4,2;
2008-12-15;17:00;0;1007,1;1007,9;1007,1;2366,1;30,2;21,9;30,8;29,6;22,6;21,7;65;61;61;56;9,7;5,3;
2008-12-15;18:00;0;1006,5;1007,1;1006,4;1827,6;29,7;22,4;30,4;29,5;22,8;21,8;65;61;65;59;9,7;4,7;
2008-12-15;19:00;0;1005,9;1006,4;1005,9;1735,8;29,4;22,3;30;29;22,8;22,1;68;64;66;44;9,5;4,7;
2008-12-15;20:00;0;1005,8;1006;1005,8;746,6;28,4;22,6;29,4;28,4;22,8;22;71;66;71;34;9,4;4,2;
2008-12-15;21:00;0;1005,8;1005,8;1005,7;179,7;27,5;22,9;28,5;27,5;23;22,3;76;69;76;36;8,4;3,9;
2008-12-15;22:00;0;1006,5;1006,5;1005,8;-9999;27,6;22,6;27,6;27,5;22,9;22,6;76;74;74;38;7,5;3,8;
2008-12-15;23:00;0;1007,2;1007,2;1006,5;-9999;27,5;23;27,6;27,5;23;22,6;76;74;76;34;7,4;3,4;
2008-12-16;00:00;0;1008;1008;1007,2;-9999;27,5;23,1;27,6;27,5;23,1;22,7;77;75;77;34;7,2;3,2;
2008-12-16;01:00;0;1008,1;1008,1;1007,7;-9999;27,5;23,1;27,6;27,4;23,2;22,7;77;75;77;37;8,4;3,5;
2008-12-16;02:00;0;1008;1008,1;1008;-9999;27,5;23;27,6;27,4;23,1;22,8;77;75;77;42;7,9;2,8;
2008-12-16;03:00;0;1008,1;1008,2;1008;-9999;27,3;22,6;27,5;27,3;23,2;22,4;78;74;75;44;8,8;4,4;
2008-12-16;04:00;0;1007,4;1008,1;1007,4;-9999;27,2;22,6;27,3;27,1;23,1;22,6;78;75;76;45;7,4;3,3;
2008-12-16;05:00;0;1006,6;1007,4;1006,6;-9999;27,1;22,5;27,2;27,1;22,8;22,4;77;76;76;50;7,4;3,7;
2008-12-16;06:00;0;1006,1;1006,6;1006,1;-9999;26,9;22,3;27,1;26,8;22,8;22,2;78;75;76;49;7,9;3,7;
2008-12-16;07:00;0;1006,4;1006,5;1006,1;-9999;26,7;22,7;26,9;26,7;22,8;22,3;79;76;78;46;7;3,2;
2008-12-16;08:00;0;1006,8;1006,8;1006,4;-9999;26,6;22,4;26,8;26,6;22,7;22,2;79;76;78;50;6,4;2,8;
2008-12-16;09:00;0;1007,3;1007,3;1006,8;3,2;26,8;22,7;26,9;26,6;22,7;22;78;75;78;51;6,5;2,8;
2008-12-16;10:00;0;1008,2;1008,2;1007,3;307,6;27,7;22,9;27,9;26,8;23,1;22,6;78;75;75;53;6,1;3;
2008-12-16;11:00;0;1008,9;1008,9;1008,2;732,8;28,4;23,1;28,4;27,6;23,3;22,7;76;73;73;50;6,4;3,2;
2008-12-16;12:00;0;1009,4;1009,4;1008,9;1746,3;29,1;22,5;29,5;28,3;23,2;22,3;73;66;68;55;7,5;3,9;
2008-12-16;13:00;0;1009,2;1009,4;1009,2;2594,3;30,4;22,5;30,4;29,1;22,9;22;68;62;63;71;6,9;3,4;
2008-12-16;14:00;0;1008,9;1009,2;1008,8;3176,9;30,7;22,5;31;29,4;23;22,1;67;61;62;84;7,6;3;
2008-12-16;15:00;0;1008,4;1008,9;1008,4;3615,9;30,7;22,9;31,4;30,1;23,2;22,2;64;60;63;66;7,6;2,9;
2008-12-16;16:00;0;1007,7;1008,4;1007,7;3750,7;30,5;22,5;31,3;30,2;23,1;22,2;64;60;62;52;7,4;3,7;
2008-12-16;17:00;0;1006,8;1007,7;1006,8;2973,4;29,9;22,9;31,2;29,7;23,1;22,2;66;61;66;76;7,5;4,2;
2008-12-16;18:00;0;1006,3;1006,8;1006,3;2013;30;22,9;31;29,5;23,3;22,1;67;61;66;63;8,4;3,2;
2008-12-16;19:00;0;1005,8;1006,3;1005,7;1785,8;30;22,8;30,1;29,3;22,8;22,2;67;64;65;55;7,3;3,7;
2008-12-16;20:00;0;1005,8;1005,9;1005,7;866,1;28,7;22,6;30,1;28,5;22,8;22,2;70;64;70;66;7,3;3,3;
2008-12-16;21:00;0;1005,8;1005,9;1005,7;180,8;27,7;22,7;28,7;27,7;22,7;22,4;74;69;74;66;7,6;3,2;
2008-12-16;22:00;0;1006,2;1006,2;1005,8;-9999;27,4;23,1;27,8;27,4;23,1;22,6;77;74;77;60;6,9;3;
2008-12-16;23:00;0;1006,6;1006,6;1006,2;-9999;27,3;23,1;27,4;27,3;23,1;22,7;78;76;78;58;6,9;3,2;
2008-12-17;00:00;0;1007,1;1007,1;1006,6;-9999;27,2;23,2;27,3;27,2;23,4;23,1;80;78;79;59;7,9;3,4;
2008-12-17;01:00;0;1007,3;1007,3;1007,1;-9999;27,3;23,3;27,3;27,2;23,4;23,1;80;78;79;62;7,7;3,2;
2008-12-17;02:00;0;1007,5;1007,5;1007,2;-9999;27,3;23,2;27,3;27,2;23,6;23;80;78;78;73;7,3;3,3;
2008-12-17;03:00;0;1007,1;1007,5;1007,1;-9999;27,3;23,1;27,4;27,3;23,4;23,1;79;78;78;70;7,5;3,2;
2008-12-17;04:00;0;1006,8;1007,1;1006,8;-9999;27,3;23,1;27,4;27,3;23,2;22,8;78;76;78;65;9,1;3,4;
2008-12-17;05:00;0;1006,6;1006,8;1006,6;-9999;27,3;23,2;27,4;27,3;23,2;23;78;77;78;71;7,2;3;
2008-12-17;06:00;0;1006,3;1006,6;1006,3;-9999;27,1;22,9;27,3;27,1;23,2;22,8;79;77;78;67;8,4;2,9;
2008-12-17;07:00;0;1006,5;1006,5;1006,3;-9999;27,1;22,7;27,2;27;22,9;22,5;78;76;77;73;7,5;2,4;
2008-12-17;08:00;0;1006,5;1006,6;1006,4;-9999;27;22,6;27,1;27;22,9;22,5;78;76;77;69;7,2;2,9;
2008-12-17;09:00;0;1006,6;1006,7;1006,5;5,1;27;22,7;27,1;26,9;22,9;22,4;79;76;77;75;6,5;3,1;
2008-12-17;10:00;0;1007,5;1007,5;1006,6;109,3;27,2;22,7;27,3;27;23;22,4;78;75;77;69;7,3;3,3;
2008-12-17;11:00;0;1008,2;1008,2;1007,5;694,4;28,7;22,3;29,1;27,2;23,1;22,3;77;68;68;72;7,4;3,3;
2008-12-17;12:00;0;1008,8;1008,8;1008,2;1822,7;29,9;22,7;30;28,5;23,2;22,4;70;64;65;79;8,5;3,9;
2008-12-17;13:00;0;1009;1009;1008,7;2815,6;30;22,2;31;29,3;23,2;22,1;68;61;63;88;8,9;4,5;
2008-12-17;14:00;0;1008,9;1009;1008,8;3216,5;30,4;22,4;31,1;30;23,2;22,2;65;60;63;85;8,9;3,8;
2008-12-17;15:00;0;1008,2;1008,9;1008,2;3503,7;30,9;22,9;31,5;30,3;23,3;22,4;64;61;62;61;9,2;4,1;
2008-12-17;16:00;0;1007,5;1008,2;1007,5;3498,3;30,9;23,4;31,4;30,3;23,6;22,8;65;61;64;67;9,3;4;
2008-12-17;17:00;0;1006,6;1007,5;1006,6;3194;30,3;23,3;31,4;30,1;23,7;22,9;66;62;66;61;8,3;4,7;
2008-12-17;18:00;0;1005,9;1006,6;1005,9;2640,1;30,3;23,5;31,4;29,8;23,8;22,8;68;63;67;68;8,7;4,3;
2008-12-17;19:00;0;1005,4;1005,9;1005,4;1836,2;29,4;23,4;30,4;29,4;23,8;23,1;71;66;70;59;8,9;4,3;
2008-12-17;20:00;0;1005,2;1005,5;1005,2;699;28,7;23,7;29,6;28,5;23,9;23,3;75;69;75;47;9,1;4;
2008-12-17;21:00;0;1005,6;1005,6;1005,2;123,3;27,7;23,2;28,7;27,7;23,8;23,1;77;74;76;40;8,6;4,1;
2008-12-17;22:00;0;1006;1006;1005,6;-9999;27,6;23,2;27,7;27,6;23,3;22,9;77;75;77;47;8,2;3,5;
2008-12-17;23:00;0;1006,6;1006,6;1006;-9999;27,6;23,1;27,6;27,5;23,4;23;78;76;77;58;8,6;3,8;
2008-12-18;00:00;0;1007,3;1007,4;1006,6;-9999;27,6;23,5;27,7;27,6;23,5;23,2;78;77;78;59;9,2;3,9;
2008-12-18;01:00;0;1007,7;1007,8;1007,3;-9999;27,6;23,4;27,7;27,5;23,7;23,4;80;78;78;63;7,9;3,4;
2008-12-18;02:00;0;1007,9;1007,9;1007,7;-9999;27,7;23,4;27,8;27,6;23,6;23,1;78;76;77;69;8;3,8;
2008-12-18;03:00;0;1007,7;1007,9;1007,7;-9999;27,6;23,4;27,7;27,6;23,9;23,4;80;77;78;66;8,4;3,8;
2008-12-18;04:00;0;1007;1007,7;1007;-9999;27,6;23,3;27,7;27,6;23,6;23,1;79;76;78;69;9,4;3,5;
2008-12-18;05:00;0;1006,6;1007;1006,5;-9999;27,4;23,5;27,6;27,4;23,6;23,1;80;76;79;68;8;2,9;
2008-12-18;06:00;0;1006,3;1006,6;1006,3;-9999;27,5;23,1;27,6;27,4;23,5;22,8;79;76;77;72;8,5;3,8;
2008-12-18;07:00;0;1006,5;1006,6;1006,3;-9999;27,4;23;27,5;27,3;23,3;22,9;79;77;77;76;7,8;3,7;
2008-12-18;08:00;0;1006,5;1006,6;1006,4;-9999;27,4;22,6;27,5;27,3;23,3;22,6;78;75;75;73;8,9;4,1;
2008-12-18;09:00;0;1007,1;1007,1;1006,5;6,9;27,4;22,9;27,5;27,3;22,9;22,5;77;74;76;75;9,9;3;
2008-12-18;10:00;0;1007,8;1007,9;1007,1;327,1;28,4;23,2;28,4;27,4;23,2;22,4;76;72;73;76;9;3,5;
2008-12-18;11:00;0;1008,4;1008,4;1007,8;1040,9;29,6;23,2;29,7;28,3;23,4;22,7;74;69;69;77;8,7;3,4;
2008-12-18;12:00;0;1009;1009;1008,4;1635,1;29,9;23,4;30,4;29,2;23,8;23;71;67;68;72;9,9;4,6;
2008-12-18;13:00;0;1009,3;1009,3;1009;2564,7;30,6;23,1;30,9;29,5;23,7;22,9;69;64;64;86;10,9;4,6;
2008-12-18;14:00;0;1008,9;1009,3;1008,9;3144,4;30,7;23,2;31,2;30;23,7;22,6;67;62;64;85;10,9;5,1;
2008-12-18;15:00;0;1008,3;1008,9;1008,3;3467;31;23;31,7;30,5;23,5;22,6;64;61;63;81;10,5;4,5;
2008-12-18;16:00;0;1007,3;1008,3;1007,3;3416,1;30,8;23,7;32;30,4;24,1;22,6;67;60;66;86;10;4,3;
2008-12-18;17:00;0;1006,3;1007,3;1006,3;3110,2;30,7;23,5;31,8;30,6;24,1;23,1;66;62;65;65;9,8;4,7;
2008-12-18;18:00;0;1005,5;1006,3;1005,5;2600,6;30,3;23,4;31,1;29,8;24;23;69;65;67;58;9,9;4,6;
2008-12-18;19:00;0;1004,8;1005,5;1004,8;1883,1;29,3;23,5;30,3;29,3;23,9;23,2;71;67;71;36;8,8;5,1;
2008-12-18;20:00;0;1004,8;1004,8;1004,6;729,1;28,7;23,3;29,4;28,7;23,8;23,3;73;70;73;38;8,8;3,6;
2008-12-18;21:00;0;1005,6;1005,6;1004,8;136,3;28;23,1;28,7;28;23,5;22,8;75;72;75;47;8,7;3,8;
2008-12-18;22:00;0;1006,3;1006,3;1005,6;-9999;27,9;22,9;28;27,9;23,1;22,8;75;73;74;53;8,1;3,4;
2008-12-18;23:00;0;1006,9;1006,9;1006,3;-9999;27,8;23,2;27,9;27,8;23,3;22,9;77;74;76;51;7,9;3,6;
2008-12-19;00:00;0;1007,3;1007,3;1006,8;-9999;27,7;23;27,8;27,7;23,4;23;77;75;76;53;9,6;3,4;
2008-12-19;01:00;0;1007,5;1007,5;1007,3;-9999;27,8;23,3;27,8;27,7;23,3;23;77;76;76;58;8,8;3,7;
2008-12-19;02:00;0;1007,6;1007,7;1007,5;-9999;27,8;23,2;27,8;27,7;23,3;23,2;77;76;76;71;6,8;2,9;
2008-12-19;03:00;0;1007,2;1007,7;1007,2;-9999;27,5;23,3;27,8;27,5;23,3;23;78;75;78;66;6,6;2,6;
2008-12-19;04:00;0;1006,5;1007,3;1006,5;-9999;27,5;23,2;27,6;27,4;23,4;23,2;79;77;78;60;6,6;3;
2008-12-19;05:00;0;1005,8;1006,5;1005,8;-9999;27,4;22,8;27,5;27,4;23,2;22,8;78;76;76;63;7,3;3;
2008-12-19;06:00;0;1005,7;1005,8;1005,6;-9999;27,4;22,7;27,4;27,3;23,1;22,6;78;75;75;69;6,9;3,2;
2008-12-19;07:00;0;1005,6;1005,8;1005,6;-9999;27,1;22,7;27,4;27,1;22,9;22,5;77;75;77;71;6,3;2,5;
2008-12-19;08:00;0;1005,8;1005,8;1005,6;-9999;27,1;22,6;27,2;27;22,9;22,6;78;76;77;73;6,6;2,8;
2008-12-19;09:00;0;1006,1;1006,1;1005,8;2,3;27,3;22,6;27,3;27;22,8;22,4;77;75;76;67;7;3,4;
2008-12-19;10:00;0;1006,5;1006,5;1006,1;284,1;28,1;22,4;28,1;27,2;22,7;22,2;76;71;71;65;7,8;3,9;
2008-12-19;11:00;0;1006,9;1007;1006,5;1049,9;28,9;22,6;29,1;28;23,2;22,2;72;68;69;72;9,1;3,9;
2008-12-19;12:00;0;1007,6;1007,6;1007;1317,6;29,4;23;29,7;28,6;23,3;22,4;71;68;69;68;9;3,7;
2008-12-19;13:00;0;1007,8;1007,8;1007,6;1543;29,5;23,2;29,8;29,1;23,2;22,5;69;66;69;70;8,5;3,6;
2008-12-19;14:00;0;1007,7;1007,9;1007,7;2135,7;30,5;23;30,8;29,1;23,5;22,8;69;64;65;61;9,4;4,5;
2008-12-19;15:00;0;1007,1;1007,7;1007,1;2891,4;30,9;23,1;31,1;30,1;23,5;22,5;66;62;63;63;9,5;4,6;
2008-12-19;16:00;0;1006,5;1007,2;1006,4;3387,6;30,5;22,6;31,4;30,2;23,2;22,5;64;60;63;64;9,5;5,2;
2008-12-19;17:00;0;1005,5;1006,5;1005,5;3080,1;30,3;22,7;31,7;30,2;23,5;22,4;65;59;64;59;10,6;5,3;
2008-12-19;18:00;0;1004,9;1005,5;1004,9;2427,4;30,3;23,2;31,1;29,5;23,5;22,7;69;63;66;63;10,6;4,3;
2008-12-19;19:00;0;1005;1005;1004,8;1697,5;29,3;23;30,4;29,2;23,4;22,9;70;65;69;45;9,6;4,4;
2008-12-19;20:00;0;1004,9;1005,3;1004,9;459,6;28,4;23;29,2;28,3;23,3;22,8;73;69;73;47;9,1;4,7;
2008-12-19;21:00;0;1004,5;1005;1004,5;82,7;27,9;22,9;28,4;27,8;23,1;22,7;75;72;74;46;9,1;4,8;
2008-12-19;22:00;0;1005,7;1005,7;1004,5;-9999;27,7;23,1;27,9;27,7;23,1;22,7;76;74;76;38;8,3;3,8;
2008-12-19;23:00;0;1006,6;1006,6;1005,7;-9999;27,7;23,2;27,7;27,6;23,2;23;77;75;77;48;7,7;3,7;
2008-12-20;00:00;0;1006,9;1006,9;1006,6;-9999;27,6;23,2;27,7;27,6;23,4;23,1;78;77;77;48;7,5;3,5;
2008-12-20;01:00;0;1007,4;1007,4;1006,9;-9999;27,6;23,3;27,8;27,6;23,4;23,1;78;76;77;48;6,8;3,3;
2008-12-20;02:00;0;1007,2;1007,5;1007,2;-9999;27,5;23,4;27,7;27,5;23,4;23,2;78;77;78;53;6,9;2,9;
2008-12-20;03:00;0;1007;1007,2;1007;-9999;27,6;23,2;27,6;27,5;23,3;23;78;76;77;49;7;3,4;
2008-12-20;04:00;0;1006,3;1007;1006,3;-9999;27,6;23,3;27,6;27,5;23,3;23;78;76;78;44;6,7;3,1;
2008-12-20;05:00;0;1005,5;1006,3;1005,4;-9999;27,4;23,1;27,6;27,4;23,3;22,9;78;75;78;51;7,7;3,2;
2008-12-20;06:00;0;1005,8;1005,8;1005,5;-9999;27,4;22,9;27,5;27,3;23,2;22,9;78;77;77;48;6,6;3,2;
2008-12-20;07:00;0;1005,9;1006;1005,8;-9999;27,4;23;27,5;27,3;23,3;22,7;78;76;77;55;7,1;2,7;
2008-12-20;08:00;0;1006,4;1006,4;1005,9;-9999;27,3;23;27,4;27,3;23,4;22,8;79;76;77;57;6,5;3;
2008-12-20;09:00;0;1007;1007;1006,4;1,2;27,4;23,2;27,4;27,2;23,5;23;79;77;78;51;6,5;3,1;
2008-12-20;10:00;0;1007,8;1007,8;1007;262,8;28;23,3;28;27,4;23,5;23;78;75;76;53;6,9;3;
2008-12-20;11:00;0;1008,9;1008,9;1007,8;681,4;28,6;23;28,6;28;23,4;22,9;76;72;72;58;7;2,6;
2008-12-20;12:00;0;1008,9;1009;1008,8;1467,7;29,6;23,3;30;28,5;23,7;22,7;72;68;69;26;7,2;3,1;
2008-12-20;13:00;0;1009,3;1009,3;1008,9;1815,3;29,9;23,4;30,3;29,3;23,7;22,9;70;67;69;69;7,3;3;
2008-12-20;14:00;0;1008,8;1009,3;1008,8;2245,1;29,5;23,3;30,7;29,1;23,5;22,9;71;65;70;33;6,9;3,7;
2008-12-20;15:00;0;1008,6;1008,8;1008,6;2082,3;29,8;23,1;30,4;29,3;23,6;22,6;70;64;67;46;6,9;3,3;
2008-12-20;16:00;0;1007,4;1008,6;1007,4;2017,2;30,2;23,3;30,6;29,3;23,7;22,8;71;65;67;41;6,7;3,5;
2008-12-20;17:00;0;1006,9;1007,4;1006,8;1501,5;29;23,4;30,4;29;23,5;22,6;72;65;72;46;7,2;3,3;
2008-12-20;18:00;0;1006,5;1006,9;1006,5;1151,4;28,9;23,3;29,4;28,7;23,7;22,9;74;70;72;19;6;2,2;
2008-12-20;19:00;19,4;1006,6;1006,7;1006,3;412,9;24,3;23,2;29,1;24;23,7;22,5;93;72;93;105;10,4;1,4;
2008-12-20;20:00;,2;1006,5;1006,7;1006,3;137,8;25,2;24;25,5;24,3;24,4;23,2;94;93;93;289;3,9;1,1;
2008-12-20;21:00;0;1006,8;1006,9;1006,5;65,1;24,9;23,8;25,3;24,8;24,2;23,6;94;93;93;277;2,3;,8;
2008-12-20;22:00;0;1007,6;1007,6;1006,7;-9999;24,8;23,7;25;24,6;23,8;23,5;94;93;94;206;2,1;1;
2008-12-20;23:00;0;1007,9;1007,9;1007,6;-9999;24,9;23,8;25,1;24,7;24;23,5;94;93;94;60;2,1;,8;
2008-12-21;00:00;0;1008,5;1008,5;1007,9;-9999;25,2;24,1;25,3;24,9;24,2;23,8;94;94;94;224;2;,4;
2008-12-21;01:00;,2;1008,2;1008,6;1008,2;-9999;25,7;24,5;25,7;25,2;24,5;24,1;94;93;93;53;2,8;1,4;
2008-12-21;02:00;0;1007,8;1008,2;1007,7;-9999;26,6;24;26,6;25,7;24,6;23,9;93;85;86;49;5,8;2,6;
2008-12-21;03:00;0;1007,3;1007,8;1007,3;-9999;26,9;24;26,9;26,6;24,1;23,8;86;84;84;42;6,7;3,3;
2008-12-21;04:00;0;1007;1007,3;1006,9;-9999;26;22,9;26,9;26;24;22,8;85;83;83;66;7,7;3,5;
2008-12-21;05:00;0;1006,5;1007;1006,5;-9999;25,9;21,9;26;25,8;22,9;21,7;83;78;79;71;8,9;3,8;
2008-12-21;06:00;0;1006;1006,5;1006;-9999;26,1;21,1;26,1;25,9;22,2;21;80;73;74;92;9,2;3,7;
2008-12-21;07:00;0;1006,3;1006,3;1006;-9999;25,3;22,1;26,2;25,3;22,2;20,3;83;70;83;110;7,3;2,6;
2008-12-21;08:00;0;1006,6;1006,6;1006,3;-9999;24,7;22,1;25,3;24,7;22,3;22;86;83;86;131;5,5;2,6;
2008-12-21;09:00;0;1007,1;1007,1;1006,6;1,6;24,6;22;24,7;24,6;22,3;21,8;86;84;85;133;5,7;2,5;
2008-12-21;10:00;0;1008,3;1008,3;1007,1;194,8;25;22;25;24,6;22,2;21,9;86;83;83;140;6,3;2,8;
2008-12-21;11:00;0;1009,2;1009,2;1008,3;1071,8;26;22,3;26,1;25;22,6;21,9;83;79;80;158;5,4;2,3;
2008-12-21;12:00;0;1009,7;1009,8;1009,2;2132,5;28;22,9;28;26;23,1;22,1;80;73;74;127;5,2;2,7;
2008-12-21;13:00;0;1009,7;1009,8;1009,7;2752,4;28,8;23,7;28,8;27,4;23,7;22,1;75;71;74;119;5,4;2,3;
2008-12-21;14:00;0;1009,7;1009,8;1009,6;3344,5;29,1;22,8;29,6;28,4;23,9;22,6;74;68;69;102;7,5;3,5;
2008-12-21;15:00;0;1009,2;1009,7;1009,2;3560,9;29,2;23,2;30;28,9;24,2;22,6;72;66;70;85;7,9;3,8;
2008-12-21;16:00;0;1008,7;1009,2;1008,7;3527,9;29,5;23,3;29,6;28,8;24;23;73;70;70;72;8,2;4,1;
2008-12-21;17:00;0;1007,6;1008,7;1007,6;3231;30;24;30,1;29,2;24,3;23,2;73;69;70;65;8,6;3,5;
2008-12-21;18:00;0;1006,9;1007,7;1006,9;2610,6;30,1;23,8;30,4;29;24,3;23,3;74;69;69;72;9,1;3,5;
2008-12-21;19:00;0;1006,4;1006,9;1006,4;1964,4;29,5;22,6;30,1;29,1;23,9;22,5;73;66;66;70;10,8;4,4;
2008-12-21;20:00;0;1006,8;1006,8;1006,4;805,9;28,4;22,1;29,5;28,4;22,7;22;69;65;68;67;10,4;4,9;
2008-12-21;21:00;0;1007,1;1007,2;1006,7;119,3;27,6;22,9;28,5;27,6;22,9;22,1;76;68;76;66;10,4;3,7;
2008-12-21;22:00;0;1007,7;1007,7;1007,1;-9999;27,5;22,5;27,6;27,3;23,1;22,4;78;74;75;61;9,5;3,3;
2008-12-21;23:00;0;1008,3;1008,3;1007,7;-9999;27,3;23;27,5;27,2;23,3;22,4;79;74;77;60;8,7;4;
2008-12-22;00:00;0;1009,2;1009,2;1008,3;-9999;27,4;22,5;27,5;27,2;23,3;22,5;79;74;75;64;8,7;3,5;
2008-12-22;01:00;0;1009,4;1009,6;1009,2;-9999;27,3;22,8;27,5;27,3;22,8;22,3;77;73;77;71;9,1;3,4;
2008-12-22;02:00;0;1009,3;1009,6;1009,3;-9999;27,2;22,8;27,4;27,2;23,2;22,7;78;76;77;67;8,5;3,3;
2008-12-22;03:00;0;1008,7;1009,3;1008,7;-9999;27,3;23;27,3;27,2;23;22,6;78;76;78;68;10,2;4,7;
2008-12-22;04:00;0;1008,3;1008,8;1008,3;-9999;27,2;23,1;27,3;27,1;23,3;22,9;79;78;79;70;9,6;3,9;
2008-12-22;05:00;0;1007,9;1008,3;1007,9;-9999;27,2;22,6;27,3;27,1;23,3;22,5;79;75;76;68;10,1;4,9;
2008-12-22;06:00;0;1007,6;1007,9;1007,6;-9999;27,1;22,7;27,2;27,1;23;22,4;78;75;77;71;10,1;3,9;
2008-12-22;07:00;0;1008;1008;1007,6;-9999;27,2;22,6;27,2;27,1;22,9;22,1;78;74;76;76;11,5;4;
2008-12-22;08:00;0;1008,3;1008,3;1008;-9999;27,2;22,1;27,2;27,1;23,1;21,9;78;73;74;67;10,6;4,7;
2008-12-22;09:00;0;1008,8;1008,9;1008,3;2,7;27,2;22,3;27,3;27;22,6;22,1;76;74;74;68;10,6;4,6;
2008-12-22;10:00;0;1009,5;1009,5;1008,8;260,1;27,7;22,1;27,7;27,2;22,8;22,1;76;72;72;77;10;4,1;
2008-12-22;11:00;0;1010,3;1010,4;1009,5;879,9;28,2;22,4;28,3;27,7;22,5;21,9;72;70;71;73;10,7;4,7;
2008-12-22;12:00;0;1010,4;1010,4;1010,2;1426,2;28,6;22,3;28,9;28,2;23,1;21,9;73;66;69;70;12;4,9;
2008-12-22;13:00;0;1010,5;1010,6;1010,4;1333,9;28,7;22,6;28,8;28,5;23;22,1;71;68;70;81;11,9;4,6;
2008-12-22;14:00;0;1010,2;1010,6;1010,2;2040,5;29,4;22,6;30,1;28,7;23;22,1;70;65;67;72;10,6;5,1;
2008-12-22;15:00;0;1009,8;1010,2;1009,7;2505,7;29,9;22,6;30,3;29,4;23;22,2;68;63;65;68;11;4,2;
2008-12-22;16:00;0;1009,1;1009,8;1009,1;2634,5;29,7;22,8;31,1;29,5;23,3;22,1;67;62;67;76;10,5;4,4;
2008-12-22;17:00;0;1008,2;1009,1;1008,2;2996,7;30,1;22,5;31,2;29,7;23,2;22,3;67;60;64;73;10,3;3,8;
2008-12-22;18:00;0;1007,6;1008,3;1007,6;1971,5;30,4;22,7;30,4;29,2;22,7;21,7;67;62;63;69;12,5;3,7;
2008-12-22;19:00;0;1007,1;1007,6;1007;2102;29,5;21,6;30,5;29,5;22,8;21,6;65;62;63;68;10,1;4,5;
2008-12-22;20:00;0;1007,1;1007,2;1006,9;812,3;28,6;22;29,5;28,6;22,3;21,5;68;62;67;61;10,1;4,3;
2008-12-22;21:00;0;1007,3;1007,3;1007,1;130,1;27,6;22,3;28,6;27,6;22,4;21,9;73;67;72;63;9,3;4,2;
2008-12-22;22:00;0;1007,8;1007,9;1007,3;-9999;27,4;22,5;27,6;27,4;22,8;22,3;76;73;74;66;10;3,6;
2008-12-22;23:00;0;1008,6;1008,6;1007,8;-9999;27,4;22,7;27,5;27,3;22,8;22,2;76;73;76;69;9,5;3,5;
2008-12-23;00:00;0;1009,3;1009,4;1008,6;-9999;27,3;22,8;27,4;27,3;23;22,7;77;76;77;65;7,4;3,1;
2008-12-23;01:00;0;1009,5;1009,6;1009,3;-9999;27,3;22,8;27,4;27,2;23;22,5;77;75;77;66;7,6;3,5;
2008-12-23;02:00;0;1009,7;1009,7;1009,5;-9999;27,2;22,9;27,3;27,1;23,1;22,7;78;76;77;64;8,1;3,8;
2008-12-23;03:00;0;1009,5;1009,8;1009,5;-9999;27,1;22,7;27,2;27;23,1;22,7;79;77;77;69;8,5;3,5;
2008-12-23;04:00;0;1009,1;1009,5;1009,1;-9999;27;22,7;27,1;27;22,9;22,7;78;77;77;66;8,5;3,2;
2008-12-23;05:00;0;1008,4;1009,1;1008,4;-9999;27;22,7;27,2;27;22,7;22,4;77;75;77;71;9,8;3,5;
2008-12-23;06:00;0;1008,7;1008,7;1008,3;-9999;26,9;23;27;26,9;23;22,6;79;77;79;65;8,8;4,1;
2008-12-23;07:00;0;1008,9;1008,9;1008,7;-9999;26,9;22,8;27;26,8;23,1;22,8;80;78;78;66;9,1;4,1;
2008-12-23;08:00;0;1009,1;1009,1;1008,9;-9999;26,9;22,6;26,9;26,8;22,8;22,5;79;77;78;68;10,5;3,6;
2008-12-23;09:00;0;1009,3;1009,3;1009,1;3,6;26,9;22,7;26,9;26,8;22,7;22,4;78;76;78;74;10,5;3,3;
2008-12-23;10:00;0;1010,1;1010,1;1009,3;353,3;27,6;23;27,7;26,9;23,1;22,5;78;75;76;61;8,9;3,4;
2008-12-23;11:00;0;1010,5;1010,5;1010,1;1286;28,9;22,9;29;27,6;23,5;22,9;76;70;70;67;8,5;4,1;
2008-12-23;12:00;0;1010,9;1010,9;1010,5;2137,2;29,5;22,7;29,7;28,8;23,4;22,6;71;67;67;65;10,2;4,8;
2008-12-23;13:00;0;1011,3;1011,3;1010,9;2714,9;29,9;23,2;30,4;29,4;23,2;22,4;68;65;67;69;10;4,3;
2008-12-23;14:00;0;1011,1;1011,3;1011;3087,5;30,3;22,8;31;29,6;23,5;22,8;68;64;64;52;9,4;4,2;
2008-12-23;15:00;0;1010,1;1011,1;1010,1;3550,7;31;22,9;31,4;30,3;23,2;22,2;65;60;62;66;9;4,3;
2008-12-23;16:00;0;1009,2;1010,1;1009,2;3247,2;31,1;23,3;31,2;29,6;24;22,6;68;62;63;75;8,9;3,9;
2008-12-23;17:00;0;1008,4;1009,2;1008,4;3146,1;30,3;23,3;31,2;29,6;23,7;22,9;69;63;66;64;8,5;4,2;
2008-12-23;18:00;0;1007,7;1008,4;1007,7;2581,2;29,7;23,3;30,8;29,5;23,9;23;70;65;68;67;8,5;3,9;
2008-12-23;19:00;0;1007,6;1007,8;1007,5;2005;29,4;23,4;30,4;29,4;23,8;23;71;67;70;60;7,9;4,2;
2008-12-23;20:00;0;1007,6;1007,7;1007,5;772;28,6;23,2;29,6;28,6;23,6;23,1;73;69;72;59;9,3;4,6;
2008-12-23;21:00;0;1007,7;1007,8;1007,6;192,6;27,9;22,9;28,7;27,9;23,4;22,9;75;72;74;54;8,7;4,2;
2008-12-23;22:00;0;1007,8;1007,8;1007,6;1;27,4;23,6;27,9;27,4;23,6;22,8;80;74;80;40;8,2;3,9;
2008-12-23;23:00;0;1008,2;1008,2;1007,8;-9999;27,2;23,1;27,4;27;24;23;82;78;78;37;8,9;4;
2008-12-24;00:00;0;1008,8;1008,9;1008,2;-9999;27,2;22,6;27,2;27;23,1;22,6;79;76;76;35;8,5;4,2;
2008-12-24;01:00;0;1009,3;1009,3;1008,8;-9999;27,1;23,1;27,3;27,1;23,2;22,6;79;76;79;44;8,4;3,4;
2008-12-24;02:00;0;1009,4;1009,5;1009,3;-9999;27,2;22,9;27,3;27,1;23,1;22,7;79;77;77;50;9,3;3,7;
2008-12-24;03:00;0;1009,2;1009,4;1009,2;-9999;27,2;23;27,3;27,2;23,2;22,9;79;77;78;46;7,5;3,1;
2008-12-24;04:00;0;1008,7;1009,2;1008,7;-9999;27,1;23,6;27,3;27,1;23,6;22,8;81;76;81;34;7,8;3;
2008-12-24;05:00;0;1008;1008,7;1008;-9999;26,7;23;27,1;26,7;23,8;23;83;80;80;47;8,3;2,7;
2008-12-24;06:00;0;1007,6;1008;1007,6;-9999;26,6;23,2;26,8;26,6;23,2;22,9;82;79;82;57;7;2,8;
2008-12-24;07:00;0;1007,9;1007,9;1007,5;-9999;26,8;23;26,9;26,6;23,5;23;83;80;80;63;6,2;3;
2008-12-24;08:00;0;1008,3;1008,3;1007,9;-9999;26,8;23;26,8;26,6;23,2;22,9;81;80;80;62;6,5;2,5;
2008-12-24;09:00;0;1008,5;1008,5;1008,3;2;27;23,2;27;26,8;23,3;22,9;81;79;80;65;6,3;2,9;
2008-12-24;10:00;0;1009,2;1009,2;1008,5;159,6;27,6;23;27,6;27;23,4;22,8;80;76;76;67;7,8;3,4;
2008-12-24;11:00;0;1009,8;1009,8;1009,2;778;28,7;23,6;28,7;27,5;23,6;23;77;74;74;64;9;4,1;
2008-12-24;12:00;0;1010,1;1010,2;1009,8;1645,6;29;22,9;29,5;28,7;23,8;22,7;74;68;70;67;9,2;4,2;
2008-12-24;13:00;0;1010,3;1010,4;1010,1;2636,9;30,6;23,3;30,6;29;23,5;22,7;70;64;65;65;10,1;4,2;
2008-12-24;14:00;0;1009,8;1010,3;1009,8;3356,1;30,7;23,4;30,9;29,9;23,7;22,6;68;63;65;83;9,7;4,3;
2008-12-24;15:00;0;1009;1009,8;1009;3091,8;30,9;22,8;30,9;29,4;23,6;22,4;68;62;62;87;9,5;4,4;
2008-12-24;16:00;0;1007,8;1009;1007,8;3510,7;30,7;22,9;31,6;30,2;23,2;22,2;64;60;63;75;10,5;4,3;
2008-12-24;17:00;0;1006,7;1007,8;1006,7;3195,7;30;23,1;31,4;29,9;23,5;22,4;67;60;67;67;10,2;4,9;
2008-12-24;18:00;0;1006,1;1006,7;1006;2193,1;28,5;22,9;30,6;28,5;24;22,6;72;65;72;74;9,3;3,7;
2008-12-24;19:00;0;1005,5;1006,1;1005,5;1584;29,5;23,5;29,7;28,5;23,6;22,8;72;69;70;63;9,1;4,1;
2008-12-24;20:00;0;1005,4;1005,7;1005,4;880,7;28,2;22,7;29,7;28,2;23,6;22,7;73;69;72;59;8,8;4,4;
2008-12-24;21:00;0;1005,4;1005,4;1005,2;76;27,6;22,8;28,2;27,6;23,1;22,7;77;72;75;58;8,8;3,7;
2008-12-24;22:00;0;1005,5;1005,5;1005,2;-9999;27,4;22,9;27,6;27,4;23,2;22,8;78;75;77;53;7,1;3,1;
2008-12-24;23:00;0;1006,5;1006,5;1005,5;-9999;27,6;21,5;27,6;27,4;23;21,5;77;69;69;59;7,9;3,6;
2008-12-25;00:00;0;1007,2;1007,2;1006,5;-9999;27,6;21,8;27,7;27,5;22;21,4;72;69;71;65;7,7;3,6;
2008-12-25;01:00;0;1007,5;1007,5;1007,1;-9999;27,4;22,2;27,6;27,4;22,2;21,7;74;70;73;59;8,1;3,2;
2008-12-25;02:00;0;1007,6;1007,7;1007,5;-9999;27,4;21,9;27,4;27,2;22,3;21,7;74;71;72;73;7,2;3,1;
2008-12-25;03:00;0;1007,6;1007,8;1007,6;-9999;27,2;22,2;27,5;27,2;22,3;21,8;74;71;74;73;8,9;3;
2008-12-25;04:00;0;1006,8;1007,6;1006,8;-9999;27,1;22,2;27,3;27,1;22,3;21,9;75;73;75;68;7,5;3,1;
2008-12-25;05:00;0;1006,2;1006,8;1006,2;-9999;27;22,1;27,2;27;22,2;21,8;75;73;75;68;7,5;2,9;
2008-12-25;06:00;0;1006;1006,3;1005,9;-9999;27,2;22,3;27,2;27;22,4;21,8;76;73;75;72;7;3,5;
2008-12-25;07:00;0;1005,9;1006;1005,8;-9999;27,1;22,3;27,2;26,9;22,5;22,2;77;75;75;74;9;3,2;
2008-12-25;08:00;0;1006,3;1006,3;1005,9;-9999;27,1;22,3;27,1;27;22,3;22;76;74;75;73;7,6;3,3;
2008-12-25;09:00;0;1006,9;1006,9;1006,3;3,3;27,2;22,4;27,2;27,1;22,4;22,1;76;74;75;68;7,7;3;
2008-12-25;10:00;0;1007,6;1007,6;1006,9;343,6;27,8;22,6;27,8;27,2;22,6;22,2;75;72;73;72;7,3;3,3;
2008-12-25;11:00;0;1008,1;1008,2;1007,6;944,5;28,7;22,6;28,8;27,9;23,1;22,2;73;69;70;70;7,4;3,4;
2008-12-25;12:00;0;1008,5;1008,5;1008,1;1560,1;29,4;23,4;29,4;28,5;23,4;22,5;71;67;70;78;8,7;3,3;
2008-12-25;13:00;0;1008,5;1008,7;1008,5;2079,2;30,4;23,2;30,4;29;23,6;22,5;70;65;65;75;7,7;3,6;
2008-12-25;14:00;0;1008,3;1008,6;1008,3;2646;30,1;22,5;31;29,2;23,4;22,4;68;62;64;79;9;3,4;
2008-12-25;15:00;0;1008,2;1008,3;1008,1;2312,7;29,3;22,7;30,9;29,3;23,1;22,3;68;62;68;63;9;4,3;
2008-12-25;16:00;0;1007,6;1008,2;1007,6;2463,1;30,3;23;31,2;29,2;23,5;22,5;69;62;65;56;9,1;4,9;
2008-12-25;17:00;0;1006,1;1007,6;1006,1;3101,3;30,2;23,2;30,9;30;23,5;22,9;67;64;66;54;8,9;5,1;
2008-12-25;18:00;0;1005,3;1006,1;1005,3;2585,6;29,8;23,2;30,7;29,6;23,6;23,1;69;65;68;48;9,1;4,7;
2008-12-25;19:00;0;1004,9;1005,3;1004,8;1910,2;29,2;23,2;30,4;29,2;23,9;22,7;70;66;70;61;10,2;4,2;
2008-12-25;20:00;0;1004,7;1005;1004,7;767,7;28,3;23,4;29,3;28,2;23,6;23,1;75;70;75;41;9;4,5;
2008-12-25;21:00;0;1005,4;1005,4;1004,7;168,1;27,7;23,5;28,3;27,7;23,5;23,1;78;75;78;51;8,4;3,7;
2008-12-25;22:00;0;1005,8;1005,8;1005,4;-9999;27,6;23,2;27,7;27,5;23,5;23,2;79;77;77;55;8;3,5;
2008-12-25;23:00;0;1006,6;1006,6;1005,8;-9999;27,5;23,6;27,6;27,4;23,6;23,3;80;77;80;46;7,3;3,6;
2008-12-26;00:00;0;1007,3;1007,3;1006,6;-9999;27,5;23,5;27,6;27,4;23,7;23,5;80;79;79;57;7,4;3,2;
2008-12-26;01:00;0;1007,4;1007,5;1007,3;-9999;27,7;23,5;27,7;27,5;23,6;23,4;79;78;78;62;8,8;3,5;
2008-12-26;02:00;0;1006,9;1007,5;1006,9;-9999;27,6;23,3;27,7;27,5;23,6;23,3;79;77;78;57;8,5;4,5;
2008-12-26;03:00;0;1006,7;1007;1006,7;-9999;27,5;23,5;27,6;27,5;23,7;23,1;80;76;79;55;10,3;3,8;
2008-12-26;04:00;0;1006,4;1006,8;1006,4;-9999;27,5;23,5;27,6;27,5;23,6;23,1;79;77;79;53;9,4;4,3;
2008-12-26;05:00;0;1006,2;1006,4;1006,2;-9999;27,3;23,4;27,5;27,3;23,6;23,4;80;78;79;61;9,3;3,4;
2008-12-26;06:00;0;1006,3;1006,4;1006,1;-9999;27;23,6;27,4;26,6;23,6;23,2;84;78;81;57;8,5;3,1;
2008-12-26;07:00;0;1006,4;1006,4;1006,2;-9999;27,3;23,5;27,3;27,1;23,8;23,5;82;80;80;50;7,2;3,4;
2008-12-26;08:00;0;1006,9;1006,9;1006,4;-9999;27,4;23,6;27,5;27,3;23,8;23,3;81;78;80;56;6,9;2,6;
2008-12-26;09:00;0;1007,2;1007,2;1006,8;-9999;27,4;23,2;27,5;27,3;23,6;23;80;77;78;57;7,5;3,1;
2008-12-26;10:00;0;1007,9;1007,9;1007,2;139,1;27,7;23,5;27,7;27,4;23,6;23,2;80;77;78;64;6,2;2,5;
2008-12-26;11:00;0;1008,5;1008,6;1007,9;377,4;28,2;23,6;28,2;27,6;23,9;23,5;80;76;76;64;6,1;2,8;
2008-12-26;12:00;0;1009,1;1009,2;1008,5;956,3;28,8;23,5;29;28,2;23,9;23,3;76;73;73;58;6,8;3,5;
2008-12-26;13:00;0;1009,5;1009,5;1009,1;1115,3;28,9;23,1;29,4;28,7;24,1;23;75;70;71;57;6,8;2,7;
2008-12-26;14:00;0;1009,3;1009,5;1009,3;914,1;29,1;22,8;29,2;28,7;23,5;22,6;72;68;69;67;7,5;2,6;
2008-12-26;15:00;0;1008,7;1009,3;1008,7;1432;29;23;29,6;29;23,3;22,7;71;68;70;57;7;3,2;
2008-12-26;16:00;0;1008,1;1008,7;1008,1;1345,1;29,4;23,4;29,7;28,8;23,4;22,8;71;68;70;52;6,6;3;
2008-12-26;17:00;0;1007,1;1008,1;1007,1;1295,4;28,8;23,5;29,5;28,8;23,5;23;73;69;73;48;6,6;3,6;
2008-12-26;18:00;0;1006,7;1007,1;1006,7;884,8;28,7;23,3;29,2;28,5;23,6;23;73;71;73;59;6,6;2,9;
2008-12-26;19:00;0;1006;1006,7;1006;833,4;28,4;22,9;29;28,4;23,5;22,7;74;71;72;63;7,4;3,5;
2008-12-26;20:00;0;1005,5;1006;1005,5;406,7;27,9;22,7;28,4;27,9;23;22,5;74;72;73;54;7,4;3,1;
2008-12-26;21:00;0;1005,5;1005,6;1005,4;105,3;27,4;23;27,9;27,4;23,1;22,8;77;73;77;48;6,8;2,3;
2008-12-26;22:00;0;1006;1006;1005,5;-9999;27,2;22,9;27,4;27,2;23;22,8;77;76;77;40;5,7;2;
2008-12-26;23:00;0;1006,5;1006,5;1006;-9999;27,4;23;27,4;27,2;23,1;22,8;78;76;77;41;5,8;3,1;
2008-12-27;00:00;0;1007,1;1007,2;1006,5;-9999;27,1;23,4;27,4;27,1;23,4;23;80;77;80;49;5,7;2;
2008-12-27;01:00;0;1007,7;1007,7;1007,1;-9999;27,1;23,2;27,2;27,1;23,4;23,2;80;79;79;47;6;2,6;
2008-12-27;02:00;0;1007,4;1007,7;1007,4;-9999;27,1;23,1;27,2;27;23,3;23;80;78;79;52;6,3;2,8;
2008-12-27;03:00;0;1007;1007,4;1007;-9999;27;23,1;27,2;26,9;23,2;22,8;79;77;79;52;7,3;3;
2008-12-27;04:00;0;1006,9;1007;1006,8;-9999;27,1;23,1;27,1;26,9;23,4;23;81;79;79;49;7,3;2,7;
2008-12-27;05:00;0;1006,6;1006,9;1006,6;-9999;26,9;22,8;27,1;26,8;23,2;22,5;80;76;78;55;6,1;2,7;
2008-12-27;06:00;0;1006,4;1006,6;1006,4;-9999;26,7;22,9;26,9;26,7;23;22,8;80;78;80;60;6,1;1,9;
2008-12-27;07:00;0;1006,6;1006,6;1006,3;-9999;26,7;23;26,8;26,6;23;22,6;80;78;80;51;4,8;2,2;
2008-12-27;08:00;0;1007,1;1007,1;1006,6;-9999;26,7;23;26,9;26,7;23,1;22,8;80;78;80;57;4,5;2,1;
2008-12-27;09:00;0;1007,7;1007,7;1007,1;1,4;26,8;22,7;26,8;26,6;22,9;22,6;80;78;78;50;4,9;2,3;
2008-12-27;10:00;0;1008,5;1008,5;1007,7;329,2;28,2;23;28,2;26,8;23,1;22,7;79;73;73;60;6,1;2,7;
2008-12-27;11:00;0;1009,2;1009,2;1008,5;1241,2;29,3;23,1;29,4;28,2;23,4;22,7;74;69;69;68;7,6;3,2;
2008-12-27;12:00;0;1009,7;1009,7;1009,2;2158;30,1;23,2;30,2;29,1;23,4;22,7;70;65;67;63;7,6;3,6;
2008-12-27;13:00;0;1009,6;1009,8;1009,6;2292,7;29,4;21,8;30,4;29,4;23,4;21,8;68;63;64;77;7,9;3,7;
2008-12-27;14:00;0;1009,3;1009,6;1009,3;3036,6;31,3;22,6;31,3;29,3;23,1;22;66;60;60;60;7,2;3,5;
2008-12-27;15:00;0;1008,8;1009,3;1008,7;3766,1;30,2;22,7;31,4;30,1;23,1;22,1;64;59;64;77;7,6;3,1;
2008-12-27;16:00;0;1007,9;1008,8;1007,9;3483,7;30,5;22,6;31,5;29,8;23,7;22,4;66;61;63;81;6,7;3,4;
2008-12-27;17:00;0;1007;1007,9;1007;3254,9;30;23;31,7;29,7;23,5;21,9;68;59;66;32;7,2;3,8;
2008-12-27;18:00;0;1006,4;1007;1006,4;2492,7;29,9;22,7;30,6;29,3;23,1;22,3;67;62;65;39;7,1;3,8;
2008-12-27;19:00;0;1005,8;1006,4;1005,8;2043,7;29,7;23;30,5;29,2;23,1;22,2;69;63;67;34;7,1;3;
2008-12-27;20:00;0;1005,6;1005,9;1005,6;969,1;28,9;23;29,8;28,6;23,3;22,4;71;66;70;27;8,1;3,9;
2008-12-27;21:00;0;1005,9;1005,9;1005,6;173,9;27,6;22,7;28,9;27,6;23;22,6;75;70;75;23;8;2,5;
2008-12-27;22:00;0;1006,1;1006,2;1005,9;-9999;27,4;23;27,6;27,3;23,2;22,6;78;74;77;36;5,9;2,8;
2008-12-27;23:00;0;1006,5;1006,6;1006,1;-9999;27,3;23,3;27,4;27,2;23,4;22,8;79;76;79;29;7;2,8;
2008-12-28;00:00;0;1007,5;1007,5;1006,6;-9999;27,3;23,3;27,4;27,3;23,4;23,2;79;78;79;31;6,2;2,9;
2008-12-28;01:00;0;1008;1008;1007,5;-9999;27,4;23,5;27,5;27,3;23,5;23,3;79;78;79;36;6,4;3,1;
2008-12-28;02:00;0;1008,1;1008,1;1007,9;-9999;27,4;23,3;27,5;27,3;23,5;23,1;79;77;78;43;7,1;3,9;
2008-12-28;03:00;0;1008;1008,2;1008;-9999;27,4;23;27,5;27,3;23,3;23;78;77;77;47;7,1;3,5;
2008-12-28;04:00;0;1007,5;1008;1007,5;-9999;27,1;23,3;27,5;27,1;23,3;23;79;77;79;46;6,5;2,4;
2008-12-28;05:00;0;1007;1007,5;1007;-9999;27,3;23,3;27,3;27,1;23,5;23,1;81;78;79;55;6,8;2,6;
2008-12-28;06:00;0;1006,7;1007,1;1006,7;-9999;27,3;22,9;27,4;27,1;23,5;22,7;81;76;77;59;7,1;3,1;
2008-12-28;07:00;0;1006,6;1006,8;1006,6;-9999;27,2;23,4;27,3;27,2;23,4;22,8;80;76;80;56;7,2;2,8;
2008-12-28;08:00;0;1007,1;1007,1;1006,6;-9999;27,1;23,5;27,3;27,1;23,5;23,2;81;78;81;56;6,5;2,3;
2008-12-28;09:00;0;1007,4;1007,5;1007,1;,2;27,3;23,2;27,3;27,1;23,6;22,9;81;78;79;60;6,9;2,9;
2008-12-28;10:00;0;1007,9;1007,9;1007,4;202,3;27,6;23,1;27,8;27,3;23,3;23,1;79;76;77;71;6,8;3,4;
2008-12-28;11:00;0;1008,5;1008,5;1007,9;930,3;29,1;23,4;29,2;27,6;23,9;23,2;77;71;71;65;6,9;3,7;
2008-12-28;12:00;0;1008,9;1008,9;1008,4;1689,8;29,9;23,6;29,9;28,7;23,8;23,2;74;68;69;63;8,2;3,8;
2008-12-28;13:00;0;1009,1;1009,2;1008,9;2596,6;30,4;23,5;31,1;29,7;24;22,9;69;63;67;74;8,5;4,5;
2008-12-28;14:00;0;1008,6;1009,1;1008,6;3007,1;30,6;23,3;31,4;30;24;23,1;68;63;65;71;9,1;4,2;
2008-12-28;15:00;0;1008,2;1008,6;1008,2;3229,7;30,6;23,5;31,8;30,2;24,5;23,3;69;64;66;82;10;4,9;
2008-12-28;16:00;0;1007,2;1008,2;1007,2;3240,2;31,2;24,1;31,7;30,4;24,5;23,2;69;63;66;86;9,4;4,4;
2008-12-28;17:00;0;1006,1;1007,3;1006,1;3162,5;31,3;24,3;31,5;30,2;24,5;23,5;70;65;66;73;10,6;3,8;
2008-12-28;18:00;0;1005,3;1006,1;1005,3;2612,8;30,3;24;31,3;29,9;24,5;23,6;70;66;69;66;9,3;4,3;
2008-12-28;19:00;0;1005,1;1005,4;1005,1;1940,2;29,9;24;30,7;29,7;24,3;23,6;70;68;70;63;9,3;4,6;
2008-12-28;20:00;0;1005;1005,1;1004,9;806,8;29;23,7;30,3;29;24,4;23,6;74;70;73;63;8,9;4;
2008-12-28;21:00;0;1005;1005,2;1005;239,3;28,1;24;29;28,1;24,1;23,7;79;73;78;61;8,5;3,4;
2008-12-28;22:00;0;1005,3;1005,3;1005;2,5;27,8;23,9;28,1;27,8;24;23,7;80;78;79;64;8,1;3,8;
2008-12-28;23:00;0;1005,9;1005,9;1005,3;-9999;28;23,5;28;27,8;24;23,5;80;77;77;66;9,4;3,8;
2008-12-29;00:00;0;1006,5;1006,5;1005,9;-9999;27,8;23,7;28;27,8;23,7;23,2;78;75;78;67;9,1;3;
2008-12-29;01:00;0;1007,1;1007,2;1006,5;-9999;27,8;23,2;27,9;27,8;23,6;23,1;78;75;76;71;8,9;3;
2008-12-29;02:00;0;1007,8;1007,8;1007,1;-9999;27,8;23;28;27,8;23,4;23;77;74;75;66;8,8;3,7;
2008-12-29;03:00;0;1007,4;1007,8;1007,3;-9999;27,7;23,3;27,9;27,7;23,3;23;77;75;77;66;8,7;3,6;
2008-12-29;04:00;0;1007,1;1007,4;1007,1;-9999;27,5;23,5;27,7;27,5;23,6;23,3;80;77;79;78;7,2;2,6;
2008-12-29;05:00;0;1006,8;1007,1;1006,7;-9999;27,5;23,2;27,5;27,4;23,7;23,1;80;77;77;75;6,6;3,1;
2008-12-29;06:00;0;1006,5;1006,8;1006,5;-9999;27,3;23,3;27,6;27,3;23,4;23,2;79;77;79;81;6,6;2,7;
2008-12-29;07:00;0;1006,6;1006,6;1006,5;-9999;27,5;23,1;27,5;27,3;23,3;23;79;77;77;81;8;3;
2008-12-29;08:00;0;1006,8;1006,8;1006,6;-9999;27,4;23,4;27,6;27,4;23,5;23,1;79;77;79;75;7,5;3,1;
2008-12-29;09:00;0;1007;1007,1;1006,7;1,4;27,3;23,3;27,5;27,2;23,4;23;79;77;79;65;7,9;3,1;
2008-12-29;10:00;0;1007,8;1007,8;1007,1;267,3;28,2;23,4;28,3;27,3;23,5;23,1;79;75;75;73;8,5;3,7;
2008-12-29;11:00;0;1008,4;1008,5;1007,8;996,8;29,1;23,7;29,2;28,2;23,9;23,3;76;73;73;79;9;4,2;
2008-12-29;12:00;0;1009;1009;1008,4;1652,2;30;24,1;30,1;29;24,2;23,4;74;70;71;73;9,2;3,5;
2008-12-29;13:00;0;1009,1;1009,2;1009;2495,2;30,3;23,8;30,8;29,8;24,3;23,6;71;67;68;86;9,8;5,1;
2008-12-29;14:00;0;1009;1009,2;1009;2766,5;30,1;24;31,4;29,9;24,5;23,5;70;65;70;91;10,6;4,8;
2008-12-29;15:00;0;1008,5;1009;1008,4;3283;31,4;24,6;31,5;30;24,9;23,9;71;66;67;77;9,5;4,1;
2008-12-29;16:00;0;1007,6;1008,5;1007,6;3373,4;31,1;23,5;31,6;30,4;24,6;23,3;69;63;64;82;11,1;4,5;
2008-12-29;17:00;0;1006,7;1007,6;1006,6;3218,2;30,9;23,2;31,5;30,6;23,9;23;66;62;63;60;10,4;4,8;
2008-12-29;18:00;0;1005,9;1006,7;1005,9;2694;30,4;23,8;31,3;30,2;24;22,9;68;62;68;51;10;4,6;
2008-12-29;19:00;0;1005,7;1005,9;1005,6;1902,8;29,5;23,4;30,8;29,4;24,4;23,4;71;67;70;41;10,5;4,7;
2008-12-29;20:00;0;1005,7;1005,7;1005,4;527,3;28,6;23,9;29,5;28,4;24,1;23,4;77;70;75;39;9,6;4,4;
2008-12-29;21:00;0;1005,9;1005,9;1005,6;133,7;27,8;23,8;28,6;27,8;23,9;23,7;79;75;79;35;8,3;3,8;
2008-12-29;22:00;0;1006,6;1006,6;1005,8;-9999;27,9;23,7;27,9;27,8;23,8;23,6;79;78;78;49;7,8;3,9;
2008-12-29;23:00;0;1007,4;1007,4;1006,6;-9999;27,9;23,8;27,9;27,8;23,8;23,5;78;77;78;49;8,5;4,1;
2008-12-30;00:00;0;1008,4;1008,5;1007,4;-9999;27,9;23,6;28;27,9;23,8;23,5;78;77;78;45;9,2;4,1;
2008-12-30;01:00;0;1009,1;1009,1;1008,4;-9999;28;23,7;28;27,9;23,7;23,4;78;76;78;49;8,6;3,9;
2008-12-30;02:00;0;1009,1;1009,2;1009;-9999;27,9;23,5;28;27,9;23,6;23,4;78;77;77;58;9,1;3,8;
2008-12-30;03:00;0;1008,7;1009,1;1008,6;-9999;27,8;23,2;27,9;27,8;23,7;23;78;75;76;55;8,5;4,3;
2008-12-30;04:00;0;1008,1;1008,8;1008,1;-9999;27,5;23;27,8;27,5;23,3;22,9;77;76;77;49;8,3;4;
2008-12-30;05:00;0;1007,8;1008,1;1007,8;-9999;27,5;23,1;27,7;27,5;23,2;22,8;77;75;77;59;9,9;3,3;
2008-12-30;06:00;0;1007,3;1007,8;1007,3;-9999;27,4;22,8;27,5;27,4;23,1;22,7;77;75;76;63;8,2;3,1;
2008-12-30;07:00;0;1007,6;1007,7;1007,2;-9999;27,5;22,5;27,5;27,4;22,9;22,5;76;74;75;72;7,2;2,8;
2008-12-30;08:00;0;1007,2;1007,6;1007,1;-9999;27,2;22,2;27,5;27,2;22,6;22,2;75;73;74;62;7,4;3,7;
2008-12-30;09:00;0;1007,8;1007,8;1007,2;-9999;27,3;22,1;27,4;27,2;22,5;22;75;73;73;63;12,2;4,1;
2008-12-30;10:00;0;1008,6;1008,6;1007,8;255,9;28;22,4;28;27,3;22,5;21,8;73;71;72;72;9,6;4;
2008-12-30;11:00;0;1008,7;1008,7;1008,5;1074,2;28,8;22,7;28,8;27,9;23;22,3;73;69;70;66;10,1;5,1;
2008-12-30;12:00;0;1009,2;1009,2;1008,7;1871,7;29,3;22,1;29,9;28,8;23,1;22,1;70;64;65;70;12,1;4,9;
2008-12-30;13:00;0;1009,1;1009,4;1009;2056,5;29,5;22,2;30,2;28,8;22,8;22,1;69;63;65;66;12,1;5,5;
2008-12-30;14:00;0;1008,9;1009,1;1008,9;1765,2;29,5;22,7;30,4;29,2;23,2;22,3;68;64;67;66;11,8;4,6;
2008-12-30;15:00;0;1008,8;1009;1008,7;2163,8;28,3;22,7;30,8;28,3;23,3;22,3;72;63;72;79;10,7;5,4;
2008-12-30;16:00;0;1008,2;1008,9;1008,2;2620,5;30,5;23,2;30,7;27,7;23,6;22,3;75;63;65;71;10,4;3,8;
2008-12-30;17:00;0;1007,2;1008,2;1007,2;2941,2;30,3;21,5;31,1;30,2;23,3;21,5;65;59;59;73;10,6;5;
2008-12-30;18:00;0;1006,6;1007,3;1006,6;2669,8;29,9;21,9;31,5;29,8;22,3;21,3;63;57;62;65;10,8;4,2;
2008-12-30;19:00;0;1006,2;1006,6;1006,2;1998,6;29,5;22,3;30,5;29,3;22,5;21,8;65;61;65;60;10;4,6;
2008-12-30;20:00;0;1006,1;1006,2;1006;905;28,8;22,1;29,6;28,6;22,6;21,7;68;65;67;60;10,5;4,8;
2008-12-30;21:00;0;1006,7;1006,7;1006,1;172,1;27,8;22,2;28,9;27,8;22,5;22,1;72;67;72;61;11,1;4,1;
2008-12-30;22:00;0;1007,3;1007,3;1006,7;-9999;27,7;22,7;27,8;27,7;22,8;22,2;75;72;74;57;9,6;4,3;
2008-12-30;23:00;0;1008,1;1008,1;1007,3;-9999;27,6;22,7;27,8;27,6;23,1;22,4;76;73;75;68;9,3;3,8;
2008-12-31;00:00;0;1008,6;1008,6;1008;-9999;27,5;22,5;27,6;27,5;23;22,5;76;74;74;63;10,1;4,5;
2008-12-31;01:00;0;1008,9;1008,9;1008,6;-9999;27,5;22,7;27,6;27,5;23,1;22,5;77;74;75;58;9,8;4,6;
2008-12-31;02:00;0;1008,8;1009,2;1008,7;-9999;27,4;22,7;27,5;27,3;22,9;22,6;77;75;76;60;10,4;4,8;
2008-12-31;03:00;0;1008,6;1008,8;1008,6;-9999;27,3;22,6;27,4;27,2;22,8;22,4;77;74;76;61;11,2;4,2;
2008-12-31;04:00;0;1008,1;1008,6;1008;-9999;27,2;21,8;27,3;27,1;22,7;21,8;76;72;72;60;10;5;
2008-12-31;05:00;0;1007,8;1008,1;1007,8;-9999;27,1;21,3;27,3;27,1;22,2;21,2;74;70;71;59;12;4,9;
2008-12-31;06:00;0;1007,6;1007,9;1007,6;-9999;27;21,8;27,2;27;22,1;21,2;74;70;73;62;12;4;
2008-12-31;07:00;0;1007,5;1007,6;1007,5;-9999;27;22,1;27,1;27;22,1;21,3;75;71;75;63;9,7;3,8;
2008-12-31;08:00;0;1007,9;1007,9;1007,5;-9999;27,1;21,7;27,2;27;22,3;21,6;76;72;72;66;9,5;4,5;
2008-12-31;09:00;0;1008,4;1008,4;1007,8;-9999;27;22,1;27,2;27;22,1;21,3;75;71;74;62;10,3;4;
2008-12-31;10:00;0;1009;1009;1008,3;167,6;27,5;22;27,5;27;22,4;21,9;75;72;72;62;11;4,3;
2008-12-31;11:00;0;1009,6;1009,6;1009;971,7;28,2;22,4;28,6;27,5;22,7;22;74;69;71;65;11,6;5,1;
2008-12-31;12:00;0;1009,9;1009,9;1009,6;1395,4;29;22,4;29,5;28,2;22,9;22,1;71;66;68;67;11,6;4,9;
2008-12-31;13:00;0;1009,9;1010,1;1009,8;2168,4;29,3;22,5;30,2;28,8;23;21,9;68;63;67;79;11,6;4,8;
2008-12-31;14:00;0;1009,8;1010,1;1009,8;2316,9;30,1;22;30,5;29,2;23;22;67;62;62;86;10,8;4,8;
2008-12-31;15:00;0;1009,5;1009,8;1009,5;3002,2;30,8;22,2;30,9;29,5;22,6;21,7;64;60;60;89;11,8;5;
2008-12-31;16:00;0;1009,1;1009,5;1009;2594,8;30,1;22,3;30,8;29,3;22,9;21,8;67;60;63;85;10,3;5;
2008-12-31;17:00;0;1008,3;1009,1;1008,3;2707,5;30,3;22,2;31,4;29,8;22,8;22;64;59;62;96;9,1;3,8;
2008-12-31;18:00;0;1007,7;1008,3;1007,7;2179,2;29,7;22,7;31,1;29,6;22,8;22;66;60;66;80;8,2;4,1;
2008-12-31;19:00;0;1007,4;1007,7;1007,4;1865,8;29,8;22,8;30,3;29,5;23,1;22,3;67;64;66;93;8,7;4,5;
2008-12-31;20:00;0;1007,3;1007,4;1007,1;580;28,6;22,5;29,8;28,6;22,8;22,1;70;65;70;70;8,7;2,8;
2008-12-31;21:00;0;1007,5;1007,5;1007,3;198,1;28;22,6;28,6;28;22,8;22,5;73;70;73;61;6,1;2,3;
2008-12-31;22:00;0;1007,8;1007,8;1007,5;-9999;27,8;23,2;28;27,7;23,2;22,6;76;73;76;65;4,9;2,1;
2008-12-31;23:00;0;1008,4;1008,4;1007,8;-9999;27,7;23,8;27,8;27,6;23,8;23,2;80;76;79;51;6,3;2,9;
