REGIÃO:;SE
UF:;SP
ESTAÇÃO:;VOTUPORANGA
CODIGO (WMO):;A729
LATITUDE:;-20,40305555
LONGITUDE:;-49,96583333
ALTITUDE:;465
DATA DE FUNDAÇÃO (YYYY-MM-DD):;2006-12-04
DATA (YYYY-MM-DD);HORA (UTC);PRECIPITAÇÃO TOTAL, HORÁRIO (mm);PRESSAO ATMOSFERICA AO NIVEL DA ESTACAO, HORARIA (mB);PRESSÃO ATMOSFERICA MAX.NA HORA ANT. (AUT) (mB);PRESSÃO ATMOSFERICA MIN. NA HORA ANT. (AUT) (mB);RADIACAO GLOBAL (KJ/m²);TEMPERATURA DO AR - BULBO SECO, HORARIA (°C);TEMPERATURA DO PONTO DE ORVALHO (°C);TEMPERATURA MÁXIMA NA HORA ANT. (AUT) (°C);TEMPERATURA MÍNIMA NA HORA ANT. (AUT) (°C);TEMPERATURA ORVALHO MAX. NA HORA ANT. (AUT) (°C);TEMPERATURA ORVALHO MIN. NA HORA ANT. (AUT) (°C);UMIDADE REL. MAX. NA HORA ANT. (AUT) (%);UMIDADE REL. MIN. NA HORA ANT. (AUT) (%);UMIDADE RELATIVA DO AR, HORARIA (%);VENTO, DIREÇÃO HORARIA (gr) (° (gr));VENTO, RAJADA MAXIMA (m/s);VENTO, VELOCIDADE HORARIA (m/s);
2006-12-04;00:00;-9999;-9999;-9999;-9999;-9999;-9999;-9999;-9999;-9999;-9999;-9999;-9999;-9999;-9999;-9999;-9999;-9999;
2006-12-04;01:00;-9999;-9999;-9999;-9999;-9999;-9999;-9999;-9999;-9999;-9999;-9999;-9999;-9999;-9999;-9999;-9999;-9999;
2006-12-04;02:00;-9999;-9999;-9999;-9999;-9999;-9999;-9999;-9999;-9999;-9999;-9999;-9999;-9999;-9999;-9999;-9999;-9999;
2006-12-04;03:00;-9999;-9999;-9999;-9999;-9999;-9999;-9999;-9999;-9999;-9999;-9999;-9999;-9999;-9999;-9999;-9999;-9999;
2006-12-04;04:00;-9999;-9999;-9999;-9999;-9999;-9999;-9999;-9999;-9999;-9999;-9999;-9999;-9999;-9999;-9999;-9999;-9999;
2006-12-04;05:00;-9999;-9999;-9999;-9999;-9999;-9999;-9999;-9999;-9999;-9999;-9999;-9999;-9999;-9999;-9999;-9999;-9999;
2006-12-04;06:00;-9999;-9999;-9999;-9999;-9999;-9999;-9999;-9999;-9999;-9999;-9999;-9999;-9999;-9999;-9999;-9999;-9999;
2006-12-04;07:00;-9999;-9999;-9999;-9999;-9999;-9999;-9999;-9999;-9999;-9999;-9999;-9999;-9999;-9999;-9999;-9999;-9999;
2006-12-04;08:00;-9999;-9999;-9999;-9999;-9999;-9999;-9999;-9999;-9999;-9999;-9999;-9999;-9999;-9999;-9999;-9999;-9999;
2006-12-04;09:00;-9999;-9999;-9999;-9999;-9999;-9999;-9999;-9999;-9999;-9999;-9999;-9999;-9999;-9999;-9999;-9999;-9999;
2006-12-04;10:00;-9999;-9999;-9999;-9999;-9999;-9999;-9999;-9999;-9999;-9999;-9999;-9999;-9999;-9999;-9999;-9999;-9999;
2006-12-04;11:00;-9999;-9999;-9999;-9999;-9999;-9999;-9999;-9999;-9999;-9999;-9999;-9999;-9999;-9999;-9999;-9999;-9999;
2006-12-04;12:00;-9999;-9999;-9999;-9999;-9999;-9999;-9999;-9999;-9999;-9999;-9999;-9999;-9999;-9999;-9999;-9999;-9999;
2006-12-04;13:00;-9999;-9999;-9999;-9999;-9999;-9999;-9999;-9999;-9999;-9999;-9999;-9999;-9999;-9999;-9999;-9999;-9999;
2006-12-04;14:00;-9999;-9999;-9999;-9999;-9999;-9999;-9999;-9999;-9999;-9999;-9999;-9999;-9999;-9999;-9999;-9999;-9999;
2006-12-04;15:00;-9999;-9999;-9999;-9999;-9999;-9999;-9999;-9999;-9999;-9999;-9999;-9999;-9999;-9999;-9999;-9999;-9999;
2006-12-04;16:00;-9999;-9999;-9999;-9999;-9999;-9999;-9999;-9999;-9999;-9999;-9999;-9999;-9999;-9999;-9999;-9999;-9999;
2006-12-04;17:00;-9999;-9999;-9999;-9999;-9999;-9999;-9999;-9999;-9999;-9999;-9999;-9999;-9999;-9999;-9999;-9999;-9999;
2006-12-04;18:00;-9999;-9999;-9999;-9999;-9999;-9999;-9999;-9999;-9999;-9999;-9999;-9999;-9999;-9999;-9999;-9999;-9999;
2006-12-04;19:00;-9999;-9999;-9999;-9999;-9999;-9999;-9999;-9999;-9999;-9999;-9999;-9999;-9999;-9999;-9999;-9999;-9999;
2006-12-04;20:00;-9999;-9999;-9999;-9999;-9999;-9999;-9999;-9999;-9999;-9999;-9999;-9999;-9999;-9999;-9999;-9999;-9999;
2006-12-04;21:00;-9999;-9999;-9999;-9999;-9999;-9999;-9999;-9999;-9999;-9999;-9999;-9999;-9999;-9999;-9999;-9999;-9999;
2006-12-04;22:00;-9999;-9999;-9999;-9999;-9999;-9999;-9999;-9999;-9999;-9999;-9999;-9999;-9999;-9999;-9999;-9999;-9999;
2006-12-04;23:00;-9999;-9999;-9999;-9999;-9999;-9999;-9999;-9999;-9999;-9999;-9999;-9999;-9999;-9999;-9999;-9999;-9999;
2006-12-05;00:00;-9999;-9999;-9999;-9999;-9999;-9999;-9999;-9999;-9999;-9999;-9999;-9999;-9999;-9999;-9999;-9999;-9999;
2006-12-05;01:00;-9999;-9999;-9999;-9999;-9999;-9999;-9999;-9999;-9999;-9999;-9999;-9999;-9999;-9999;-9999;-9999;-9999;
2006-12-05;02:00;-9999;-9999;-9999;-9999;-9999;-9999;-9999;-9999;-9999;-9999;-9999;-9999;-9999;-9999;-9999;-9999;-9999;
2006-12-05;03:00;-9999;-9999;-9999;-9999;-9999;-9999;-9999;-9999;-9999;-9999;-9999;-9999;-9999;-9999;-9999;-9999;-9999;
2006-12-05;04:00;-9999;-9999;-9999;-9999;-9999;-9999;-9999;-9999;-9999;-9999;-9999;-9999;-9999;-9999;-9999;-9999;-9999;
2006-12-05;05:00;-9999;-9999;-9999;-9999;-9999;-9999;-9999;-9999;-9999;-9999;-9999;-9999;-9999;-9999;-9999;-9999;-9999;
2006-12-05;06:00;-9999;-9999;-9999;-9999;-9999;-9999;-9999;-9999;-9999;-9999;-9999;-9999;-9999;-9999;-9999;-9999;-9999;
2006-12-05;07:00;-9999;-9999;-9999;-9999;-9999;-9999;-9999;-9999;-9999;-9999;-9999;-9999;-9999;-9999;-9999;-9999;-9999;
2006-12-05;08:00;-9999;-9999;-9999;-9999;-9999;-9999;-9999;-9999;-9999;-9999;-9999;-9999;-9999;-9999;-9999;-9999;-9999;
2006-12-05;09:00;-9999;-9999;-9999;-9999;-9999;-9999;-9999;-9999;-9999;-9999;-9999;-9999;-9999;-9999;-9999;-9999;-9999;
2006-12-05;10:00;-9999;-9999;-9999;-9999;-9999;-9999;-9999;-9999;-9999;-9999;-9999;-9999;-9999;-9999;-9999;-9999;-9999;
2006-12-05;11:00;-9999;-9999;-9999;-9999;-9999;-9999;-9999;-9999;-9999;-9999;-9999;-9999;-9999;-9999;-9999;-9999;-9999;
2006-12-05;12:00;-9999;-9999;-9999;-9999;-9999;-9999;-9999;-9999;-9999;-9999;-9999;-9999;-9999;-9999;-9999;-9999;-9999;
2006-12-05;13:00;-9999;-9999;-9999;-9999;-9999;-9999;-9999;-9999;-9999;-9999;-9999;-9999;-9999;-9999;-9999;-9999;-9999;
2006-12-05;14:00;-9999;-9999;-9999;-9999;-9999;-9999;-9999;-9999;-9999;-9999;-9999;-9999;-9999;-9999;-9999;-9999;-9999;
2006-12-05;15:00;-9999;-9999;-9999;-9999;-9999;-9999;-9999;-9999;-9999;-9999;-9999;-9999;-9999;-9999;-9999;-9999;-9999;
2006-12-05;16:00;-9999;-9999;-9999;-9999;-9999;-9999;-9999;-9999;-9999;-9999;-9999;-9999;-9999;-9999;-9999;-9999;-9999;
2006-12-05;17:00;-9999;-9999;-9999;-9999;-9999;-9999;-9999;-9999;-9999;-9999;-9999;-9999;-9999;-9999;-9999;-9999;-9999;
2006-12-05;18:00;-9999;-9999;-9999;-9999;-9999;-9999;-9999;-9999;-9999;-9999;-9999;-9999;-9999;-9999;-9999;-9999;-9999;
2006-12-05;19:00;-9999;-9999;-9999;-9999;-9999;-9999;-9999;-9999;-9999;-9999;-9999;-9999;-9999;-9999;-9999;-9999;-9999;
2006-12-05;20:00;-9999;-9999;-9999;-9999;-9999;-9999;-9999;-9999;-9999;-9999;-9999;-9999;-9999;-9999;-9999;-9999;-9999;
2006-12-05;21:00;-9999;-9999;-9999;-9999;-9999;-9999;-9999;-9999;-9999;-9999;-9999;-9999;-9999;-9999;-9999;-9999;-9999;
2006-12-05;22:00;-9999;-9999;-9999;-9999;-9999;-9999;-9999;-9999;-9999;-9999;-9999;-9999;-9999;-9999;-9999;-9999;-9999;
2006-12-05;23:00;-9999;-9999;-9999;-9999;-9999;-9999;-9999;-9999;-9999;-9999;-9999;-9999;-9999;-9999;-9999;-9999;-9999;
2006-12-06;00:00;-9999;-9999;-9999;-9999;-9999;-9999;-9999;-9999;-9999;-9999;-9999;-9999;-9999;-9999;-9999;-9999;-9999;
2006-12-06;01:00;-9999;-9999;-9999;-9999;-9999;-9999;-9999;-9999;-9999;-9999;-9999;-9999;-9999;-9999;-9999;-9999;-9999;
2006-12-06;02:00;-9999;-9999;-9999;-9999;-9999;-9999;-9999;-9999;-9999;-9999;-9999;-9999;-9999;-9999;-9999;-9999;-9999;
2006-12-06;03:00;-9999;-9999;-9999;-9999;-9999;-9999;-9999;-9999;-9999;-9999;-9999;-9999;-9999;-9999;-9999;-9999;-9999;
2006-12-06;04:00;-9999;-9999;-9999;-9999;-9999;-9999;-9999;-9999;-9999;-9999;-9999;-9999;-9999;-9999;-9999;-9999;-9999;
2006-12-06;05:00;-9999;-9999;-9999;-9999;-9999;-9999;-9999;-9999;-9999;-9999;-9999;-9999;-9999;-9999;-9999;-9999;-9999;
2006-12-06;06:00;-9999;-9999;-9999;-9999;-9999;-9999;-9999;-9999;-9999;-9999;-9999;-9999;-9999;-9999;-9999;-9999;-9999;
2006-12-06;07:00;-9999;-9999;-9999;-9999;-9999;-9999;-9999;-9999;-9999;-9999;-9999;-9999;-9999;-9999;-9999;-9999;-9999;
2006-12-06;08:00;-9999;-9999;-9999;-9999;-9999;-9999;-9999;-9999;-9999;-9999;-9999;-9999;-9999;-9999;-9999;-9999;-9999;
2006-12-06;09:00;-9999;-9999;-9999;-9999;-9999;-9999;-9999;-9999;-9999;-9999;-9999;-9999;-9999;-9999;-9999;-9999;-9999;
2006-12-06;10:00;-9999;-9999;-9999;-9999;-9999;-9999;-9999;-9999;-9999;-9999;-9999;-9999;-9999;-9999;-9999;-9999;-9999;
2006-12-06;11:00;-9999;-9999;-9999;-9999;-9999;-9999;-9999;-9999;-9999;-9999;-9999;-9999;-9999;-9999;-9999;-9999;-9999;
2006-12-06;12:00;-9999;-9999;-9999;-9999;-9999;-9999;-9999;-9999;-9999;-9999;-9999;-9999;-9999;-9999;-9999;-9999;-9999;
2006-12-06;13:00;-9999;-9999;-9999;-9999;-9999;-9999;-9999;-9999;-9999;-9999;-9999;-9999;-9999;-9999;-9999;-9999;-9999;
2006-12-06;14:00;-9999;-9999;-9999;-9999;-9999;-9999;-9999;-9999;-9999;-9999;-9999;-9999;-9999;-9999;-9999;-9999;-9999;
2006-12-06;15:00;-9999;-9999;-9999;-9999;-9999;-9999;-9999;-9999;-9999;-9999;-9999;-9999;-9999;-9999;-9999;-9999;-9999;
2006-12-06;16:00;-9999;-9999;-9999;-9999;-9999;-9999;-9999;-9999;-9999;-9999;-9999;-9999;-9999;-9999;-9999;-9999;-9999;
2006-12-06;17:00;-9999;-9999;-9999;-9999;-9999;-9999;-9999;-9999;-9999;-9999;-9999;-9999;-9999;-9999;-9999;-9999;-9999;
2006-12-06;18:00;-9999;-9999;-9999;-9999;-9999;-9999;-9999;-9999;-9999;-9999;-9999;-9999;-9999;-9999;-9999;-9999;-9999;
2006-12-06;19:00;-9999;-9999;-9999;-9999;-9999;-9999;-9999;-9999;-9999;-9999;-9999;-9999;-9999;-9999;-9999;-9999;-9999;
2006-12-06;20:00;-9999;-9999;-9999;-9999;-9999;-9999;-9999;-9999;-9999;-9999;-9999;-9999;-9999;-9999;-9999;-9999;-9999;
2006-12-06;21:00;-9999;-9999;-9999;-9999;-9999;-9999;-9999;-9999;-9999;-9999;-9999;-9999;-9999;-9999;-9999;-9999;-9999;
2006-12-06;22:00;-9999;-9999;-9999;-9999;-9999;-9999;-9999;-9999;-9999;-9999;-9999;-9999;-9999;-9999;-9999;-9999;-9999;
2006-12-06;23:00;-9999;-9999;-9999;-9999;-9999;-9999;-9999;-9999;-9999;-9999;-9999;-9999;-9999;-9999;-9999;-9999;-9999;
2006-12-07;00:00;-9999;-9999;-9999;-9999;-9999;-9999;-9999;-9999;-9999;-9999;-9999;-9999;-9999;-9999;-9999;-9999;-9999;
2006-12-07;01:00;-9999;-9999;-9999;-9999;-9999;-9999;-9999;-9999;-9999;-9999;-9999;-9999;-9999;-9999;-9999;-9999;-9999;
2006-12-07;02:00;-9999;-9999;-9999;-9999;-9999;-9999;-9999;-9999;-9999;-9999;-9999;-9999;-9999;-9999;-9999;-9999;-9999;
2006-12-07;03:00;-9999;-9999;-9999;-9999;-9999;-9999;-9999;-9999;-9999;-9999;-9999;-9999;-9999;-9999;-9999;-9999;-9999;
2006-12-07;04:00;-9999;-9999;-9999;-9999;-9999;-9999;-9999;-9999;-9999;-9999;-9999;-9999;-9999;-9999;-9999;-9999;-9999;
2006-12-07;05:00;-9999;-9999;-9999;-9999;-9999;-9999;-9999;-9999;-9999;-9999;-9999;-9999;-9999;-9999;-9999;-9999;-9999;
2006-12-07;06:00;-9999;-9999;-9999;-9999;-9999;-9999;-9999;-9999;-9999;-9999;-9999;-9999;-9999;-9999;-9999;-9999;-9999;
2006-12-07;07:00;-9999;-9999;-9999;-9999;-9999;-9999;-9999;-9999;-9999;-9999;-9999;-9999;-9999;-9999;-9999;-9999;-9999;
2006-12-07;08:00;-9999;-9999;-9999;-9999;-9999;-9999;-9999;-9999;-9999;-9999;-9999;-9999;-9999;-9999;-9999;-9999;-9999;
2006-12-07;09:00;-9999;-9999;-9999;-9999;-9999;-9999;-9999;-9999;-9999;-9999;-9999;-9999;-9999;-9999;-9999;-9999;-9999;
2006-12-07;10:00;-9999;-9999;-9999;-9999;-9999;-9999;-9999;-9999;-9999;-9999;-9999;-9999;-9999;-9999;-9999;-9999;-9999;
2006-12-07;11:00;-9999;-9999;-9999;-9999;-9999;-9999;-9999;-9999;-9999;-9999;-9999;-9999;-9999;-9999;-9999;-9999;-9999;
2006-12-07;12:00;-9999;-9999;-9999;-9999;-9999;-9999;-9999;-9999;-9999;-9999;-9999;-9999;-9999;-9999;-9999;-9999;-9999;
2006-12-07;13:00;-9999;-9999;-9999;-9999;-9999;-9999;-9999;-9999;-9999;-9999;-9999;-9999;-9999;-9999;-9999;-9999;-9999;
2006-12-07;14:00;-9999;-9999;-9999;-9999;-9999;-9999;-9999;-9999;-9999;-9999;-9999;-9999;-9999;-9999;-9999;-9999;-9999;
2006-12-07;15:00;-9999;-9999;-9999;-9999;-9999;-9999;-9999;-9999;-9999;-9999;-9999;-9999;-9999;-9999;-9999;-9999;-9999;
2006-12-07;16:00;-9999;-9999;-9999;-9999;-9999;-9999;-9999;-9999;-9999;-9999;-9999;-9999;-9999;-9999;-9999;-9999;-9999;
2006-12-07;17:00;-9999;-9999;-9999;-9999;-9999;-9999;-9999;-9999;-9999;-9999;-9999;-9999;-9999;-9999;-9999;-9999;-9999;
2006-12-07;18:00;-9999;-9999;-9999;-9999;-9999;-9999;-9999;-9999;-9999;-9999;-9999;-9999;-9999;-9999;-9999;-9999;-9999;
2006-12-07;19:00;-9999;-9999;-9999;-9999;-9999;-9999;-9999;-9999;-9999;-9999;-9999;-9999;-9999;-9999;-9999;-9999;-9999;
2006-12-07;20:00;-9999;-9999;-9999;-9999;-9999;-9999;-9999;-9999;-9999;-9999;-9999;-9999;-9999;-9999;-9999;-9999;-9999;
2006-12-07;21:00;-9999;-9999;-9999;-9999;-9999;-9999;-9999;-9999;-9999;-9999;-9999;-9999;-9999;-9999;-9999;-9999;-9999;
2006-12-07;22:00;-9999;-9999;-9999;-9999;-9999;-9999;-9999;-9999;-9999;-9999;-9999;-9999;-9999;-9999;-9999;-9999;-9999;
2006-12-07;23:00;-9999;-9999;-9999;-9999;-9999;-9999;-9999;-9999;-9999;-9999;-9999;-9999;-9999;-9999;-9999;-9999;-9999;
2006-12-08;00:00;-9999;-9999;-9999;-9999;-9999;-9999;-9999;-9999;-9999;-9999;-9999;-9999;-9999;-9999;-9999;-9999;-9999;
2006-12-08;01:00;-9999;-9999;-9999;-9999;-9999;-9999;-9999;-9999;-9999;-9999;-9999;-9999;-9999;-9999;-9999;-9999;-9999;
2006-12-08;02:00;-9999;-9999;-9999;-9999;-9999;-9999;-9999;-9999;-9999;-9999;-9999;-9999;-9999;-9999;-9999;-9999;-9999;
2006-12-08;03:00;-9999;-9999;-9999;-9999;-9999;-9999;-9999;-9999;-9999;-9999;-9999;-9999;-9999;-9999;-9999;-9999;-9999;
2006-12-08;04:00;-9999;-9999;-9999;-9999;-9999;-9999;-9999;-9999;-9999;-9999;-9999;-9999;-9999;-9999;-9999;-9999;-9999;
2006-12-08;05:00;-9999;-9999;-9999;-9999;-9999;-9999;-9999;-9999;-9999;-9999;-9999;-9999;-9999;-9999;-9999;-9999;-9999;
2006-12-08;06:00;-9999;-9999;-9999;-9999;-9999;-9999;-9999;-9999;-9999;-9999;-9999;-9999;-9999;-9999;-9999;-9999;-9999;
2006-12-08;07:00;-9999;-9999;-9999;-9999;-9999;-9999;-9999;-9999;-9999;-9999;-9999;-9999;-9999;-9999;-9999;-9999;-9999;
2006-12-08;08:00;-9999;-9999;-9999;-9999;-9999;-9999;-9999;-9999;-9999;-9999;-9999;-9999;-9999;-9999;-9999;-9999;-9999;
2006-12-08;09:00;-9999;-9999;-9999;-9999;-9999;-9999;-9999;-9999;-9999;-9999;-9999;-9999;-9999;-9999;-9999;-9999;-9999;
2006-12-08;10:00;-9999;-9999;-9999;-9999;-9999;-9999;-9999;-9999;-9999;-9999;-9999;-9999;-9999;-9999;-9999;-9999;-9999;
2006-12-08;11:00;-9999;-9999;-9999;-9999;-9999;-9999;-9999;-9999;-9999;-9999;-9999;-9999;-9999;-9999;-9999;-9999;-9999;
2006-12-08;12:00;-9999;-9999;-9999;-9999;-9999;-9999;-9999;-9999;-9999;-9999;-9999;-9999;-9999;-9999;-9999;-9999;-9999;
2006-12-08;13:00;-9999;-9999;-9999;-9999;-9999;-9999;-9999;-9999;-9999;-9999;-9999;-9999;-9999;-9999;-9999;-9999;-9999;
2006-12-08;14:00;-9999;-9999;-9999;-9999;-9999;-9999;-9999;-9999;-9999;-9999;-9999;-9999;-9999;-9999;-9999;-9999;-9999;
2006-12-08;15:00;-9999;-9999;-9999;-9999;-9999;-9999;-9999;-9999;-9999;-9999;-9999;-9999;-9999;-9999;-9999;-9999;-9999;
2006-12-08;16:00;-9999;-9999;-9999;-9999;-9999;-9999;-9999;-9999;-9999;-9999;-9999;-9999;-9999;-9999;-9999;-9999;-9999;
2006-12-08;17:00;0;953;953,6;953;2529,1;29,1;19,9;29,4;28,6;21;18,6;62;55;57;346;6;2,9;
2006-12-08;18:00;0;952,3;953,1;952,3;2292,7;29;19,4;29,7;28,9;20,7;19,4;60;55;56;345;6,1;3,2;
2006-12-08;19:00;0;952,4;952,4;952,1;1332,7;27,2;20,3;29,5;27,2;21,8;19,7;69;56;66;351;8,4;3,9;
2006-12-08;20:00;0;952,5;952,6;952,4;790,2;27,1;20;28,1;26,9;20,6;19,5;66;61;65;340;8,4;3;
2006-12-08;21:00;0;952,9;952,9;952,5;331;25,6;21;27,3;25,6;21,1;19,6;76;64;75;352;7,1;2,8;
2006-12-08;22:00;2;954,3;954,3;952,9;25,4;22;19,8;25,6;22;21;19,3;89;73;87;325;12;4,4;
2006-12-08;23:00;,6;954,8;954,9;954,3;-9999;22,1;20,2;22,1;21,8;20,2;19,9;90;87;89;320;7,9;3,3;
2006-12-09;00:00;0;955,3;955,3;954,7;-9999;22,4;20,5;22,4;22,1;20,6;20,2;90;89;89;302;5,5;2,6;
2006-12-09;01:00;0;955,7;955,7;955,3;-9999;22,3;20,4;22,4;22,3;20,5;20,3;89;88;89;284;4,8;1,8;
2006-12-09;02:00;,4;956,1;956,1;955,7;-9999;22,3;20,5;22,4;22,3;20,5;20,3;89;88;89;290;3;1,4;
2006-12-09;03:00;0;955,4;956,1;955,4;-9999;22,1;20,5;22,4;22,1;20,6;20,3;91;89;90;345;2,6;1,1;
2006-12-09;04:00;0;955,2;955,4;955,2;-9999;21,5;19,8;22,2;21,5;20,6;19,8;91;90;90;347;4,4;1,4;
2006-12-09;05:00;0;954,5;955,2;954,5;-9999;21,6;20,1;21,7;21,5;20,1;19,8;91;90;91;348;2,6;1,2;
2006-12-09;06:00;0;953,9;954,5;953,9;-9999;22,1;20,6;22,1;21,6;20,6;20,1;91;91;91;358;2,7;,8;
2006-12-09;07:00;0;954,2;954,3;953,9;-9999;22,3;20,5;22,3;22;20,6;20,3;91;90;90;341;3,3;1,8;
2006-12-09;08:00;2;954,7;954,7;954,2;-9999;22,2;20,4;22,4;22,2;20,6;20,4;90;89;89;303;5,5;3,1;
2006-12-09;09:00;,4;955,2;955,2;954,7;8,5;22;20,2;22,3;22;20,5;20,2;90;89;90;321;6,5;2,7;
2006-12-09;10:00;0;956;956;955,2;133;22,4;20,4;22,4;22;20,4;20,2;90;88;88;299;4,6;2,3;
2006-12-09;11:00;0;956,6;956,6;956;404;23;20,5;23;22,4;20,6;20,2;89;85;86;304;5,4;3;
2006-12-09;12:00;0;956,5;956,7;956,5;640,2;22,9;20,4;23,1;22,4;20,7;20,1;89;85;86;316;5,7;2,9;
2006-12-09;13:00;2,4;956,5;956,6;956,3;1061,4;22,6;20,3;25,3;22,6;21,3;20,2;87;76;87;276;7,3;4,1;
2006-12-09;14:00;6,8;956,1;956,5;956,1;1327,7;24,4;21,6;24,5;22,2;22,3;20,1;90;82;84;290;7,8;3;
2006-12-09;15:00;0;955,2;956,1;955,2;2498,8;26,7;21,6;26,7;24,4;22,1;20,7;85;71;74;311;5,4;2,9;
2006-12-09;16:00;0;954,8;955,3;954,8;1748,4;24,5;21,1;27,5;23,9;21,9;19,7;85;67;81;247;10,3;3,3;
2006-12-09;17:00;0;954,1;954,8;954,1;994,3;23,7;21,2;25,8;23,7;22;21;86;78;86;259;6,4;3,6;
2006-12-09;18:00;,2;953,8;954,1;953,8;2657,8;26,6;21,8;27,2;23,7;23,6;21;88;75;75;227;6,4;2,2;
2006-12-09;19:00;,2;953,3;953,8;953,2;1098;25,7;21,9;27;25,7;22,9;21,5;81;74;79;180;4,3;1;
2006-12-09;20:00;,8;952,7;953,3;952,6;753,2;25,2;22,1;26;24,4;23,2;21;92;74;83;38;2,7;,5;
2006-12-09;21:00;0;952,5;952,8;952,5;363,1;25;22;25,3;24,9;22,6;21,8;86;81;83;18;2,3;,2;
2006-12-09;22:00;0;953,3;953,3;952,5;64,2;24,3;23,1;25;24,3;23,1;21,9;93;83;93;322;1,3;,2;
2006-12-09;23:00;,4;953,9;953,9;953,3;-9999;24,1;22,2;24,5;24;23,3;22,1;95;88;89;88;1,4;,2;
2006-12-10;00:00;,4;954,1;954,2;953,9;-9999;23,8;22,3;24,1;23,8;22,7;21,9;93;89;91;293;1,1;0;
2006-12-10;01:00;0;954,5;954,5;954,1;-9999;23,6;22,4;23,9;23,5;23,2;22,2;98;90;94;23;1,6;,5;
2006-12-10;02:00;0;955;955;954,5;-9999;23,4;22;23,6;23,4;22,4;22;93;91;92;30;1,8;,4;
2006-12-10;03:00;0;954,5;955;954,5;-9999;23,2;22,1;23,4;23,1;22,4;22;96;92;94;53;1,4;,2;
2006-12-10;04:00;0;954,1;954,6;954,1;-9999;23,1;21,9;23,2;23;22,3;21,8;95;92;93;352;1,5;,9;
2006-12-10;05:00;0;953,6;954,1;953,6;-9999;22,8;21,3;23,2;22,8;22,9;21,3;99;91;91;308;6;3,6;
2006-12-10;06:00;5;953,4;953,7;953,4;-9999;22;20,9;22,8;22;21,4;20,8;94;91;94;348;6;,9;
2006-12-10;07:00;1,2;953,6;953,6;953,3;-9999;21,9;20,8;22,1;21,9;21;20,8;94;93;94;62;3;1,1;
2006-12-10;08:00;0;953,5;953,7;953,3;-9999;21,7;20,7;21,9;21,6;20,9;20,5;94;93;94;356;2,1;,2;
2006-12-10;09:00;0;954,2;954,2;953,5;27;22;20,8;22;21,6;20,8;20,5;94;93;93;359;1,2;,2;
2006-12-10;10:00;0;954,6;954,7;954,2;289,6;22,8;21,3;22,8;22;21,4;20,7;93;92;92;226;1,8;0;
2006-12-10;11:00;0;955;955;954,6;1354,5;24,4;-9999;24,9;22,8;23,3;20,1;99;77;-9999;198;1,8;,3;
2006-12-10;12:00;0;955,2;955,2;954,9;2079,3;25,9;21,3;26;24,4;22,5;20,8;86;75;76;279;2,7;,6;
2006-12-10;13:00;0;955,1;955,3;955,1;2052,2;27,1;21,3;27,1;25,8;22,1;20,9;80;70;71;65;2,7;,9;
2006-12-10;14:00;0;955;955,1;955;2802,7;28,3;24;28,3;26,8;24;20,8;78;68;77;126;3,4;1,5;
2006-12-10;15:00;0;954,5;955;954,5;2310,9;27,6;23,5;28,5;27,2;26,5;22,2;93;73;78;229;4,8;2;
2006-12-10;16:00;0;953,8;954,5;953,7;3527,6;29,8;20,9;30,2;27,6;25,6;20,9;88;59;59;173;3,2;1,3;
2006-12-10;17:00;0;953,5;953,8;953,4;2854,3;27,5;23,5;30,8;27,5;24,7;21,3;80;58;79;197;9,1;5,2;
2006-12-10;18:00;0;953;953,6;953;1997,8;27,7;24;29,1;27,3;25;22,6;87;72;80;190;9,1;4,2;
2006-12-10;19:00;0;952,4;953;952,3;1858,4;29,3;22,4;29,9;27,4;25,4;22,1;87;65;66;187;7,2;3,7;
2006-12-10;20:00;0;952,1;952,5;951,9;1076,1;29,4;22,1;29,7;28,2;23;21,4;70;64;65;167;7;2,7;
2006-12-10;21:00;0;952,2;952,2;952;937,5;28,7;21,6;29,6;28,7;22,4;21;68;62;66;177;7,1;2,2;
2006-12-10;22:00;0;953;953;952,2;112;25,8;21,6;28,7;25,8;24,3;21,3;87;64;77;95;6,7;3,2;
2006-12-10;23:00;0;953,9;953,9;953;-9999;25,5;21,7;25,8;25,1;22,4;21,3;83;77;80;149;4,8;1,4;
2006-12-11;00:00;0;954,1;954,3;953,9;-9999;24,8;21,7;25,5;24,7;21,7;21,4;83;78;83;90;2,9;,8;
2006-12-11;01:00;0;954,6;954,8;954;-9999;24;21,4;24,8;24;21,6;21,4;86;82;85;162;1,7;,6;
2006-12-11;02:00;0;954,5;954,7;954,4;-9999;23,7;21,4;24;23,6;21,7;21,3;88;85;87;132;2,3;1,2;
2006-12-11;03:00;0;954,5;954,5;954,3;-9999;23,6;20,8;23,8;23,4;21,4;20,8;88;84;84;133;2,1;,7;
2006-12-11;04:00;0;954,6;954,8;954,4;-9999;23,3;21;23,6;23,3;21,1;20,7;87;84;87;159;5,1;2,1;
2006-12-11;05:00;0;954,1;954,6;954,1;-9999;22,8;22;23,3;22,8;22;20,9;95;87;95;136;5,1;2,6;
2006-12-11;06:00;0;953,8;954,1;953,8;-9999;22,7;21,1;22,9;22,7;22,7;20,8;100;85;91;143;4,7;2;
2006-12-11;07:00;0;953,8;953,8;953,6;-9999;22,5;21,1;22,8;22,5;21,2;20,9;92;90;92;150;4,2;2;
2006-12-11;08:00;0;953,7;953,9;953,6;-9999;22;20,5;22,6;22;21,2;20,5;92;91;91;149;5,3;2,1;
2006-12-11;09:00;0;954,4;954,4;953,7;24,9;21,7;20;22;21,7;20,5;19,9;91;90;90;164;4,8;2,1;
2006-12-11;10:00;0;955;955,1;954,4;371,6;22,8;20,5;22,8;21,7;20,7;19,9;91;87;87;155;4,3;1,2;
2006-12-11;11:00;0;955,5;955,5;954,9;881,9;24,1;20,8;24,1;22,8;21,5;20,2;87;82;82;111;5,8;3,1;
2006-12-11;12:00;0;956,1;956,1;955,5;1259,4;25,4;21,7;25,4;24,1;21,9;20,9;84;80;80;107;6,4;3,4;
2006-12-11;13:00;0;956,2;956,2;956;2077,8;26,4;23,1;27,6;25,4;24,1;21,5;86;76;82;119;5,9;2,8;
2006-12-11;14:00;0;956,1;956,3;956;1829,9;27,8;22,9;27,9;26,4;23,9;21,9;85;72;75;87;6;2,3;
2006-12-11;15:00;0;955,6;956,1;955,6;2588;29,8;23,5;30;27,8;25,2;21,6;81;65;69;97;6,6;2,4;
2006-12-11;16:00;0;955,1;955,6;955,1;2579,7;29,9;21,7;30,3;28,8;23,1;21,1;69;59;62;148;7,2;1,8;
2006-12-11;17:00;0;954,3;955,1;954,3;2842,9;31;22,4;31,8;29,6;23,3;20,8;63;57;60;107;5,4;2,7;
2006-12-11;18:00;0;953,3;954,3;953,3;2573,4;31,8;22,5;32,1;29,8;22,9;20,9;63;55;58;163;7,1;3,6;
2006-12-11;19:00;0;952,5;953,3;952,5;2401,5;31,2;21,1;32,5;31,2;23,3;20,9;60;52;55;153;7,1;3,2;
2006-12-11;20:00;0;952,3;952,6;952,3;1455,9;31,1;21,9;32,3;30,5;22,4;20,8;62;53;58;155;8,3;4,5;
2006-12-11;21:00;0;952,8;952,8;952,3;794,6;30,1;22,3;31,5;30,1;22,9;21,6;64;56;63;163;8,3;4,1;
2006-12-11;22:00;0;953,4;953,4;952,8;170,2;28,5;22,1;30,1;28,5;22,6;22;69;63;68;170;8,6;3,4;
2006-12-11;23:00;0;954,4;954,5;953,4;-9999;27,2;21,7;28,6;27,2;22,2;21,6;72;68;72;141;6,2;2,5;
2006-12-12;00:00;0;955,2;955,2;954,4;-9999;26,5;21,7;27,2;26;22,1;21,4;78;72;75;147;4,7;2,5;
2006-12-12;01:00;0;955,9;955,9;955,2;-9999;26,7;20,8;26,9;26,5;21,6;20,7;75;70;70;150;7,3;3,5;
2006-12-12;02:00;0;956,2;956,2;955,9;-9999;26,2;19,3;26,7;26,1;20,7;19,3;71;66;66;144;9,4;5,1;
2006-12-12;03:00;0;956,2;956,4;956,1;-9999;25,2;19;26,2;25,1;19,4;19;69;65;69;130;11,8;4,4;
2006-12-12;04:00;0;955,9;956,3;955,9;-9999;24,1;18,8;25,2;24,1;19,1;18,6;73;69;73;136;8,7;3,6;
2006-12-12;05:00;0;955,2;955,9;955,2;-9999;23;18,8;24,1;23;18,9;18,6;77;73;77;144;7,6;3,4;
2006-12-12;06:00;0;955;955,2;955;-9999;22,1;18,8;23;22,1;19,1;18,2;82;76;81;150;6,7;2,5;
2006-12-12;07:00;0;954,9;955,1;954,8;-9999;21,6;18,4;22,1;21,6;18,9;18,4;83;81;82;154;5,7;2,6;
2006-12-12;08:00;0;954,8;954,9;954,8;-9999;21,1;18,2;21,6;21;18,5;18,2;85;82;84;142;6,2;3,1;
2006-12-12;09:00;0;955,5;955,5;954,8;39,3;21,2;18,4;21,3;20,8;18,5;18,1;85;84;84;154;5,5;2,5;
2006-12-12;10:00;0;956,2;956,2;955,5;509,8;22,8;18,8;23;21,2;19,6;18,5;85;78;78;156;5,5;2,5;
2006-12-12;11:00;0;956,7;956,7;956,3;1185,5;24,3;19,7;24,8;22,7;20,3;18,8;80;74;76;126;6,5;3,9;
2006-12-12;12:00;0;956,9;956,9;956,7;1773,4;26,3;20;26,7;24,3;21,1;19,6;77;68;68;121;8,9;4,9;
2006-12-12;13:00;0;957;957,1;956,8;2512,1;27,7;20,1;28,3;26;21,2;19,6;70;63;63;112;10,4;4,8;
2006-12-12;14:00;0;956,9;957;956,8;1936,9;27;20,4;27,9;26,8;21;19,6;68;63;67;92;10,4;4,2;
2006-12-12;15:00;0;956,5;957;956,5;1505,8;28,4;21,2;28,5;26,9;21,5;20,4;69;65;65;112;7,4;3,5;
2006-12-12;16:00;0;956;956,5;956;1444,4;28,7;21,2;29;27,6;22,2;20,5;69;63;64;125;6,2;2,9;
2006-12-12;17:00;0;954,9;956;954,9;2244,9;29,7;21,6;29,7;28,6;21,8;20,6;66;60;62;115;6,4;3,4;
2006-12-12;18:00;0;954,3;954,9;954,3;1965;29,8;21,4;30,6;29,3;22,4;20,7;64;58;61;141;7,3;3,7;
2006-12-12;19:00;0;953,3;954,3;953,3;1864,9;30,8;21,2;30,9;29,4;21,7;20,2;61;55;57;151;7,5;3,9;
2006-12-12;20:00;0;953,2;953,3;953,1;1001;29,2;20,8;30,8;29,2;21,2;20,2;61;55;61;153;8,4;3,5;
2006-12-12;21:00;0;953,3;953,3;953,1;392,2;28,4;20,5;29,2;28,4;21;20,4;64;60;62;151;8,8;4;
2006-12-12;22:00;0;954,2;954,2;953,3;74,9;27,2;20,8;28,4;27,2;20,9;20,3;68;62;68;139;8,8;2,9;
2006-12-12;23:00;0;954,3;954,3;954,1;-9999;26,5;20,7;27,2;26,5;21;20,5;71;67;70;142;5,2;2,2;
2006-12-13;00:00;0;955,2;955,2;954,3;-9999;26,7;20,2;26,8;26,2;21,1;20,2;73;68;68;104;8,1;4,6;
2006-12-13;01:00;,2;955,8;955,8;955,2;-9999;23,6;20,7;26,7;23,5;20,8;19,5;85;67;84;101;10,9;5,5;
2006-12-13;02:00;0;955,6;955,8;955,6;-9999;23,5;20,5;23,8;23,3;20,7;20,4;85;81;84;101;10,9;3,7;
2006-12-13;03:00;0;955,4;955,7;955,4;-9999;23,1;20,8;23,5;23,1;20,9;20,5;87;84;87;92;6,8;2,9;
2006-12-13;04:00;0;955;955,6;955;-9999;22,9;20,6;23,1;22,9;20,9;20,5;88;86;87;117;5,6;3,2;
2006-12-13;05:00;0;954,8;955,1;954,8;-9999;22,9;20,2;23,2;22,9;20,5;20,2;87;84;85;119;5,9;3,5;
2006-12-13;06:00;0;954,8;955;954,7;-9999;23,1;20,3;23,1;22,8;20,4;20,2;86;85;85;127;6,2;3,2;
2006-12-13;07:00;0;954,8;954,8;954,6;-9999;22,9;20,3;23,2;22,9;20,4;20,2;85;84;85;128;6,2;3;
2006-12-13;08:00;0;954,6;954,9;954,6;-9999;22,6;20;23;22,6;20,4;20;87;85;85;119;5,4;3,4;
2006-12-13;09:00;0;955,1;955,1;954,6;20,7;22,9;19,7;22,9;22,5;20;19,7;85;82;82;100;8,8;4,9;
2006-12-13;10:00;0;955,9;955,9;955,1;278,2;23,2;20;23,2;22,8;20;19,7;83;82;82;101;8,8;4,6;
2006-12-13;11:00;0;956,6;956,6;955,9;760,7;24,6;20,6;24,6;23,2;20,6;19,9;82;78;79;88;8;3,8;
2006-12-13;12:00;0;956,7;956,8;956,6;1671,6;25,9;20,3;25,9;24,6;21,1;20,1;79;71;71;88;9;5,3;
2006-12-13;13:00;0;956,7;956,7;956,6;1384,4;25,9;20,3;26,6;25,8;20,6;19,8;71;68;71;57;10,3;3,9;
2006-12-13;14:00;0;956,2;956,8;956,2;1334,6;26,8;20,5;27,1;25,8;21,2;20;72;68;68;65;7,5;4,1;
2006-12-13;15:00;,4;956;956,2;955,9;1311,5;24,5;21,6;27,4;24,1;21,7;20,4;85;67;84;71;7,9;2;
2006-12-13;16:00;,2;954,8;956;954,8;2216,1;27,8;22,4;27,8;24,5;23;21,1;85;72;72;65;7,4;3,2;
2006-12-13;17:00;1,8;954,3;954,8;954,1;1732,3;24,1;21,3;28,6;24;22,4;20,3;85;64;85;19;8,7;3,9;
2006-12-13;18:00;2;953,8;954,4;953,8;438,9;24,5;22,5;24,8;24,1;22,5;21,6;88;83;88;151;8,7;1,3;
2006-12-13;19:00;1;952,9;953,8;952,9;690,5;24,8;21,9;25,9;24,5;23,1;21,3;89;81;84;40;6,1;2,3;
2006-12-13;20:00;0;952,5;952,9;952,5;696,4;25,7;21,8;25,7;24,8;22,4;21,3;85;77;79;59;5,1;1,6;
2006-12-13;21:00;0;952,4;952,5;952,3;302,2;25,5;22,2;25,9;25,5;22,3;21,6;82;78;82;96;3,3;1,5;
2006-12-13;22:00;0;953,2;953,2;952,4;61,7;24,8;21,7;25,5;24,8;22,4;21,4;84;79;83;116;3,7;1;
2006-12-13;23:00;0;953,9;953,9;953,2;-9999;24,6;21,3;24,9;24,5;22;21,3;84;82;82;81;4,9;2,7;
2006-12-14;00:00;0;954,3;954,4;953,9;-9999;24,5;21,3;24,7;24,5;21,4;21,2;83;81;82;81;5;3,1;
2006-12-14;01:00;0;954,9;954,9;954,3;-9999;24,2;21,2;24,6;24,1;21,5;21,2;85;82;83;69;7;4,1;
2006-12-14;02:00;0;955,1;955,2;954,9;-9999;23;20,6;24,2;23;21,1;20,6;87;82;86;50;7,1;2,2;
2006-12-14;03:00;0;954,7;955,1;954,6;-9999;23;20,8;23;22,9;20,8;20,6;88;86;87;64;5,1;1,9;
2006-12-14;04:00;0;954,1;954,7;954;0;23,1;20,9;23,1;22,9;21;20,8;88;87;87;52;4,4;1,7;
2006-12-14;05:00;,2;953,7;954,1;953,6;-9999;23,1;21;23,2;22,9;21,1;20,9;89;87;88;51;5,3;2,6;
2006-12-14;06:00;,4;953,5;953,7;953,5;-9999;22,5;20,8;23,1;22,5;21,1;20,8;91;88;90;19;6,2;2,6;
2006-12-14;07:00;,6;953,5;953,5;953,4;-9999;22,7;20,9;22,7;22,4;20,9;20,8;91;89;89;26;6,2;1,9;
2006-12-14;08:00;,4;954,3;954,3;953,5;-9999;22,1;20,3;22,8;22,1;21;20,3;90;89;89;22;7,3;3,2;
2006-12-14;09:00;0;955;955;954,3;6,8;22,4;20,2;22,4;22;20,4;20,1;90;87;87;11;7,3;2,4;
2006-12-14;10:00;0;955,9;955,9;955,1;148;22,8;20,6;22,8;22,3;20,7;20,1;89;87;87;28;4,7;2,1;
2006-12-14;11:00;0;956,5;956,5;955,9;432,9;23,2;20,7;23,3;22,8;20,8;20,4;87;85;86;18;6,1;2,9;
2006-12-14;12:00;,8;957,3;957,3;956,5;325,3;22,4;20,6;23,2;22,3;20,9;20,5;90;86;89;30;6,3;2,5;
2006-12-14;13:00;3;957,6;957,6;957,3;335,9;23;21,3;23,1;22,4;21,4;20,6;91;89;90;16;5,8;1,9;
2006-12-14;14:00;1,6;957,4;957,6;957,3;766;24,1;22;24,1;23;22;21,2;90;86;88;17;5,7;2,2;
2006-12-14;15:00;0;956,8;957,4;956,8;1286,5;25,3;21,6;25,3;23,8;22,2;21,4;89;80;80;11;7,3;3,2;
2006-12-14;16:00;,2;955,8;956,9;955,8;2284,8;26,6;22;26,7;25;23,4;21,4;85;76;76;7;8,3;4,3;
2006-12-14;17:00;4,6;955,3;955,9;955,2;1599,2;23,4;21,4;27,5;23,3;22,5;21;89;72;89;323;12,2;6;
2006-12-14;18:00;,8;954,8;955,4;954,8;1591,7;24,9;22,4;24,9;23,4;22,7;21,3;89;84;86;2;12,2;3;
2006-12-14;19:00;0;954,6;954,8;954,5;1283,2;26,6;22,1;26,8;24,9;22,9;21,7;86;76;76;345;6,3;3,3;
2006-12-14;20:00;0;954,3;954,6;954,3;598,9;26,8;22;26,8;26,6;22,4;21,6;78;73;75;343;6;2,1;
2006-12-14;21:00;0;954,5;954,5;954,2;357,9;26,7;21,7;26,8;26,5;22,1;21,5;77;73;74;349;5,5;2,2;
2006-12-14;22:00;0;955,3;955,3;954,5;95,9;26;21,1;26,7;26;21,6;21;75;72;74;347;4,9;1,9;
2006-12-14;23:00;0;956;956;955,2;-9999;24,1;20,7;26;24,1;21,3;20,4;82;74;81;345;9,3;1,9;
2006-12-15;00:00;0;956,5;956,6;956;-9999;24,2;20,3;24,2;24;20,8;20,2;82;78;79;326;3,5;,6;
2006-12-15;01:00;0;957,3;957,3;956,5;-9999;24,2;20,6;24,3;24;20,7;19,8;81;76;80;120;2,2;,2;
2006-12-15;02:00;0;957,3;957,4;957,3;-9999;24;21,1;24,2;23,9;21,2;20,5;84;80;84;46;4,4;1,4;
2006-12-15;03:00;0;957,1;957,3;957,1;-9999;24,2;21;24,3;24;21,3;21;85;82;83;32;3,3;,9;
2006-12-15;04:00;0;956,6;957,2;956,6;-9999;23,9;20,9;24,2;23,9;21,1;20,8;83;81;83;19;2,5;1;
2006-12-15;05:00;0;955,9;956,7;955,9;-9999;23,3;20,8;23,9;23,3;21;20,7;86;83;86;27;6,6;2,6;
2006-12-15;06:00;0;955,5;955,9;955,4;-9999;23,1;20,8;23,3;23;20,9;20,8;87;86;87;27;6,6;1,2;
2006-12-15;07:00;0;955,8;955,8;955,5;-9999;23,1;20,8;23,1;23;20,9;20,8;87;87;87;29;4,2;1,9;
2006-12-15;08:00;0;956,2;956,2;955,7;-9999;23,1;20,7;23,1;23,1;20,8;20,7;87;86;86;12;4,6;1,5;
2006-12-15;09:00;0;957,1;957,1;956,2;8,2;23,1;20,6;23,1;23;20,7;20,6;87;86;86;1;3,7;2,1;
2006-12-15;10:00;0;958,3;958,3;957,1;83,8;22,9;20,5;23,3;22,7;20,7;20,2;87;83;86;357;5,8;1,6;
2006-12-15;11:00;0;959;959,1;958,3;28,7;23;20,7;23,1;22,9;20,8;20,5;87;86;87;352;3,9;1,3;
2006-12-15;12:00;1,6;958,4;959;958,4;64,4;22,8;21;23;22,8;21;20,7;90;87;90;11;4,7;2,3;
2006-12-15;13:00;1,4;958,3;958,5;957,4;287,1;23,3;21,2;23,4;22,8;21,2;20,8;90;86;88;257;7,8;3;
2006-12-15;14:00;,2;958,7;958,8;958,4;389;23,9;21,3;23,9;23,3;21,6;20,8;89;85;85;46;7,2;1,7;
2006-12-15;15:00;0;958,2;958,7;958;1811,3;25,6;21,5;25,8;23,9;22;21,1;86;76;78;4;4,1;1,9;
2006-12-15;16:00;0;957,6;958,2;957,6;1878,8;26,5;21,4;26,6;25,6;22,7;21,1;81;73;74;324;5;2,7;
2006-12-15;17:00;0;956,9;957,6;956,9;2068,5;27,3;21,4;27,5;26,3;22,3;21,2;75;69;70;318;5;1,5;
2006-12-15;18:00;0;956;956,9;956;1282,2;26,6;21,8;27,6;25,8;22,5;21,1;80;70;75;331;7;2,4;
2006-12-15;19:00;0;955;956;955;2242,7;27,3;22,2;27,6;26,7;22,6;21,5;76;70;74;343;5,5;1,6;
2006-12-15;20:00;0;954,5;955;954,5;1158,9;28,2;21,4;28,2;27,2;22,2;21,3;74;67;67;245;3,5;,7;
2006-12-15;21:00;0;954,6;954,6;954,3;675,4;27,6;21,8;28,3;27,6;22,3;21,4;73;67;71;36;3,1;,3;
2006-12-15;22:00;0;954,7;954,8;954,5;162,4;26,4;22,2;27,6;26,4;22,4;21,8;79;71;78;77;1,7;0;
2006-12-15;23:00;0;955,6;955,6;954,7;-9999;25,3;22,1;26,4;25,3;22,8;21,9;83;78;83;309;0;0;
2006-12-16;00:00;0;956,1;956,2;955,5;-9999;24,8;22,2;25,3;24,7;22,4;21,9;87;82;85;350;,7;0;
2006-12-16;01:00;0;956,4;956,5;956;-9999;24,4;21,6;24,9;24,4;22,3;21,6;86;83;85;319;1,2;0;
2006-12-16;02:00;0;956,9;956,9;956,3;-9999;24,4;21,4;24,5;24,2;21,7;21,4;85;84;84;348;2,1;,5;
2006-12-16;03:00;0;956,8;956,9;956,7;-9999;23,7;21,4;24,4;23,7;21,7;21,4;88;84;87;354;2;,6;
2006-12-16;04:00;0;955,8;956,8;955,8;-9999;23,3;21,1;23,8;23,3;21,5;21;88;86;88;319;1,4;0;
2006-12-16;05:00;0;955,3;955,8;955,3;-9999;23,1;20,9;23,4;23;21,2;20,8;89;87;88;329;1,9;,8;
2006-12-16;06:00;0;955,4;955,5;955,1;-9999;22,8;21;23,2;22,6;21;20,8;90;88;90;333;2,5;0;
2006-12-16;07:00;0;955,5;955,5;955;-9999;22,3;20,5;22,8;22,3;21;20,5;90;89;90;17;0;0;
2006-12-16;08:00;0;956,2;956,2;955,5;-9999;22,4;20,8;22,5;22,2;20,9;20,5;91;90;90;4;1,6;,4;
2006-12-16;09:00;0;956,9;956,9;956,1;11,2;22,6;21;22,6;22,4;21;20,8;91;90;90;11;1,8;,6;
2006-12-16;10:00;0;957,6;957,6;956,9;71,7;22,8;20,5;23,1;22,6;21,1;20,5;90;87;87;43;5,3;2,5;
2006-12-16;11:00;0;957,9;957,9;957,6;1185,9;24,8;21,1;24,9;22,5;21,5;20,1;87;80;80;20;5,7;2,2;
2006-12-16;12:00;0;958,6;958,6;957,9;2362,3;25,5;21,7;26;24,7;22;20,6;81;74;79;339;7,6;4;
2006-12-16;13:00;0;958,7;959;958,6;1231,1;25,4;20,3;25,7;24,3;21,9;20;81;73;73;29;7,6;1,7;
2006-12-16;14:00;0;958,1;958,7;958,1;3302,2;27,4;18,9;27,6;25,3;21,1;18,9;76;60;60;23;4,3;1,9;
2006-12-16;15:00;0;957,5;958,1;957,5;3582,4;28,2;20;28,4;27,2;21,3;18,8;67;59;61;46;5;1,3;
2006-12-16;16:00;0;957;957,5;957;2777,2;29;20,9;29;28,2;21,3;19,8;66;59;62;336;6,6;2,6;
2006-12-16;17:00;0;956,1;957;956,1;3453,4;30,4;20,6;30,4;28,6;21,4;19,3;64;54;56;88;5,4;1,3;
2006-12-16;18:00;0;955,7;956,2;955,6;2445,6;30,6;18,7;31,2;29,4;21,1;18,7;58;49;49;347;4,6;1;
2006-12-16;19:00;0;955;955,7;955;1632;30;19,9;31,5;30;21,4;18,6;60;48;55;52;3,4;,2;
2006-12-16;20:00;0;954,3;955;954,3;1409,2;30,3;19,8;31,7;30;20,8;18,7;58;47;53;326;3,2;,3;
2006-12-16;21:00;0;954,3;954,3;954,1;432,3;29,6;21,4;30,3;29,6;21,6;19,9;62;53;61;25;3,5;1,3;
2006-12-16;22:00;0;954,7;954,7;954,3;106,6;28,6;21,3;29,6;28,6;21,9;21;65;61;65;3;2,7;1,1;
2006-12-16;23:00;0;955,5;955,5;954,7;-9999;27,2;21,6;28,6;27,2;22,2;21,1;75;65;71;28;2,1;0;
2006-12-17;00:00;0;956,1;956,1;955,4;-9999;26,7;21,5;27,3;26,6;22,8;21,4;77;70;73;4;1,3;0;
2006-12-17;01:00;0;957;957;956,1;-9999;25,9;21,3;26,7;25,9;22,2;21,3;79;73;76;343;1,5;,5;
2006-12-17;02:00;0;957,1;957,1;957;-9999;25,2;21,6;25,9;25;22;21,1;83;76;81;344;1,8;1;
2006-12-17;03:00;0;956,6;957,1;956,6;-9999;24,5;21,7;25,2;24,4;21,9;21,5;86;81;84;342;1,6;,2;
2006-12-17;04:00;0;956,2;956,7;956,2;-9999;24,1;21,5;24,6;24,1;21,7;21,4;85;84;85;359;2,7;1,2;
2006-12-17;05:00;0;956;956,2;955,8;-9999;23,8;21,6;24,2;23,8;21,8;21,5;88;85;88;347;2,6;,5;
2006-12-17;06:00;0;955,5;956;955,4;-9999;23,6;21,6;23,8;23,6;21,8;21,5;89;87;89;343;3,4;1,4;
2006-12-17;07:00;0;955,7;955,7;955,5;-9999;23,2;21,3;23,6;23,2;21,6;21,3;89;88;89;346;2,9;1,1;
2006-12-17;08:00;0;956;956;955,6;-9999;22,8;20,9;23,3;22,8;21,4;20,9;89;88;89;12;2,1;,8;
2006-12-17;09:00;0;956,7;956,7;955,9;28,1;22,9;20,9;22,9;22,6;21;20,8;90;88;88;348;1,6;,4;
2006-12-17;10:00;0;957,5;957,5;956,7;526,3;24,6;21,3;24,6;22,9;21,5;20,9;89;82;82;352;2,9;1,3;
2006-12-17;11:00;0;958,4;958,4;957,5;1341,5;26,5;22,1;26,5;24,6;22,3;21,3;85;76;77;336;5,5;2,5;
2006-12-17;12:00;0;958,7;958,7;958,3;2175,8;27,9;21,6;28;26,3;22,7;21,5;77;69;69;327;6,6;3,4;
2006-12-17;13:00;0;958,9;958,9;958,6;2787,6;29,1;22,2;29,6;27,7;22,7;21,4;70;63;66;335;7,3;2;
2006-12-17;14:00;0;958,6;958,9;958,6;2919,1;30;21,3;30,7;28,9;22,2;20,8;66;57;60;22;4,9;2,3;
2006-12-17;15:00;0;957,8;958,7;957,8;3929,3;31,4;20,2;32,5;30;21,9;19,3;62;49;51;360;5,8;2,2;
2006-12-17;16:00;0;956,9;957,8;956,9;3626,8;32,7;20,1;32,7;30,7;21,4;19,5;54;47;48;358;6,4;1,7;
2006-12-17;17:00;0;956,1;956,9;956,1;3176,6;32,8;19,6;33,1;31,6;21,1;19,2;52;46;46;320;5,1;1,8;
2006-12-17;18:00;0;955,1;956,1;955,1;2035,4;32,8;18,8;33,4;31,5;20,1;18,4;51;42;44;6;5,1;1,5;
2006-12-17;19:00;0;954,5;955,1;954,5;2152,3;32,6;19,2;33,7;32,4;20,4;18,5;48;42;45;60;4,5;,6;
2006-12-17;20:00;0;954,1;954,5;954;736,4;32,3;19,8;33,1;31,8;20,8;18,7;51;45;48;195;2,5;0;
2006-12-17;21:00;0;953,9;954,2;953,9;428,1;31,7;20,2;32,4;31,6;21,3;19,3;55;46;51;159;2;0;
2006-12-17;22:00;0;954,3;954,3;953,9;109;29,9;21,4;31,8;29,9;21,8;20;61;50;60;96;6,3;2,9;
2006-12-17;23:00;0;954,9;954,9;954,1;-9999;28,9;22;29,9;28,9;22;21,4;66;61;66;99;4,6;2,2;
2006-12-18;00:00;0;955,5;955,5;954,9;-9999;27,8;22,3;28,9;27,5;22,5;22;74;66;72;28;3,3;,3;
2006-12-18;01:00;0;956,1;956,1;955,4;-9999;27,7;22,3;28,2;27,7;22,6;22;74;70;73;63;1,9;,3;
2006-12-18;02:00;0;956,1;956,2;956;-9999;27,1;21,7;27,9;27,1;22,4;21,7;73;71;73;57;2,7;1,4;
2006-12-18;03:00;0;956,1;956,2;956;-9999;26,3;21,9;27,2;26,3;22;21,7;77;72;77;13;3,8;,9;
2006-12-18;04:00;0;955,6;956,1;955,6;-9999;25,4;21,6;26,3;25,4;22;21,6;79;77;79;2;3;1,3;
2006-12-18;05:00;0;955,3;955,6;955,2;-9999;24,7;21,6;25,4;24,7;21,7;21,4;83;79;83;67;2,7;,4;
2006-12-18;06:00;0;955,2;955,3;955,2;-9999;24,2;21,6;24,8;24,2;21,8;21,4;86;82;85;358;1,7;,2;
2006-12-18;07:00;0;955,1;955,2;955,1;-9999;23,8;21,3;24,3;23,8;21,6;21,3;86;84;86;33;1,9;,3;
2006-12-18;08:00;0;955,4;955,4;955,1;-9999;23,6;21;23,8;23,5;21,5;21;87;85;85;359;1,3;,8;
2006-12-18;09:00;0;956,3;956,3;955,4;18,1;23,7;21,1;23,8;23,1;21,3;20,8;87;85;85;48;1,7;,3;
2006-12-18;10:00;0;956,9;956,9;956,2;488,2;25,2;21,1;25,2;23,8;21,6;21,1;85;78;78;9;2,9;1,2;
2006-12-18;11:00;0;957,6;957,6;956,9;1191,1;26,7;21,8;26,8;25,2;21,9;21,1;79;74;75;323;4,3;2,2;
2006-12-18;12:00;0;957,7;957,8;957,6;2107,9;28,1;21,8;28,6;26,7;22,4;21,5;75;67;69;322;5,1;2;
2006-12-18;13:00;0;958;958,1;957,7;2709,1;30,4;22,1;30,4;28,1;22,6;21,4;70;61;61;341;4,2;1,5;
2006-12-18;14:00;0;957,6;958;957,6;3268,1;30,9;21;31,7;29,6;22,4;20,6;63;54;56;44;6,8;1,8;
2006-12-18;15:00;0;956,6;957,6;956,6;2737,5;31,3;21;31,4;30,1;21,9;20,6;59;54;54;31;5,1;1,9;
2006-12-18;16:00;0;955,5;956,6;955,5;3208,4;31,4;21;32,8;31,1;21,6;19,9;55;48;54;39;4,9;1,5;
2006-12-18;17:00;0;954,7;955,6;954,7;2843,7;32,7;20,3;33;31,3;22;19,5;55;45;48;14;4,9;1,9;
2006-12-18;18:00;0;953,4;954,7;953,4;2526,2;32,5;19,4;33,8;32,4;21;18,7;50;44;46;6;4,7;1,5;
2006-12-18;19:00;0;953,2;953,4;953,1;1978,6;32,3;19,9;34,2;32,3;20,5;18,6;48;42;48;21;4,2;1,1;
2006-12-18;20:00;,2;953;953,2;952,3;555,3;27,4;21,3;32,4;27,4;22,6;18,4;71;47;69;287;9,9;6,9;
2006-12-18;21:00;0;954,5;954,5;952,8;319,9;25,1;19,7;27,4;24,8;21,3;19,5;73;65;72;319;10,6;2,8;
2006-12-18;22:00;0;954,9;954,9;954;130,4;25,4;20,4;25,6;25,1;20,4;19,4;74;69;74;316;8,5;0;
2006-12-18;23:00;0;955,3;955,3;954,6;-9999;25,7;20,6;25,7;25,1;20,6;19,8;76;71;73;287;2,5;,3;
2006-12-19;00:00;,4;956,1;956,1;955,3;-9999;25,1;21,3;25,8;25,1;21,3;20,2;80;71;80;67;3,4;1,1;
2006-12-19;01:00;,2;956,4;956,4;956,1;-9999;24,6;21,8;25,3;24,5;22;21;86;77;84;341;2,4;0;
2006-12-19;02:00;0;956,8;956,8;956,4;-9999;24,5;21,8;24,9;24,5;22,3;21,6;86;83;85;337;2,5;,6;
2006-12-19;03:00;0;956,7;956,8;956,6;-9999;24,8;22,1;24,9;24,4;22,2;21,7;86;83;85;288;3,2;1,8;
2006-12-19;04:00;0;956,3;956,7;956,3;-9999;24,7;22,4;25;24,7;22,6;22,1;87;85;87;5;2,9;,5;
2006-12-19;05:00;0;956;956,3;956;-9999;25;22,2;25;24,6;22,5;22,1;88;84;85;350;2,4;,3;
2006-12-19;06:00;0;955,8;956,1;955,8;-9999;24,7;22,2;25;24,7;22,4;22,2;87;84;86;14;3,9;2,1;
2006-12-19;07:00;2,2;956,2;956,4;955,3;-9999;23,7;21,2;24,8;23,7;22,4;21,1;89;84;86;296;5;2,9;
2006-12-19;08:00;0;956,4;956,7;955,9;-9999;22,4;20;23,7;22,4;21,2;20;87;83;86;288;7,9;3,4;
2006-12-19;09:00;0;956,3;956,6;956,3;12,4;21,7;19,8;22,4;21,7;20;19,7;89;86;89;342;6,2;,9;
2006-12-19;10:00;0;957;957;956,3;272,3;22,5;20;22,5;21,7;20,3;19,6;90;85;86;8;4,5;1,3;
2006-12-19;11:00;0;957,8;957,8;957;713,5;23,6;20,5;23,6;22,3;20,6;19;86;80;83;347;5,3;2,3;
2006-12-19;12:00;0;958,2;958,2;957,8;1259,1;24,9;21,3;25,1;23,5;21,7;20,3;85;79;80;346;5,4;2,4;
2006-12-19;13:00;0;957,9;958,2;957,9;2360,9;26,8;-9999;27,1;24,9;22,3;21,3;82;72;-9999;338;5,4;2,8;
2006-12-19;14:00;0;957,8;957,9;957,5;2617,3;28;23,1;28,3;26,8;-9999;-9999;-9999;-9999;75;345;5,6;1,6;
2006-12-19;15:00;0;957,3;957,8;957,3;3615,7;29,4;21,9;29,7;27,8;25,1;21,3;83;62;64;36;5,3;2;
2006-12-19;16:00;0;956,3;957,3;956,3;3352,7;30,2;22,9;30,2;28,8;23,1;21;67;61;65;352;6,7;2,7;
2006-12-19;17:00;0;955,2;956,3;955,2;2789,4;30,2;21,3;31,2;29,6;23,3;20,9;66;55;59;10;5,4;2,5;
2006-12-19;18:00;0;954,2;955,2;954,2;1644;30,1;21,8;31;29,9;22;20,6;61;55;61;18;5,7;1,9;
2006-12-19;19:00;0;952,9;954,2;952,9;850,1;29,5;21,6;30,2;29,5;22,1;21;64;60;63;3;5,2;2,8;
2006-12-19;20:00;0;952,3;952,9;952,1;1012,2;29,5;21,4;29,8;29,4;22,5;21,3;65;61;62;355;6,8;3,4;
2006-12-19;21:00;0;953,1;953,1;952,3;748,3;27,5;21;29,6;27,5;22,1;20,8;69;62;68;344;9,8;3;
2006-12-19;22:00;0;954,1;954,1;953,1;127,3;26,6;20,4;27,5;26,6;21,1;20;69;66;69;347;7,5;2;
2006-12-19;23:00;0;955;955,1;954,1;-9999;25,7;20,4;26,6;25,7;20,5;20,2;72;69;72;12;4,4;,9;
2006-12-20;00:00;0;955,5;955,5;955;-9999;25,4;20,6;25,9;25,4;20,7;20,3;75;72;75;6;2,7;,9;
2006-12-20;01:00;0;956,6;956,6;955,5;-9999;24,7;21,3;25,4;24,7;21,3;20,6;81;75;81;32;3;1,2;
2006-12-20;02:00;0;957,1;957,1;956,6;-9999;25,1;21,3;25,1;24,7;21,5;21,2;81;79;79;356;3,3;,5;
2006-12-20;03:00;0;956,8;957,1;956,8;-9999;24,7;21,2;25,1;24,7;21,5;21,2;82;79;81;3;4,5;1,6;
2006-12-20;04:00;0;956,6;956,8;956,4;-9999;24,3;21,1;24,7;24,3;21,2;21,1;83;81;82;350;4,7;2,1;
2006-12-20;05:00;0;956,5;956,9;956,4;-9999;24,1;21;24,4;24;21,1;20,9;84;82;83;349;4,5;1,8;
2006-12-20;06:00;0;956,4;956,6;956,4;-9999;23,8;21;24,1;23,8;21;20,9;84;83;84;7;4,1;1,9;
2006-12-20;07:00;0;956,2;956,4;956,1;-9999;23,5;20,7;23,8;23,5;21;20,7;85;84;85;1;4,6;1,9;
2006-12-20;08:00;0;956,6;956,6;956,2;-9999;23,5;20,7;23,5;23,5;20,8;20,7;85;84;84;348;4,3;2,1;
2006-12-20;09:00;0;957,1;957,1;956,5;7;23,4;20,7;23,5;23,3;20,8;20,7;86;84;85;334;4,3;1;
2006-12-20;10:00;0;957,9;957,9;957,1;95,1;23,5;20,8;23,6;23,4;20,9;20,6;85;84;85;2;3,4;1;
2006-12-20;11:00;,2;959,1;959,1;957,9;108;23,6;20,8;23,7;23,5;20,9;20,7;86;83;84;321;3,9;2,4;
2006-12-20;12:00;11,4;960,2;960,2;959,1;51,7;20,8;19,3;23,6;20,7;20,9;19,1;91;84;91;276;9,9;2,2;
2006-12-20;13:00;6,8;960,1;960,3;960,1;152,6;21,5;19,9;21,5;20,8;19,9;19,2;91;90;91;285;3,5;1,5;
2006-12-20;14:00;2,8;960,1;960,1;959,7;477,4;22,5;20,4;22,5;21,5;20,6;19,9;91;87;88;275;4,1;1,7;
2006-12-20;15:00;2;959,2;960,1;959,2;417,2;22,4;20,3;22,5;22,2;20,6;20,2;89;88;88;272;5;2;
2006-12-20;16:00;,4;958,3;959,2;958,3;662,8;23,2;20,2;23,2;22,3;20,9;20;89;83;83;336;3,3;,9;
2006-12-20;17:00;0;957,8;958,3;957,8;1005,1;24,2;20,9;24,2;23,2;21,1;20,3;86;81;82;264;4,8;3;
2006-12-20;18:00;0;956,7;957,8;956,7;894,6;24,8;20,7;24,9;24,2;21,4;20,6;83;78;78;279;5,9;1,9;
2006-12-20;19:00;0;955;956,7;955;1003,2;25,5;21;25,5;24,7;21,4;20,2;80;75;76;355;4,3;1,4;
2006-12-20;20:00;0;954,5;955;954,3;994,9;26,2;21,3;26,2;25,5;21,6;20,7;78;73;75;360;4,8;,6;
2006-12-20;21:00;0;955,4;955,4;954,5;326,4;25,7;21,7;26,2;25,6;21,7;21;79;73;79;10;2,1;,3;
2006-12-20;22:00;0;956,2;956,2;955,4;38,8;24,8;21,7;25,7;24,8;21,8;21,3;83;78;83;106;1,5;0;
2006-12-20;23:00;0;956,8;956,8;956,1;-9999;24,5;21,8;24,8;24,3;21,8;21,5;86;82;85;163;1,7;,6;
2006-12-21;00:00;0;957,5;957,5;956,8;-9999;24,1;21,8;24,6;24,1;22;21,6;87;83;87;123;1,6;1,1;
2006-12-21;01:00;0;957,7;957,7;957,5;-9999;24,2;21,4;24,2;24;22;21,4;88;84;84;108;1,6;,2;
2006-12-21;02:00;0;958,2;958,5;957,7;-9999;24,1;21,4;24,4;24;21,8;21,3;86;83;85;358;3,1;1,6;
2006-12-21;03:00;0;957,9;958,2;957,9;-9999;23,8;21,6;24,1;23,8;21,7;21,4;88;85;87;31;3,1;1;
2006-12-21;04:00;0;957,3;957,9;957,3;-9999;23,9;21,6;24;23,8;21,7;21,6;88;87;87;43;2,6;,8;
2006-12-21;05:00;0;956,9;957,3;956,8;-9999;23,2;20,4;23,9;23,2;21,6;20,3;87;82;84;19;2,8;1,2;
2006-12-21;06:00;0;956,7;956,9;956,7;-9999;23;19,7;23,3;23;20,4;19,6;84;81;81;356;3,7;1,4;
2006-12-21;07:00;0;957;957,1;956,7;-9999;22,8;19,9;23;22,8;19,9;19,6;84;81;84;2;3,6;1,8;
2006-12-21;08:00;0;957,4;957,4;957;-9999;23,1;20,8;23,1;22,8;20,8;20;87;84;87;331;4,9;2,6;
2006-12-21;09:00;0;958;958;957,4;10,5;23,4;20,7;23,4;23,1;20,9;20,7;87;85;85;326;5,1;2,7;
2006-12-21;10:00;0;958,7;958,7;958;315,2;24,2;21,2;24,2;23,3;21,2;20,7;86;83;83;331;5,1;2,7;
2006-12-21;11:00;0;959,5;959,5;958,7;767,5;24,9;21,4;24,9;24,2;21,6;21;83;80;81;326;6,8;3,9;
2006-12-21;12:00;0;960,3;960,3;959,5;839,6;25,4;21,7;25,4;24,9;21,7;21,3;82;79;80;316;7,3;3,7;
2006-12-21;13:00;0;960,6;960,7;960,3;968,3;26,2;21,7;26,2;25,3;22,1;21,3;81;76;77;307;6,5;3,5;
2006-12-21;14:00;0;960,5;960,8;960,5;1734,1;27,1;21,6;27,3;26,2;22,2;21;78;70;72;306;7,5;4,2;
2006-12-21;15:00;0;960;960,5;960;2365;28,4;21,3;28,8;27,1;22;21;72;65;65;291;7,1;4,1;
2006-12-21;16:00;0;959;960;959;3667,1;29,4;21,6;29,4;28,2;22;20,1;68;59;63;312;9,7;4,6;
2006-12-21;17:00;0;957,8;959;957,8;3510,7;29,3;20,8;29,8;28,8;21,8;20,1;64;59;61;319;9,3;4,3;
2006-12-21;18:00;0;957,4;957,8;957,4;2354,7;31;21,1;31;29,2;21,8;20,3;63;54;56;308;7,5;3,4;
2006-12-21;19:00;0;957;957,4;956,8;1428,9;30,1;21,1;31;28,6;21,8;20,1;66;53;59;307;7,6;3,7;
2006-12-21;20:00;0;957,8;957,8;957;1016,1;27,5;21,6;30,4;27,5;21,8;20,1;71;54;70;55;6,6;2,2;
2006-12-21;21:00;0;958,3;958,3;957,8;104,6;26,5;21,6;27,5;26,5;22,1;21,6;75;70;75;74;4,2;1,7;
2006-12-21;22:00;25,4;960,2;960,7;958,3;20,2;21,6;20,2;26,5;21,1;21,9;19,4;92;74;92;198;12,6;1,5;
2006-12-21;23:00;2,4;960,5;960,5;959,9;-9999;21,7;19,7;21,9;20,9;20,3;19,1;92;87;88;230;9,9;2,8;
2006-12-22;00:00;1,4;961,2;961,2;960,3;-9999;21,6;20;22;21,5;20,1;19,7;91;88;91;17;4,5;,3;
2006-12-22;01:00;2,8;961,4;961,4;961,1;-9999;21,4;19,9;21,6;21,3;20;19,7;91;90;91;96;2,1;,1;
2006-12-22;02:00;1;961,3;961,4;961,3;-9999;21,6;20,1;21,6;21,4;20,1;19,8;91;91;91;103;1,6;,1;
2006-12-22;03:00;,4;961,2;961,3;961,1;-9999;21,9;20,3;21,9;21,5;20,4;20;92;91;91;353;2;1,2;
2006-12-22;04:00;0;960,6;961,2;960,6;-9999;21,9;20,4;22;21,9;20,5;20,3;91;91;91;1;4,6;2;
2006-12-22;05:00;0;959,6;960,6;959,6;-9999;21,8;20,3;22;21,8;20,3;20,2;91;90;91;259;4,3;0;
2006-12-22;06:00;,2;958,6;959,6;958,6;-9999;21,8;20,3;21,9;21,8;20,4;20,3;91;91;91;2;1;,1;
2006-12-22;07:00;0;958,4;958,6;958,3;-9999;22;20,6;22;21,8;20,6;20,2;91;91;91;323;1,5;,3;
2006-12-22;08:00;0;958,8;958,8;958,4;-9999;22;20,5;22,1;22;20,6;20,4;91;90;91;324;1,2;0;
2006-12-22;09:00;0;960;960;958,9;11,5;22;20,5;22,1;21,9;20,5;20,4;91;90;91;34;2,5;,7;
2006-12-22;10:00;0;960,7;960,7;960;303,8;22,7;20,9;22,7;22;21;20,5;91;89;90;4;3,4;1,5;
2006-12-22;11:00;0;960,7;960,9;960,7;521,4;23,3;20,8;23,3;22,7;21,1;20,6;90;85;86;95;2,9;1;
2006-12-22;12:00;0;961;961;960,6;592;24,1;20,9;24,1;23,3;21,3;20,7;87;82;82;114;2,2;,2;
2006-12-22;13:00;0;961,1;961,2;961;736,2;24,5;20,9;24,6;24;21,3;20,6;84;79;81;47;1,4;,6;
2006-12-22;14:00;0;961,4;961,4;961,1;1234,1;25,4;21,6;25,4;24,5;21,7;20,8;82;77;80;348;3,5;1,6;
2006-12-22;15:00;0;960,9;961,4;960,9;1838,9;26,4;21,5;26,6;25,2;22;20,7;80;74;74;325;4,7;2,1;
2006-12-22;16:00;0;960,2;960,9;960,2;2033,4;27,4;21,9;27,5;26,3;22,6;21;76;69;72;344;5;1,4;
2006-12-22;17:00;0;959,1;960,2;959,1;1782,2;28,2;21,8;28,2;27,3;22,1;21,1;72;67;68;11;3,5;1,3;
2006-12-22;18:00;0;957,7;959,1;957,7;2174,3;28,2;21,9;29,1;28,1;22,3;20,8;70;62;68;193;3,7;1,1;
2006-12-22;19:00;0;956,7;957,7;956,7;1300;29,8;20,4;29,8;28,2;22,2;20,3;70;57;57;223;3,5;,1;
2006-12-22;20:00;0;956,9;956,9;956,7;1187,8;29,7;20,8;30,3;29,2;21,5;19,8;63;56;59;262;2,9;,1;
2006-12-22;21:00;0;956,9;957;956,8;538,4;29;21,4;29,7;29;21,8;20,2;65;58;64;358;2,6;1,4;
2006-12-22;22:00;0;957,3;957,3;956,9;119,3;27,6;21,8;29;27,6;22,2;21,1;71;63;71;312;2,7;1,3;
2006-12-22;23:00;0;958,4;958,4;957,3;-9999;26,1;20,8;27,6;26;22;20,8;76;71;73;271;3,5;1,7;
2006-12-23;00:00;0;958,6;958,6;958,3;-9999;25,5;21,6;26,6;25,5;22,1;20,8;81;72;79;272;2,6;0;
2006-12-23;01:00;0;960,2;960,2;958,6;-9999;24,4;20,7;25,5;24,4;22;20,4;83;75;80;162;7,6;1,5;
2006-12-23;02:00;,8;960;960,6;960;-9999;23;20,8;24,5;23;20,9;20,1;88;78;87;152;4,3;1,7;
2006-12-23;03:00;,4;960;960,2;960;-9999;23,1;21;23,4;23;21,2;20,8;88;86;88;149;2,7;1,3;
2006-12-23;04:00;0;959,7;960;959,7;-9999;23,2;21;23,3;23,1;21,1;20,6;88;85;87;173;3,4;1,2;
2006-12-23;05:00;0;959;959,7;959;-9999;22,9;20,8;23,3;22,9;21,1;20,7;89;87;88;142;2,6;0;
2006-12-23;06:00;0;958,4;959;958,4;-9999;23;20,7;23;22,9;21;20,6;89;87;87;168;2,2;1,4;
2006-12-23;07:00;0;958;958,4;957,9;-9999;22,8;20,8;23;22,7;20,9;20,6;89;87;88;179;2,3;,1;
2006-12-23;08:00;0;958;958,1;957,9;-9999;22,6;20,9;22,9;22,6;21;20,7;90;88;90;79;1,2;,3;
2006-12-23;09:00;0;958;958,1;957,9;14,6;22,7;20,9;22,7;22,4;20,9;20,7;90;89;89;169;3;1,7;
2006-12-23;10:00;0;958,8;958,8;957,9;274,9;23,3;21,3;23,4;22,7;21,3;20,9;90;87;88;78;3,2;1,7;
2006-12-23;11:00;0;959,3;959,3;958,8;564,1;23,8;20,6;23,9;23,3;21,3;20,5;88;82;82;63;3,4;1,4;
2006-12-23;12:00;0;959,4;959,5;959,3;1152,2;25,5;21,4;25,5;23,8;21,6;20,5;83;78;78;68;4;1,9;
2006-12-23;13:00;0;959,8;959,8;959,4;2360,4;27,7;21,7;27,9;25,5;22,3;20,7;78;68;70;30;4;,9;
2006-12-23;14:00;0;959,7;959,8;959,6;2317,4;28,1;20,7;28,2;27,4;22,3;20;72;63;64;350;4,2;,9;
2006-12-23;15:00;0;959,2;959,7;959,2;2341,6;29,2;21,1;29,4;28,1;21,9;20,6;67;61;62;2;3,7;1,6;
2006-12-23;16:00;0;958,4;959,2;958,4;2442,8;29,8;20,2;30,4;29;22,3;20,2;66;56;56;284;6,2;3,6;
2006-12-23;17:00;0;957,7;958,5;957,7;788,1;28,9;21,3;29,8;28,9;21,8;20,5;65;57;63;272;6,2;2,4;
2006-12-23;18:00;0;957,1;957,7;957,1;810,9;27,1;21,4;28,9;27,1;22,2;21;72;63;71;185;8,8;4,7;
2006-12-23;19:00;0;956,2;957,1;956,1;1107,5;27,1;21,3;27,2;26,6;21,9;20,8;73;69;71;187;7,6;3;
2006-12-23;20:00;0;956,3;956,3;955,9;726,9;26,6;20,8;27;26,2;21;20,2;72;68;70;177;6,7;2;
2006-12-23;21:00;0;956,7;956,7;956,3;526,5;26,3;20,8;26,7;26,2;21,4;20,6;74;70;72;168;5;1,4;
2006-12-23;22:00;0;956,8;956,8;956,5;175,8;25,2;20,6;26,3;25,2;20,9;20,2;77;71;76;170;5,2;1,7;
2006-12-23;23:00;0;957,6;957,6;956,8;-9999;24,4;20,8;25,2;24,3;21;20,6;81;76;81;172;3,8;1,8;
2006-12-24;00:00;0;957,3;957,7;957,3;-9999;23,5;20,8;24,4;23,4;21,2;20,8;87;81;85;138;3;1,5;
2006-12-24;01:00;0;957,5;957,5;957;-9999;23,2;20,3;23,5;23,1;20,9;20,2;86;83;84;144;4;1,4;
2006-12-24;02:00;0;958;958,1;957,5;-9999;23,4;20;23,7;23,1;20,5;20;85;81;82;167;2,9;1,2;
2006-12-24;03:00;0;958,1;958,1;957,8;-9999;22;20,1;23,5;22;20,5;19,9;89;80;89;236;2,7;0;
2006-12-24;04:00;0;958,1;958,3;958;-9999;22,2;20,4;22,4;22;20,6;20;90;88;89;360;0;0;
2006-12-24;05:00;0;957,8;958,1;957,7;-9999;22,3;20,4;22,3;22,1;20,6;20,4;90;89;89;16;1,9;,2;
2006-12-24;06:00;,2;958,3;958,6;957,8;-9999;22,9;20,3;23,1;22,3;20,8;20,3;89;85;85;323;8,3;3;
2006-12-24;07:00;0;957,6;958,3;957,5;-9999;21,8;18,2;23;21,8;20,4;18;85;78;80;31;5,3;0;
2006-12-24;08:00;0;957,2;957,6;957;-9999;21;18,2;22;21;18,8;17,9;85;78;84;246;,9;,4;
2006-12-24;09:00;0;957,4;957,4;956,7;17;21;18,6;21,3;20,8;18,8;18,2;88;84;86;132;2,4;,5;
2006-12-24;10:00;0;958,4;958,4;957,4;288,7;22,3;18,9;22,3;21;19,1;18,5;88;81;81;356;3,2;1,6;
2006-12-24;11:00;0;959,1;959,2;958,4;763,3;23,3;19,5;23,3;22,3;19,6;18,9;82;78;79;350;4,6;2,2;
2006-12-24;12:00;0;959;959,2;959;2109,8;25,6;20,3;25,8;23,4;20,8;19,4;81;72;72;354;5,1;2,8;
2006-12-24;13:00;0;958,9;959;958,6;2854,5;27,3;19,7;27,3;25,5;21;18,6;74;61;63;349;7,4;3;
2006-12-24;14:00;0;958,5;958,9;958,5;3445,2;28,8;19;29,1;27,3;20,1;18,1;63;54;55;357;7,5;3,5;
2006-12-24;15:00;0;957,7;958,5;957,7;3542,1;30,1;19,9;30,5;28,7;20,9;18,5;58;53;54;3;7,5;2,3;
2006-12-24;16:00;0;957;957,7;956,9;3742,7;31,4;20,4;31,5;30,1;21,2;19;57;50;52;338;5,9;2,5;
2006-12-24;17:00;0;956,3;957;956,3;3190,8;31,4;19,6;32,3;31,1;20,8;18,7;53;47;49;355;5,9;2,5;
2006-12-24;18:00;0;955,5;956,4;955,4;2921,9;32,3;19,7;32,5;31,3;21;18,7;53;46;47;342;5,8;3;
2006-12-24;19:00;0;954,7;955,5;954,7;2920,3;32,4;19,2;33;32;20,5;18,8;49;45;46;339;6,7;2,5;
2006-12-24;20:00;0;954,6;954,7;954,5;2257,9;32,2;18,1;32,7;31,9;20;17,7;48;42;43;346;6,5;2,7;
2006-12-24;21:00;0;955;955;954,5;1186,9;31,4;18,7;32,2;31,4;18,8;17,2;47;41;47;353;6,3;2,3;
2006-12-24;22:00;0;955,6;955,7;955;244,9;29,9;20,1;31,4;29,9;20,1;18,7;56;47;56;345;4,2;1,2;
2006-12-24;23:00;0;956,3;956,3;955,6;-9999;28,2;20,8;29,9;28,2;21,1;19,9;64;56;64;355;2,4;,5;
2006-12-25;00:00;0;957,3;957,3;956,3;-9999;26,8;21,2;28,2;26,8;22,2;20,6;73;64;71;153;1,6;,3;
2006-12-25;01:00;0;957,9;957,9;957,3;-9999;25,9;21,5;26,8;24,9;21,9;20,9;81;70;77;244;1,4;,1;
2006-12-25;02:00;0;957,8;958,2;957,8;-9999;25,2;21,6;26,3;25,2;22,1;21;82;73;81;276;1,2;,1;
2006-12-25;03:00;0;957,2;957,8;957,2;-9999;24,8;21,1;25,7;24,8;21,7;20,7;82;75;80;208;1,2;0;
2006-12-25;04:00;0;957,4;957,4;957,2;-9999;24,4;21,3;25,2;24,1;21,6;20,9;84;77;82;13;1,3;,4;
2006-12-25;05:00;0;956,9;957,4;956,9;-9999;24,9;21,1;24,9;24,1;21,6;21;85;80;80;185;2,8;1,6;
2006-12-25;06:00;0;956,8;956,9;956,6;-9999;24,5;20,8;24,9;24,2;21,1;20,5;81;78;80;164;3,3;1,6;
2006-12-25;07:00;0;956,9;957;956,7;-9999;24;20,8;24,5;23,3;20,8;20,6;86;80;82;113;3,1;1,3;
2006-12-25;08:00;0;957;957,2;956,9;-9999;24,1;20,5;24,5;23,8;20,9;20,5;84;79;80;77;3,9;1,2;
2006-12-25;09:00;0;957,6;957,7;957;11,9;23,7;20,7;24,2;23,7;20,7;20,5;83;80;83;343;4;1,2;
2006-12-25;10:00;0;958,3;958,3;957,5;491,6;25,3;21;25,3;23,7;21,1;20,6;83;77;77;331;3;,6;
2006-12-25;11:00;0;958,4;958,5;958,3;1286,5;27,1;21,1;27,1;25,4;21,6;20,9;78;70;70;354;5,9;2,7;
2006-12-25;12:00;0;958,4;958,6;958,4;2186,5;28,5;21;28,5;26,8;21,5;20,4;71;64;64;322;7,3;3,8;
2006-12-25;13:00;0;958,6;958,8;958,3;2837,9;29,9;21,4;29,9;28,1;21,7;20,2;65;60;60;359;6,6;2,7;
2006-12-25;14:00;0;958,2;958,6;958,1;3279;31,4;21,1;31,4;29,5;22,1;20,3;60;55;55;348;6,2;2,8;
2006-12-25;15:00;0;957,8;958,2;957,7;3393,6;32,5;20,7;32,5;30,7;22;20,2;58;50;50;313;7,9;4,4;
2006-12-25;16:00;0;957,2;957,8;957,2;2347;30,4;17,4;33,3;30,3;21,1;16,6;51;43;46;250;9,3;5,2;
2006-12-25;17:00;0;956,2;957,2;956,2;3221,5;33,9;18,1;34,3;30,4;20,9;17,3;51;37;39;286;9,3;4,4;
2006-12-25;18:00;0;955,5;956,3;955,4;3557,5;33,5;16,9;34,7;33,5;18,5;16,1;40;33;37;269;9,3;4,5;
2006-12-25;19:00;0;954,6;955,5;954,6;2897,2;33,4;17,6;34,4;33,2;18,5;14,9;41;32;39;271;9,3;4,1;
2006-12-25;20:00;0;954,1;954,6;954,1;1988,4;33,4;17,3;33,9;33,2;18,1;16,1;40;34;38;275;9,3;4,2;
2006-12-25;21:00;0;954,5;954,5;954,1;841,5;32,3;19,3;33,5;31,8;19,6;17,1;47;38;46;266;6,9;2,8;
2006-12-25;22:00;0;955,1;955,1;954,4;200,4;29,7;19,8;32,3;29,7;20;19,1;56;46;55;276;5,8;1,8;
2006-12-25;23:00;0;956,2;956,2;955;-9999;28,3;20,8;29,8;28,3;21,3;19,8;64;55;64;127;2,8;0;
2006-12-26;00:00;0;956,8;956,8;956,2;-9999;26,9;21,6;28,3;26,9;21,9;20,7;74;63;73;120;3,7;,5;
2006-12-26;01:00;0;957,4;957,4;956,8;-9999;27;21,1;27,3;26,1;21,5;21,1;75;70;70;116;4,4;2,1;
2006-12-26;02:00;0;958,1;958,1;957,4;-9999;25,9;20,9;27;25,9;21,4;20,9;75;70;74;38;5;1,8;
2006-12-26;03:00;0;957,5;958,1;957,4;-9999;25,4;19,9;25,9;25,2;20,9;19,8;75;72;72;355;3,8;,5;
2006-12-26;04:00;,2;957,2;958,1;957,1;-9999;23,5;20,3;25,8;23,5;20,8;19,8;82;72;82;308;9,2;4,8;
2006-12-26;05:00;,2;956,1;957,2;955,9;-9999;22,8;20,4;23,5;22,8;20,6;20,2;87;82;86;209;8;0;
2006-12-26;06:00;0;956,1;956,3;956;-9999;23;20,7;23,1;22,6;20,8;20,3;88;85;87;19;1,8;,5;
2006-12-26;07:00;0;957,4;957,4;956,1;-9999;23,2;20;23,7;23;20,9;20;87;82;82;231;5,2;1,7;
2006-12-26;08:00;,2;957,9;957,9;957,3;-9999;23;19,9;23,2;22,9;20,4;19,8;86;82;83;218;3,1;,6;
2006-12-26;09:00;0;957,9;958,1;957,8;2,6;22,4;20,4;23,1;22,3;20,5;19,9;89;83;89;97;2,1;,1;
2006-12-26;10:00;0;958,4;958,5;957,9;161,1;23;20,4;23;22,3;20,6;20;89;85;86;98;2,6;1,2;
2006-12-26;11:00;0;958,8;958,9;958,1;320,8;23,4;21;23,5;22,9;21,1;20,3;87;85;86;75;6,6;2,9;
2006-12-26;12:00;0;959,1;959,1;958,6;452,5;23,9;20,3;24;23,4;21,2;20,1;87;79;80;54;6,6;1,7;
2006-12-26;13:00;0;959,2;959,3;959,1;741,5;25,1;-9999;25,2;23,9;21,3;-9999;82;3;-9999;49;3,9;1,6;
2006-12-26;14:00;0;959,4;959,5;959,2;2680,2;27,5;-9999;28;25;-9999;-9999;-9999;-9999;-9999;49;4,5;2,3;
2006-12-26;15:00;0;958,8;959,4;958,8;3766,8;30;-9999;30,1;27,5;-9999;-9999;-9999;-9999;-9999;3;4,8;1,6;
2006-12-26;16:00;0;958,1;958,8;958,1;2761,5;31;20,8;31,1;29,8;-9999;-9999;-9999;-9999;55;307;5,9;2,3;
2006-12-26;17:00;0;957;958,1;957;2409,3;31,4;20,5;31,5;30,6;21,1;19,6;56;51;53;269;6,2;2,2;
2006-12-26;18:00;0;956,3;957;956,3;2207,3;31,8;21,1;31,8;30,8;21,2;19,8;55;49;53;299;5,7;3;
2006-12-26;19:00;0;955,4;956,3;955,3;2064,4;32,2;20,8;32,7;30,9;21,6;20,1;55;50;51;243;6,6;3,2;
2006-12-26;20:00;0;955,7;955,8;955,2;1039,9;27;19,2;32,2;26,9;21,1;18,8;63;50;63;211;13,5;5;
2006-12-26;21:00;0;955,8;955,9;955,4;439;26,3;19,2;27;26,3;19,5;19,1;65;62;65;213;9,5;3,1;
2006-12-26;22:00;0;956,2;956,2;955,8;150,3;25,7;19,7;26,4;25,7;19,7;19,1;70;65;69;181;7,4;2,4;
2006-12-26;23:00;0;957;957;956,2;-9999;25,1;20;25,7;25,1;20,1;19,7;74;69;73;182;4,3;1,8;
2006-12-27;00:00;0;957,9;957,9;957;-9999;24;20,3;25,2;24;20,4;19,7;80;72;79;143;3,5;,8;
2006-12-27;01:00;0;958,6;958,6;957,9;-9999;24,3;19,9;24,5;23,8;20,5;19,9;81;76;76;184;3,6;1,9;
2006-12-27;02:00;0;958,9;959;958,6;-9999;22,8;20,1;24,5;22,8;20,2;19,9;85;76;85;151;3,6;,3;
2006-12-27;03:00;0;958,6;959;958,6;-9999;22,6;20,2;23;22,4;20,5;20;87;84;86;307;1;,1;
2006-12-27;04:00;0;958,3;958,6;958,2;-9999;23,1;20,3;23,1;22,3;20,4;20;88;84;84;218;,8;0;
2006-12-27;05:00;0;957,8;958,3;957,7;-9999;22,1;20,2;23,2;22,1;20,5;20;89;84;89;17;,7;0;
2006-12-27;06:00;0;957,4;957,9;957,4;-9999;21,6;19,9;22,1;21,6;20,3;19,9;90;89;90;54;0;0;
2006-12-27;07:00;0;957,4;957,5;957,3;-9999;21,5;19,8;21,7;21,5;20;19,8;90;90;90;21;2,4;,4;
2006-12-27;08:00;0;957,6;957,6;957,3;-9999;21,5;19,7;21,6;21,5;19,9;19,6;90;89;89;305;2,4;0;
2006-12-27;09:00;0;957,9;957,9;957,5;9,1;22,3;19,9;22,3;21,5;20;19,6;90;86;86;256;0;0;
2006-12-27;10:00;0;958,7;958,7;957,9;172,3;23;20,8;23;22;20,8;19,8;89;85;88;248;0;0;
2006-12-27;11:00;0;959,4;959,4;958,7;434,3;23,7;20,6;24;23;21,1;20,2;88;81;83;85;0;0;
2006-12-27;12:00;0;959,7;959,8;959,4;1136,3;25,8;-9999;25,8;23,7;21;-9999;84;3;-9999;33;2,3;1,1;
2006-12-27;13:00;0;959,6;959,8;959,6;2141,7;27,8;-9999;27,8;25,8;-9999;-9999;-9999;-9999;-9999;41;4;1,7;
2006-12-27;14:00;0;959,5;959,7;959,5;2483,6;29,9;-9999;29,9;27,8;-9999;-9999;-9999;-9999;-9999;8;4,3;1,9;
2006-12-27;15:00;0;959,1;959,6;959,1;3069,7;31,1;18,9;31,2;29,4;-9999;-9999;-9999;-9999;48;341;6,1;1,6;
2006-12-27;16:00;0;958,5;959,1;958,5;3778,8;32,4;19,5;32,8;30,5;21;18,7;53;46;47;327;6,9;2,8;
2006-12-27;17:00;0;957,2;958,5;957,2;2588;31,6;20,5;32,7;31,3;20,6;18,9;52;46;52;293;6,9;3,3;
2006-12-27;18:00;0;956,4;957,2;956,4;2105,2;31,3;19,4;32,9;31,1;21,2;19,4;53;48;49;228;6,8;3,9;
2006-12-27;19:00;0;955,5;956,4;955,5;2792;32,7;19,3;33,5;31,3;20,5;18,6;49;42;45;232;7,7;2,9;
2006-12-27;20:00;0;955,5;955,5;955,3;1733,2;32,6;19,4;33,5;31,8;20;18,7;47;43;46;216;6,4;2,6;
2006-12-27;21:00;0;956,1;956,2;955,5;1008;31,7;18,7;32,9;31,3;19,6;18,6;48;44;46;237;6,7;2,9;
2006-12-27;22:00;0;957,2;957,2;956,1;244,8;30,4;19,5;32;30,4;19,6;18,9;52;46;52;190;4,5;2,5;
2006-12-27;23:00;0;958,3;958,3;957,2;-9999;26,8;20,1;30,4;26,8;20,1;19,3;67;52;67;29;5,4;2,1;
2006-12-28;00:00;0;959,1;959,2;958,3;-9999;25,6;19,6;26,8;25,6;20,4;19,5;69;66;69;349;5,6;2,2;
2006-12-28;01:00;0;959,8;959,8;959,1;-9999;24,3;19,6;25,6;24,3;19,8;19,5;75;69;75;343;5,8;1,7;
2006-12-28;02:00;0;960;960,2;959,8;-9999;23,5;19,8;24,3;23,5;19,8;19,6;80;75;80;333;6,2;3,4;
2006-12-28;03:00;0;960,1;960,3;960;-9999;23,2;19,6;23,6;23,2;20,1;19,6;81;79;80;351;6,2;1,5;
2006-12-28;04:00;0;960;960,1;959,9;-9999;23;19,2;23,3;22,8;19,7;19,2;81;79;79;5;4,4;1,6;
2006-12-28;05:00;0;959,7;960,2;959,7;-9999;23,1;19,5;23,2;22,7;19,5;19,3;81;79;80;359;4,7;2,3;
2006-12-28;06:00;0;960,3;960,3;959,6;-9999;22,8;19,4;23,1;22,8;19,6;19,4;82;80;81;31;4,4;1,7;
2006-12-28;07:00;0;960,2;960,4;960,1;-9999;23;-9999;23;22,7;19,5;-9999;82;3;-9999;335;7,7;3,6;
2006-12-28;08:00;0;960,3;960,3;960,1;-9999;22,7;19;23;22,7;19,1;-9999;80;3;-9999;335;7,7;2,1;
2006-12-28;09:00;0;960,6;960,6;960,2;7,6;22,1;19,1;22,7;22,1;19,1;18,9;83;79;83;329;4,3;2,2;
2006-12-28;10:00;0;961,7;961,7;960,6;237,9;22,5;19,3;22,6;22,1;19,5;-9999;84;3;-9999;58;3,9;1,2;
2006-12-28;11:00;0;961,9;961,9;961,6;594,3;23,6;-9999;23,7;22,5;19,5;-9999;83;3;-9999;112;2,5;0;
2006-12-28;12:00;0;961,8;962,1;961,8;1894,9;25,9;-9999;26,3;23,7;-9999;-9999;3;3;-9999;298;3,2;1,2;
2006-12-28;13:00;0;961,8;961,9;961,7;2821,6;28,6;-9999;28,6;25,9;-9999;-9999;-9999;-9999;-9999;271;4,6;1,6;
2006-12-28;14:00;0;961,3;961,8;961,3;2465,9;29,1;-9999;30;27,8;-9999;-9999;-9999;-9999;-9999;217;3,9;1,3;
2006-12-28;15:00;0;960,5;961,3;960,5;2638,7;29,8;-9999;30,6;28,5;-9999;-9999;-9999;-9999;-9999;217;4,5;1,4;
2006-12-28;16:00;0;959,7;960,5;959,7;3096,6;30,6;-9999;31,5;29,8;-9999;-9999;-9999;-9999;-9999;149;5,4;1,6;
2006-12-28;17:00;0;958,6;959,7;958,6;1912,4;31,2;-9999;31,6;29,9;-9999;-9999;-9999;-9999;-9999;138;5,6;2,3;
2006-12-28;18:00;0;957,5;958,6;957,5;1906,3;31;-9999;32;30,4;-9999;-9999;-9999;-9999;-9999;138;5;1,6;
2006-12-28;19:00;0;956,7;957,5;956,7;1411,3;30,9;-9999;31,1;30,4;-9999;-9999;-9999;-9999;-9999;163;5,4;2,6;
2006-12-28;20:00;0;956,4;956,8;956,4;1259,8;30,7;-9999;30,9;29,8;-9999;-9999;-9999;-9999;-9999;139;6,3;3,1;
2006-12-28;21:00;0;957;957;956,4;934,3;29,4;-9999;31;29,4;-9999;-9999;-9999;-9999;-9999;170;6,5;3;
2006-12-28;22:00;0;957,6;957,6;956,9;117,1;27,9;-9999;29,4;27,9;-9999;-9999;-9999;-9999;-9999;148;5,2;2,8;
2006-12-28;23:00;0;958,7;958,7;957,6;-9999;26,9;-9999;27,9;26,7;-9999;-9999;3;3;-9999;159;4,8;1,7;
2006-12-29;00:00;0;959,3;959,3;958,7;-9999;25,5;-9999;26,9;25,3;-9999;-9999;3;3;-9999;145;3,4;1,1;
2006-12-29;01:00;0;960;960;959,3;-9999;25,5;-9999;25,9;25,4;-9999;-9999;3;3;-9999;79;3;,4;
2006-12-29;02:00;0;960,2;960,2;960;-9999;25,4;-9999;25,6;25,2;-9999;-9999;3;3;-9999;107;1,9;,3;
2006-12-29;03:00;0;960;960,3;960;-9999;24;21,1;25,4;24;21,1;-9999;84;3;-9999;111;1,2;0;
2006-12-29;04:00;0;959,3;960;959,3;-9999;25;-9999;25;23,9;21,4;-9999;85;3;-9999;275;,2;0;
2006-12-29;05:00;0;958,8;959,3;958,7;-9999;23,7;21,2;25;23,7;21,3;-9999;86;3;-9999;92;,8;,1;
2006-12-29;06:00;0;958,7;959;958,7;-9999;24,3;20,9;24,4;23,5;21,2;20,9;86;81;81;156;6,5;1,2;
2006-12-29;07:00;0;958,6;958,7;958,5;-9999;23,7;20,9;24,4;23,7;21,1;20,8;84;81;84;142;4,2;2,3;
2006-12-29;08:00;0;959;959;958,6;-9999;23,3;20,1;23,7;23,2;21;20,1;87;82;82;133;4,7;2,2;
2006-12-29;09:00;0;959,3;959,3;958,9;8,5;22,8;20,4;23,3;22,7;20,6;20,1;87;82;86;144;3,7;1,9;
2006-12-29;10:00;0;959,9;959,9;959,3;219,8;24;-9999;24;22,8;20,7;-9999;86;3;-9999;155;3,7;1,8;
2006-12-29;11:00;0;960;960;959,7;1202,4;25,9;-9999;26;24;-9999;-9999;3;3;-9999;128;4,8;2,6;
2006-12-29;12:00;0;960,5;960,5;960;2089,9;27,1;-9999;27,6;25,6;-9999;-9999;3;3;-9999;107;5,5;2,7;
2006-12-29;13:00;0;960,6;960,6;960,4;2469,8;28,3;-9999;29,1;26,9;-9999;-9999;-9999;-9999;-9999;98;5,5;2;
2006-12-29;14:00;0;960,3;960,6;960,3;2826,6;29;-9999;30,5;28,4;-9999;-9999;-9999;-9999;-9999;126;5,2;2,4;
2006-12-29;15:00;0;960;960,3;959,9;2939,5;30,2;-9999;31,2;29;-9999;-9999;-9999;-9999;-9999;128;6,3;3,6;
2006-12-29;16:00;0;959,2;960;959,2;3081;31;-9999;31,3;29,9;-9999;-9999;-9999;-9999;-9999;113;7,1;3,7;
2006-12-29;17:00;0;958;959,2;958;3407,7;30,6;-9999;32,9;30,6;-9999;-9999;-9999;-9999;-9999;126;6,7;3,7;
2006-12-29;18:00;0;956,5;958;956,5;2961;32;-9999;32,5;30,6;-9999;-9999;-9999;-9999;-9999;154;8,2;4,2;
2006-12-29;19:00;0;955,9;956,5;955,8;2398,5;31,4;-9999;32,7;30,6;-9999;-9999;-9999;-9999;-9999;137;8,8;4,7;
2006-12-29;20:00;0;956,1;956,2;955,7;1765,5;30,9;-9999;32,3;30,7;-9999;-9999;-9999;-9999;-9999;134;9,8;4,1;
2006-12-29;21:00;0;956,2;956,3;956,1;375,3;29,7;-9999;30,9;29,7;-9999;-9999;-9999;-9999;-9999;121;7,7;2,9;
2006-12-29;22:00;0;956,7;956,7;956,1;123,3;29;-9999;29,7;29;-9999;-9999;-9999;-9999;-9999;121;5,5;2,5;
2006-12-29;23:00;0;957,4;957,4;956,7;-9999;28;-9999;29;28;-9999;-9999;-9999;-9999;-9999;132;4,7;1,9;
2006-12-30;00:00;0;958,4;958,4;957,4;-9999;27,6;-9999;28;27,5;-9999;-9999;3;3;-9999;127;3,4;0;
2006-12-30;01:00;0;959,2;959,2;958,4;-9999;26,3;-9999;27,7;26,3;-9999;-9999;3;3;-9999;359;3,6;1,5;
2006-12-30;02:00;0;959,4;959,5;959,1;-9999;24,7;-9999;26,3;24,6;-9999;-9999;3;3;-9999;172;3,6;,7;
2006-12-30;03:00;0;959;959,4;959;-9999;24,9;-9999;25,2;24,6;-9999;-9999;3;3;-9999;354;2;,1;
2006-12-30;04:00;0;958,3;959;958,3;-9999;24,3;-9999;24,9;24,3;-9999;-9999;3;3;-9999;266;1,7;0;
2006-12-30;05:00;0;958;958,3;958;-9999;24,1;-9999;25,3;24,1;-9999;-9999;3;3;-9999;112;6,7;3,7;
2006-12-30;06:00;0;957,5;958,1;957,4;-9999;23;18,2;24,1;22,9;19,9;-9999;81;3;-9999;122;8,2;4,6;
2006-12-30;07:00;,2;957;957,5;957;-9999;21,9;-9999;23,2;21,9;18,8;-9999;79;3;-9999;130;9,1;2,4;
2006-12-30;08:00;,2;958,1;958,1;957;-9999;22,2;-9999;22,5;21,8;-9999;-9999;3;3;-9999;152;4,6;1,7;
2006-12-30;09:00;1,2;958,8;958,8;958,1;-9999;21,6;-9999;22,1;21,4;-9999;-9999;3;3;-9999;284;3,7;,8;
2006-12-30;10:00;,8;959,3;959,3;958,8;58;22;-9999;22,3;21,4;-9999;-9999;3;3;-9999;217;1,3;0;
2006-12-30;11:00;0;959,5;959,5;959,3;306,7;22,6;-9999;22,7;22;-9999;-9999;3;3;-9999;158;1,8;,6;
2006-12-30;12:00;0;959,7;959,7;959,4;1147,3;24,4;-9999;24,4;22,6;-9999;-9999;3;3;-9999;97;5;2,8;
2006-12-30;13:00;,2;959,9;959,9;959,7;1469,3;25,5;-9999;25,8;24,4;-9999;-9999;3;3;-9999;73;5,2;1,9;
2006-12-30;14:00;0;959,7;960;959,7;1616,6;26,7;-9999;27,3;25,4;-9999;-9999;3;3;-9999;10;4,4;1,1;
2006-12-30;15:00;0;958,8;959,7;958,7;1815,4;25,2;-9999;28,1;25,2;-9999;-9999;-9999;-9999;-9999;332;6,9;3,7;
2006-12-30;16:00;,2;958,8;958,8;958,4;743,9;25;-9999;25,2;24,4;-9999;-9999;3;3;-9999;313;7,6;3,6;
2006-12-30;17:00;0;957,7;958,8;957,7;1516,2;26;-9999;26,2;24,6;-9999;-9999;3;3;-9999;135;5,8;2,5;
2006-12-30;18:00;0;956,8;957,7;956,8;3297,9;27,8;-9999;28,2;25,7;-9999;-9999;3;3;-9999;157;5,7;1,5;
2006-12-30;19:00;0;955,8;956,8;955,8;1031,6;26,9;-9999;27,8;26,9;-9999;-9999;-9999;-9999;-9999;130;3,9;2,2;
2006-12-30;20:00;0;955,7;955,8;955,3;378,5;25,4;-9999;27;25,4;-9999;-9999;3;3;-9999;291;10,6;3,6;
2006-12-30;21:00;2,4;956,8;956,8;955,7;65,4;21,7;-9999;25,3;21,5;-9999;-9999;3;3;-9999;326;10,7;,8;
2006-12-30;22:00;0;957;957,1;956,8;81,9;21,9;-9999;22,1;21,5;-9999;-9999;3;3;-9999;61;2,9;,6;
2006-12-30;23:00;,2;957,3;957,3;957;-9999;22,1;-9999;22,3;21,9;-9999;-9999;3;3;-9999;66;1,8;,3;
2006-12-31;00:00;0;958;958;957,3;-9999;22,4;-9999;22,4;22,1;-9999;-9999;3;3;-9999;80;1,3;0;
2006-12-31;01:00;0;958,7;958,7;957,9;-9999;22,3;-9999;22,4;22;-9999;-9999;3;3;-9999;176;2,6;1,8;
2006-12-31;02:00;0;959;959,1;958,7;-9999;22,5;-9999;22,6;22,3;-9999;-9999;3;3;-9999;143;3,1;,7;
2006-12-31;03:00;0;958,7;959,1;958,7;-9999;22,6;-9999;22,8;22,5;-9999;-9999;3;3;-9999;205;2,6;0;
2006-12-31;04:00;0;958;958,7;958;-9999;22,5;-9999;22,6;22,4;-9999;-9999;3;3;-9999;168;1,2;,2;
2006-12-31;05:00;0;957,3;958;957,3;-9999;22,6;-9999;22,6;22,4;-9999;-9999;3;3;-9999;64;2,1;,4;
2006-12-31;06:00;0;957;957,3;956,9;-9999;22,4;-9999;22,7;22,2;-9999;-9999;3;3;-9999;85;3,8;2,2;
2006-12-31;07:00;0;957,4;957,4;956,9;-9999;22,5;-9999;22,5;22,3;-9999;-9999;3;3;-9999;73;3,7;1;
2006-12-31;08:00;0;957,5;957,6;957,3;-9999;22,1;-9999;22,5;22,1;-9999;-9999;3;3;-9999;48;2,4;,5;
2006-12-31;09:00;0;957,8;957,8;957,4;9,4;22;-9999;22,1;22;-9999;-9999;3;3;-9999;37;2;0;
2006-12-31;10:00;0;958,5;958,5;957,8;288,6;22,6;-9999;22,8;21,9;-9999;-9999;3;3;-9999;16;3,1;1,5;
2006-12-31;11:00;0;959;959;958,5;550,7;23,5;-9999;23,5;22,6;-9999;-9999;3;3;-9999;355;4,7;2,1;
2006-12-31;12:00;0;959,5;959,5;959;609,4;24,8;-9999;24,8;23,5;-9999;-9999;3;3;-9999;359;5,4;2,1;
2006-12-31;13:00;0;959,5;959,5;959,4;1496,5;25,7;-9999;26;24,8;-9999;-9999;3;3;-9999;351;6,6;3,1;
2006-12-31;14:00;0;959,1;959,5;959,1;2000,7;27,1;-9999;27,2;25,5;-9999;-9999;3;3;-9999;330;7,4;3,1;
2006-12-31;15:00;0;958,4;959,1;958,4;2338,9;28,3;-9999;28,4;27,1;-9999;-9999;-9999;-9999;-9999;344;7,4;3,4;
2006-12-31;16:00;0;957,6;958,5;957,6;3116,3;29,1;-9999;29,3;28,1;-9999;-9999;-9999;-9999;-9999;331;9,4;4,7;
2006-12-31;17:00;0;956,4;957,6;956,4;3361,7;29,6;-9999;30,4;28,8;-9999;-9999;-9999;-9999;-9999;332;9,6;4,4;
2006-12-31;18:00;0;955,4;956,4;955,4;2622,3;30;-9999;31,6;29,4;-9999;-9999;-9999;-9999;-9999;323;9;4;
2006-12-31;19:00;,6;955,3;955,4;954,9;960;27,6;-9999;30;27,6;-9999;-9999;-9999;-9999;-9999;314;8,5;4;
2006-12-31;20:00;1,2;955,1;955,3;954,4;632,9;25,9;-9999;27,6;25,4;-9999;-9999;-9999;-9999;-9999;34;8,5;,9;
2006-12-31;21:00;0;955;955,4;954,7;292,5;24,9;-9999;25,9;24,9;-9999;-9999;3;3;-9999;107;4,2;0;
2006-12-31;22:00;0;956,3;956,5;955,1;61,8;23,4;-9999;25,3;23,4;-9999;-9999;3;3;-9999;163;6,9;2,9;
2006-12-31;23:00;0;957,1;957,1;956,1;-9999;23,2;-9999;23,4;22,9;-9999;-9999;3;3;-9999;59;5,4;,6;
